Time,V1,V2,V3,V4,V5,V6,V7,V8,V9,V10,V11,V12,V13,V14,V15,V16,V17,V18,V19,V20,V21,V22,V23,V24,V25,V26,V27,V28,Amount,Class
70809.0,-0.805983044377445,0.499559339537458,1.42442875275574,-0.366236693244711,0.669359967335457,-1.06602616002815,0.428336667489609,0.0800533166015971,-0.62777587277273,-0.700192865467918,1.26417316066592,0.393945862303406,-0.504394927676383,-0.0953138707245451,-0.210993184021532,0.833339319624764,-0.47733079523408,0.376510727828218,-0.439677272670111,-0.0205646324692243,-0.093634872578493,-0.534769976631993,0.0655914061327166,0.26148616894993,-0.480822476166231,-0.122151247228025,0.0603772490047058,0.147586568236361,0.99,0
49990.0,1.19285921507168,-0.722533747331529,0.208738341341354,-0.310102010642297,-1.09178489564001,-0.893032048866916,-0.231335452942119,-0.183205647328031,-0.773068686241371,0.561173836275369,-0.122867017177453,-0.0277354971659814,-0.435878757983648,0.192530731135577,0.230630609260386,-2.21395330546408,0.816419799913171,0.0449124673528253,-1.04107459769049,-0.442299190166781,-0.350870837726724,-0.548785822168109,0.0358321930334125,0.643550971302267,0.248009032446387,1.08317743021872,-0.0675832605033345,0.0107435437225519,74.99,0
155028.0,0.0895729314290563,1.02408461430353,-0.085708674630295,-0.661017689462491,1.21773032654956,-0.603414912437198,1.46552873664523,-0.66272202837667,0.309259690330229,0.40547561258127,-0.640003311301391,0.252170684926751,0.995776329940549,-0.28048824279658,0.520911998815706,-0.672158784927498,-0.761663937110993,-0.046388558850048,-0.0025895555006118,0.338369793241043,0.23870173397543,1.39838581753474,-0.190710168858908,0.666078905339473,-0.737936462534134,-0.298966982021946,0.295035257260342,-0.0572883771958193,2.99,0
79343.0,-2.50708573216461,0.602713897005167,-0.316884807177136,3.13585328052552,-1.84774327432521,1.57954577737759,2.66017332183896,-0.0407769018983115,-1.76859342818699,0.295037221922894,-1.29244769230119,0.291789704639138,1.99788631837324,0.104159610068545,0.406176495620916,0.0342712144381179,0.112315296121187,-0.103188572462195,1.40444240088117,-0.289160054352689,-0.25743375957192,0.0244458888531298,-0.874690030736534,-0.277357281690938,0.565518196021488,0.405726830030115,0.346971799567499,-0.817137548030902,638.6,0
67949.0,-2.34357603924127,0.448861713805154,1.87706682434833,-1.87890861046567,-1.23302215391336,2.53994493213469,-1.86321194772954,1.89842587365741,0.715804591112664,0.521550114863164,0.451416008787943,-0.517921719149881,-2.59462894159897,-0.614391671665017,-1.26194491534962,-0.0753121483052422,1.84992927899731,-2.32854432803428,-0.750083291086986,0.120787950279026,0.22079875643684,1.07235420326701,-0.186627370674095,-1.36970488497014,0.332786420769134,0.0051024391171241,0.164832120668045,-0.07172994766547,4.5,0
39196.0,-0.299287147665343,0.937746259944664,0.795234903206234,-0.313433385204416,0.515515188389475,-0.0331635274075256,0.465831134399681,0.242136236755708,-0.326465458428205,-0.291027410988744,0.164173199490301,-0.644406949393156,-1.39687935415058,0.0222306118336847,0.457888454948448,0.995633856536909,-0.573210079495763,0.937256669799155,0.650119323999692,0.0530585650966744,-0.308957996595915,-0.925439129629951,-0.157316186536381,-0.933567599034859,-0.091093887544754,0.132385309484717,0.230400154775982,0.0725964155521529,0.99,0
135436.0,1.99768126048247,-1.59407513860675,-1.41473844580757,-1.85533065414562,0.866338304423511,3.97194390766452,-1.96767855108151,1.09423141841686,0.263073838351999,0.681787239420982,-0.0321881531760678,-0.374954228647296,0.261775946602342,-0.524398871341637,0.913865625209994,1.45353338699741,-0.115393373456484,-1.09355925736015,0.186301639580404,0.186703096944915,0.296217500180229,0.673007755211808,0.248107548042318,0.71950952715185,-0.43171640882573,-0.217429299975657,0.0487590849225352,-0.0299801780952679,71.82,0
54555.0,1.13421581232988,-0.0759514657184676,1.02336999794596,0.587736332231373,-0.906801809063471,-0.617218714851691,-0.341184215394537,-0.106470731944491,0.317966647640293,-0.15691210747589,-0.137968308766269,0.814122090067353,1.35906276831261,-0.245895133460387,1.28082876859133,0.609441806262756,-0.636701470779233,-0.130850745244217,-0.395689581455931,0.0880441107069857,0.0368151088155622,0.0775958058850827,0.0087882160266492,0.455911430499461,0.173862586228124,0.382615975517477,-0.007657447562708,0.0369310443375537,51.31,0
125235.0,-0.119496395960199,0.837601460849735,-0.462116665657288,-0.281864945544254,0.558755533236495,-1.15019928470244,1.04058437395576,-0.247864215086275,0.384813767697436,-0.0352996809798365,1.03484733259117,-0.690769228739728,-2.16779260258378,-0.515698340863938,0.255170947094517,0.195503636259767,0.218159172997068,1.36522294707536,0.0424979030233245,0.121328252679716,0.214290594964977,0.977535302834617,-0.159902810182129,-0.0456823937719096,-0.398374340158532,-0.180590733533219,0.318031708406311,0.0317741122587705,37.95,0
136304.0,0.0005231426476038,1.062068819668,-0.22583381207258,-0.594526117510734,0.93089418681341,-0.785104620908079,1.22346967422511,-0.427530914221071,0.282163722756852,0.226070125006345,-0.849792464745051,-0.0865752636387839,0.193649520240628,0.0900107285979431,0.527046980283812,-0.515683367516844,-0.638717582023215,0.144420423619416,0.0410288380891067,0.21823572772576,0.280363024002172,1.29617030692192,-0.139226741743624,0.773525193345705,-0.734822820994688,-0.277862979241006,0.449639485282426,0.165540373489942,1.79,0
75859.0,1.31331985497584,0.220208819463237,-0.019195165225898,0.178206264172744,0.310605505692211,0.128800107039871,-0.0159479063046419,-0.0165879855125548,-0.241707923039694,0.0817327200291623,0.402427347421825,1.0315468064069,1.26234351524969,0.196413795023005,0.343715438753949,0.858428562186082,-1.21327432756451,0.299170793105987,0.677506778680701,0.0131059189088905,-0.285873921058968,-0.817365806085899,-0.053695439458086,-1.01399536297955,0.39554885769019,0.158753089084398,-0.0295025591012756,-0.0032065539744779,1.98,0
4657.0,0.517635540294575,-2.09753426374839,0.402506650229816,-0.109042635916342,-1.3041163184589,0.915655372661296,-0.62925023254885,0.0130777613676949,0.976986778861849,-0.0143117395104185,0.74698138166888,-1.36742358503582,3.15860470957976,0.741166605740001,-1.91261389449387,-1.07086982705737,0.39059151041628,1.81622347084639,0.0148454590650816,0.472286097835404,-0.49435943302099,-1.41990634124881,-0.379042500876223,-0.820997321628083,0.0075163011963644,0.878785845103531,-0.112961400786415,0.0696130557600986,444.41,0
88071.0,-1.87215644847646,1.45017714475545,-1.93310072454637,-2.65326909442673,0.536226772219298,-1.3787022609519,1.39278417093387,-0.827886131206896,0.848945117832007,-0.139765235589934,-1.23228460399048,0.146228130566157,-0.503988111981893,0.440479982640915,-1.13410658226586,-0.375321102777528,-0.428110238122855,-0.707457729199545,-0.808550982299308,-0.36740942901812,0.711686418130581,0.49793581865641,0.215426417544467,0.802300854784285,-0.050182384347684,0.494233585140677,0.297260151769062,-0.230735342505494,80.0,0
34964.0,1.26722881723137,-0.325576308606983,0.274320974596967,0.334881244706241,-0.49157247342658,0.140763715741908,-0.511763533819368,0.132804907772442,-1.19447177876659,1.01829780704245,0.850583424110178,0.13994465134285,-0.461635842335127,0.530351269797917,0.443233477020013,-1.31930126572969,-0.265467588153999,1.52092212158703,-1.17839795742356,-0.590237144836833,-0.238195449683751,-0.219757369568789,-0.0479075874339759,-0.355331253674824,0.476286085917539,-0.245071828005884,0.0501577820763145,0.0096551615207181,12.0,0
122391.0,2.20472359275124,-0.884525368460413,-1.59787882983598,-1.01787737508611,-0.397675741304816,-0.831597519623851,-0.470230589283833,-0.237347129091754,-0.297397490912295,0.894895503636292,-1.13696430785819,-1.43033900672216,-0.96232874174191,0.22104764990644,0.56735776495351,1.09705878377837,0.0669118103826726,-0.965554881654487,0.528488186363587,-0.0217968691597647,0.421838214612296,1.0881810361035,-0.0225204568486312,0.501480670667547,0.198088267372925,0.0598470720712967,-0.0538814388801379,-0.0588610687023026,38.85,0
33891.0,-1.07543873381346,1.21536022231578,0.640609272988604,0.985766693807709,0.316817479817465,0.744463168582573,0.822952712570664,0.0966479372404496,0.263254086121673,0.601693737374305,-1.49003945373851,-0.299239760289865,-0.185898311723574,-0.193018908509391,0.384605231831541,-0.922088553656856,0.233587491269315,-0.370317958332575,1.06008452250946,0.247570966471327,-0.205679471929946,0.0288509631450164,-0.244841184010745,-0.911620998638991,0.13879835039306,-0.156542082010977,0.585489952025855,0.30640544516883,84.77,0
135123.0,-1.22371084243769,-0.644380997559815,1.27125003436,-3.36591215032987,0.158905751489183,1.26150890939498,-0.562256052662243,0.576548402266558,-1.97301945117855,0.945552173946127,0.538329308130386,-0.587211399699376,0.0407531045618607,-0.50546587650083,-0.486895232213876,-0.773062512544134,0.575694480866604,-0.533795702898532,-1.35745254198127,-0.14609226792367,-0.136625125918875,0.214640264173929,-0.313107519999522,-1.66467677479657,0.558803529509167,5.16345648564343e-05,0.424196460310316,0.194473775609209,42.0,0
127215.0,-1.0393736625625,-0.106670065506646,0.377245209016611,-1.6081178265963,-0.12068101988497,0.0355347397567336,-0.210546501418114,0.64217991706948,-1.30514600870248,0.11888573414055,-0.191563720607286,-0.0103532036582079,-0.306260035654728,0.401594312879894,-0.8457902138685,-0.908070873213324,-0.432600055600843,1.91453069800174,-0.5621965963025,-0.233561113905338,-0.212916021535123,-0.424400743095725,0.0633563588761649,0.325863002428585,-0.275479974781485,0.517176759056776,0.195253728876262,0.0775385930020018,66.0,0
125616.0,-0.124913809470372,0.0611427037243208,0.499144319778224,1.10805393383721,-1.20576110198776,1.37193158746489,1.17419958694988,-0.322734445940386,-0.0348419774518846,0.64727566871993,1.0918341094541,0.285405339890049,0.315540458890573,-0.0775909119074131,1.45833976915049,-0.396961731178008,-0.1445475849589,1.03382199100174,2.40591311467072,0.053617468517751,0.287713157369515,1.41107021186913,0.0895188117518589,0.806969955108034,-1.6206445120059,0.530893756771122,0.116927491570668,-0.0309054834514276,330.0,0
43214.0,0.380019044407806,-1.13106755914869,1.42069896953844,-0.831055665677069,-0.495525681875248,-0.0076628009281712,-2.78251985369759,-0.603418787355827,-2.20361986801836,1.95390543299175,1.27660075041772,-0.0234143632135745,0.94369982175032,-0.0951209094676451,1.23640497469577,-0.819788558777432,0.965978079278113,0.552909349718091,1.07512086368691,-0.163687450626421,0.835325402840363,-0.0225917810891758,-2.03954234291861,-0.194912511599562,-0.0614729344989385,0.167276889914153,0.342541781374071,0.293039655549227,79.0,0
87996.0,-0.435548306195964,0.257723685383205,1.17900708456111,-0.77618831088579,0.338815678375784,0.105833397660971,0.209754713286248,0.0715963245884256,0.891172528494027,-0.16266610563185,0.432995434114036,0.334760158789534,-0.768297879037626,-0.236279925968273,-0.589300541881981,0.18834124515939,-0.97021249350187,0.977484623838162,-0.171661129340525,-0.0096971444866373,0.332535784119524,1.32253307494922,-0.162607585598923,0.78035789186529,-0.725801222224758,-0.372746859665914,0.211146688084591,0.0682393641748993,15.15,0
81371.0,-1.27818234175365,-0.934523892745832,2.46650219815458,0.304035930582207,-1.50301002343246,2.06910070772553,-0.829886741166219,0.524110941133061,0.0427293530242712,0.520564626360316,0.507497317217067,0.924356033561744,0.0271648279162129,-1.20788055563629,-1.46783563899728,-2.79046175563464,1.28919486967014,0.788567154564062,0.422690679522216,-0.816555175931638,-0.335785806364614,0.357331295077596,0.130330921204586,-0.211153046020271,-0.697135442488924,0.691128068807507,0.0383485105451382,0.12543732659311,150.9,0
154216.0,2.01744944521576,0.195275309957314,-1.60170674575857,1.3984470561103,0.39839850757756,-1.1537071941694,0.635073074152747,-0.407027359173327,0.238820001989192,0.262759724690622,-1.01465768320205,0.192105903244984,-0.511170597711047,0.584670240651811,-0.490642907787358,-0.727002763662216,-0.112224447966008,-0.628888549780385,-0.223805719120445,-0.306142670256955,0.0505434726717727,0.350885886075588,-0.0038726604385567,-0.0141901387326275,0.447540987326575,-0.489247001781607,-0.0173629734943103,-0.0615617330976278,14.31,0
59849.0,-2.00337394680443,1.54215101121713,1.54004385409974,1.11177885290536,-1.41739577501966,-0.205322458003331,-0.987388393903276,1.34296211209789,-0.504634002527408,-0.99949861525486,-1.07905736647449,0.737532228124001,0.751344385197392,0.4906675788676,0.71085125204477,0.21952671827086,0.365035274932139,0.3737910685136,0.516646264837767,-0.25699875088783,0.22024254962311,0.257569105755189,-0.141200290861893,0.401098784129104,0.275822348968277,-0.289411700782962,-0.503656173142547,-0.144917660628107,1.18,0
162309.0,-1.60360093456558,2.26305095916603,-0.446851762580065,-0.0577926328032298,0.210181229614632,-1.09782940416853,0.970386332853192,0.0934440970980738,-0.0561736721862601,0.87737999008665,-0.930119522754042,0.353517566582887,0.426936336298202,0.268074263208155,-0.205130616524554,-1.0665533801703,0.37384539831867,-0.616616806386029,1.04738037293104,0.568338550172493,-0.0621946350331782,0.209180011869113,-0.282945076135048,0.108259758783737,0.530865309963381,0.589989053259864,0.464634632758385,0.350997776643669,3.0,0
78196.0,-0.415372993147316,0.927259261308695,1.56148193568973,0.845761379080198,0.347519010200841,-0.255936980886794,0.62884169359924,-0.0084581447164724,-0.721017820419579,-0.328722101588042,-0.162437929790106,0.307305445549313,0.656209400635628,0.196279183624264,1.32913137900519,-0.526502052762788,0.0218762187481027,-0.423235293699389,0.0844443062125919,0.0660362852591232,0.110976670737758,0.36293646884453,-0.0698325046953932,0.0763034627771726,-0.287596602938315,-0.38880223443529,0.175029913991708,0.151623013177851,14.99,0
159735.0,-1.03051003673256,1.15423602628326,-0.268864127783274,0.696678332332391,1.36673921623822,-0.288786067051895,1.38603091512791,-0.548325756713616,-0.187892465798508,1.10181221343893,0.223078989956677,-0.0140327426756912,-0.910373476218203,0.336667730311815,-0.798871051924119,-0.967849076185615,-0.358794462325724,0.278152922644637,1.30627351524822,-0.261225893225095,0.0793604187708239,0.702742106731294,-0.158641601970663,-0.548309962481319,0.0105805095008132,-0.445277409711191,-0.431425180190249,-0.0464340141863595,4.73,0
80616.0,1.19588967776536,0.215213455404534,0.623352464547772,0.646957831100087,-0.45002480545532,-0.709563289532657,-0.0085130989106333,-0.0890153515428457,0.0155348413126949,-0.110570130018962,0.301484180688106,0.574546253916651,0.261032439444954,0.282426472817955,1.25723757836377,-0.0861274306491527,-0.0272360493125989,-1.1008619055417,-0.600278551966612,-0.135963496200672,-0.208620682213856,-0.567496189159682,0.206890807618694,0.395554408383938,0.102150396017284,0.10406016533734,-0.0118235658414749,0.0188126497031232,0.89,0
168454.0,1.76743116658515,-0.408195985580459,-1.75311360805221,0.583151441297746,-0.170435059225984,-1.25392657708788,0.24866478541891,-0.276683867762504,1.13495196180637,-0.874194149314262,-0.672779112052709,-0.122065707100899,-0.899179324304666,-1.26240022703208,-0.0246784299316943,0.0489961185803203,1.10845289646323,0.153995711057956,0.109563661288162,0.0358416237426195,-0.178778022554854,-0.587007760775351,0.0711559491164494,-0.154362316119296,-0.131608222706207,-0.0984149455004453,-0.0369984970393571,-0.0003408713220199,142.9,0
149554.0,1.76537389010908,-0.786933562846296,-0.299816311686982,0.351267699993674,0.0262836893439041,2.53102467913888,-1.64167218477142,0.889557698545065,1.73862960695544,-0.678534889316401,0.772101701848285,1.47665102694549,0.851607299169325,-2.09502805537149,-0.289196449766309,0.148594931320149,0.911493262408473,-0.0591160168992656,-0.798094941851788,-0.114263768252878,0.168012450957417,0.949179351336895,0.182926528778152,-0.954851635566225,-0.553539140469773,0.65472715960871,0.0916631719008545,-0.0241126415060906,24.0,0
72848.0,-0.837652957996861,0.649487449769164,1.11088989529455,-0.0268015271898982,0.487561713251269,-0.651707703471902,0.471666473429833,0.0739871381746912,-0.509803205171282,-0.204833104950126,1.17996102283316,0.426654702452303,-0.0368280818287796,-0.266187629194585,0.269476061579462,0.685815571697589,-0.370096203560328,0.488467933799573,0.360906937089499,0.0602868888895963,-0.243924474173276,-0.619299750846114,0.286844652382033,-0.0594964894261295,-0.0754398937905036,0.0772119506126952,0.151588946815562,0.0515494044815274,3.59,0
152458.0,0.0365613768896953,0.475474613485441,-1.80117135806862,-1.03505466191144,2.78994791329223,-1.3294107964485,2.10528225820518,-1.20727306614827,0.228889877549842,1.04920155493347,-1.37162312460601,-0.231245909403132,0.578868482441816,-0.198400046568076,-0.824584995994812,-0.867544621945802,-0.977680515175685,-0.520289152431544,0.0367314352900024,0.203980867898533,0.209617308205645,1.54332681548951,-0.213902065854264,0.170515282385088,-1.09799893815181,0.588904146165699,-0.0273483528172742,-0.150816142824831,2.0,0
75754.0,-0.945490328942313,0.683041063600324,1.86203400555268,-0.550037333773658,0.405869747801008,-0.973198396962577,1.40693921923539,-0.381647241404247,-0.598759814672797,-1.01828046965295,-0.107365472675014,0.175769998108003,0.737901735598003,-0.781434170138795,0.320770932000678,0.629957502699304,-0.468098204149281,-0.31012969694284,-0.983326859905073,0.250161477948817,-0.215909771038016,-0.74356507388779,-0.0102580159445307,0.339670336881453,0.298960442525259,-0.0665602913657273,-0.210499935251074,-0.141903564350539,89.99,0
55688.0,1.26601818018148,-0.107163416054366,0.478804195824921,-0.253008103718741,-0.605138506841818,-0.521583418679538,-0.346553373756916,0.0252508299379419,0.217488162176416,-0.0312319749644579,1.11221726223607,0.595381959319794,-0.289254549476313,0.384285098554567,0.618077301010741,0.716333392228902,-0.71152955872627,0.231200437193949,0.444689880491869,-0.0716292594397157,-0.109245309626522,-0.352358390532713,0.0502463078628343,0.0550998185036063,0.118568114310223,0.908724689252968,-0.0772758457294655,-0.0051416974881746,0.75,0
31167.0,0.0199499843160436,0.740714976371527,-0.0968440594375545,0.756867678459248,2.91352179949484,3.77179182420641,0.399890583526765,0.707786200294062,-1.14508601118827,0.639364691722379,-0.421278971335824,-0.616339003061877,-0.0757334678658731,0.127544417724501,0.425808034806282,0.852211937573189,-1.27291569080902,0.296744074349983,-0.562876451519449,0.117230649518375,-0.0141549505939282,-0.12197236429401,0.0067138694381087,0.969408345213762,-0.438506108224825,-0.211111966634632,-0.0747988254299059,-0.126718892900668,26.54,0
108639.0,-1.42576225564253,2.0615542805274,1.91080465535754,4.68307425929251,-0.226741981695593,1.15250151108436,0.0458387586164451,-0.378911553463672,-0.697144281813978,0.840437465818325,-0.213028389048281,-2.2940606291031,2.984085395453,1.38617975278041,-0.591874752523858,-0.101698403938897,1.21293543509681,-0.0969820678807703,1.38635147917144,-0.0566386488141966,0.170031270396277,-1.42082349605732,0.3268801717184,-0.134146301405614,0.0518515963259498,0.0521259275106366,0.228997988414557,0.0292152879114075,79.65,0
170703.0,-0.494653970741952,0.853597119314994,1.28408758079251,-0.510630407072068,0.231475241175924,0.166930698830159,0.503668631986392,-0.0215808180129809,0.271260174334033,-0.683776389243939,-0.866209268145142,0.592755159231206,1.13463365511889,-0.391507014160942,0.523273156136094,-0.0983272622820565,-0.524334374986621,-0.127532711220012,0.323651632480838,-0.0283228341723316,-0.061761327001666,-0.144379692728291,0.0045941157896588,0.595353950513574,-0.571723909839992,-0.63273925884244,-0.0602891441397645,0.185897745483455,24.98,0
37496.0,-1.04257124793932,0.327550840562288,0.632053349481828,-0.783695858683414,1.47514595969239,-0.593932525147125,0.862576902757271,0.0389991014531791,-0.801298160664566,-0.347361148794335,0.241556450775817,0.493750215143221,0.332954166047467,0.414946368959368,-0.514223911081235,0.680794036139015,-1.18744350641939,0.0903869191493851,0.269563265929918,0.347836663746085,-0.272280389018687,-1.05776486560707,0.0728440603542185,-0.853255296058228,-0.0324130785689174,0.0255876395376526,0.229530751601007,0.17283103191162,54.9,0
24480.0,1.4896076610417,-0.836670935912203,-0.386910513991361,-1.40875610151023,-0.577303413464708,-0.481466069002984,-0.546464875316287,-0.358477224440466,-1.23204332134691,1.25339969761685,1.56653741381279,-2.63778411244662,2.80361187875776,1.41778639021066,-1.17683332283278,-0.396167218663479,0.807523317600987,0.705778894599965,0.252479886778998,-0.209064239618473,-0.289041662029566,-0.283105251585743,-0.234133948983643,-0.537702158902337,0.745745284556715,-0.0950926106119453,-0.0386725253918211,-0.0088237952510062,60.0,0
36556.0,1.2879438381484,0.807169537921616,-0.208933789928739,2.27978308755773,0.704598872553257,-0.342406856613534,0.622447116342469,-0.29108494089352,-1.15890507876959,0.70684286920169,-1.10044346697786,0.170570992612352,1.17627692326742,0.257304601817887,0.149879120315118,0.5231573451281,-0.842271637914159,-0.359064137437903,-0.578536944143663,-0.0695122671602044,-0.0575324333285896,-0.129683933524866,-0.221658242772222,-0.427543327832704,0.877593768146082,0.11716881234565,-0.0339119454587275,0.0039120095541303,3.62,0
116760.0,-1.699935716317,-0.807633655043965,0.221002745894462,-4.08215385885496,0.658979238756147,1.18559093284574,0.255364680001431,0.714181418440467,1.68131452620113,-2.40698281738235,0.665244735763191,0.80362319932152,-0.83109365488709,0.385092992645795,1.05668085763769,-0.514179819542601,-0.48393216589893,0.0546043176899887,-1.03484151107316,-0.269930115148521,0.383963861336137,1.13002871090333,-0.375653012690781,-0.928177478267077,0.180460234070328,-0.875474625842485,-0.150296872050006,-0.285123919628723,147.95,0
169077.0,1.8481638602535,-0.677339124434114,-0.588953461447895,0.115014326020658,0.0547073828471805,1.49171668533961,-1.00256541542978,0.588073968915635,1.3618728945427,-0.10619362959264,0.645104553686541,0.798373988519952,-0.685352282165885,0.197856718476362,0.668869038430306,-0.382088250594451,-0.10734777002433,-0.351049390505788,-0.768409324526707,-0.334393145531925,0.276036231498793,1.08959476923912,0.121924820063271,-1.62728214979484,-0.283552192960745,-0.0985249268226103,0.0818178837076685,-0.0652242489561025,9.99,0
150143.0,-2.31714223465349,2.94055052459604,-1.06818589831554,0.772015297108952,0.30374219089716,0.0617518862442975,-0.653116689475231,-4.57960784114854,-0.167556040687564,0.628302533200133,-1.29725665654346,0.484915592253951,-0.212385542922956,0.840205166710052,-0.440743696372777,-1.07640516700808,0.699888392809015,-0.264859856507105,0.655137406634804,-0.93939623557273,4.71564699862509,-0.945062958299417,0.390120374019645,-0.150459611660032,0.202761307868467,-0.339964007092894,0.515277912056676,0.255247132642407,1.0,0
84476.0,1.34438772930507,-0.487985628776765,0.294979298443035,-1.04020263822167,-0.653543173083838,-0.0574675979282238,-0.698000267106678,0.136413561089141,2.13055748090868,-1.03642661998234,-1.93049623831579,-0.469749332659785,-1.20414926585991,0.0475260300583865,1.52901967514736,0.0317724677391014,-0.573248628019364,0.817168779552044,1.09307508876551,-0.170618257296068,-0.120567296743098,-0.158813639162747,-0.19180157291248,-1.03141208534119,0.63935444258034,-0.595052478445428,0.0826074491355273,0.0180751344276688,1.0,0
49064.0,-1.70171920690847,0.626188176546682,0.927603381856816,0.734665702942359,0.682885311328136,-0.449059364013627,0.634612045340949,-0.531473458519161,0.033276575550246,1.17285583470941,0.92340652455119,-0.0799162355172627,-0.810478362150535,0.143857414338853,0.602715915802998,-0.105038621912917,-0.704699856644602,0.69136654671029,0.966729372145595,-0.576877951213138,0.0855315649602884,0.550965666885135,-0.0679846892742911,0.0099495704882723,-0.311097431027496,-0.436044283426174,-1.01442125204453,0.135883654891606,6.79,0
1827.0,-0.920907995222189,1.26696589614865,1.21219664505588,0.678751328308615,0.203283121707771,-0.0977710974778824,0.685673794597135,0.0368498067566273,0.167463044545364,0.173117917240058,-0.61068766426072,0.316337560875629,-0.0557922704425035,-0.257224344445165,-0.279190625245946,-0.868610342602438,0.242121204271452,-0.873488812264237,-0.279244559797817,0.0737584429235953,-0.0846453340862577,0.0818377228963374,-0.160694589310006,0.0843059115289708,0.32928476306582,-0.354602233662508,0.155744221955049,0.141458313586914,9.99,0
67507.0,1.18568944858003,-0.246161858206109,0.560471393236891,-0.208142052481903,-0.684648893804445,-0.269021434804451,-0.479966675539392,0.200293417405812,0.353120024843113,-0.047395771328881,1.4430233626564,0.219298943970843,-1.43723502786535,0.647331649086816,0.963773273544668,0.379356578638665,-0.252596422831222,-0.191987897731346,-0.0318774305374594,-0.169275903278799,-0.0682302811702907,-0.268187187315964,0.126284980082188,0.0280625628021248,-0.0369480062484059,0.921678446956294,-0.0685714537412086,-0.0064846448217179,7.59,0
123226.0,1.88201612207473,-0.327511630353593,-1.7877357797489,0.347670847528909,0.0042862477473342,-0.751214857701464,-0.0684821771966098,0.0102551073412136,1.1060306039236,-0.637866161995962,0.605659550821195,-0.224568634577258,-2.30824854503311,-0.824198942745228,-0.519399922805593,0.318037184096384,0.892098454672088,0.797851270108416,0.461512086112707,-0.194021095878551,-0.200906267780325,-0.570341216775538,0.116461404758366,-0.566631860807325,-0.158714936315502,-0.081457729351354,-0.0323112829239199,-0.0300821766083268,66.0,0
164919.0,0.358161650034657,1.18648574442926,0.96024618671061,4.23736013744374,0.92600041618563,1.74366617843614,0.0332318352838318,0.409947053311882,-1.69155938498615,1.65301115695127,-0.156145251221271,0.12706777348551,0.376456862011654,0.0957256481314221,-0.626387262083706,0.164538783665617,-0.246012806116574,0.354137988661141,1.8553678482545,0.156295256111401,-0.213243459044922,-0.504906904609636,0.370718515218599,-0.035588123819559,-1.91943754967623,-0.280830278351403,0.352749106334496,0.303762103324014,0.0,0
136189.0,0.0993879314164049,0.698858598051824,-1.67989387552059,-1.54380297110196,3.14882693882257,3.19639524961673,0.343403067019593,0.922141621100978,-0.159086110251426,-0.800663133727826,0.137108981023701,-0.154994027928787,-0.428123859605805,-0.751161584637496,0.156303376164749,0.21473941527941,0.352578409629766,-0.374891830296005,-0.399054163183641,0.0534751730724701,-0.332900415983065,-0.907795020200565,0.116553022949282,0.592801738856633,-0.422602266994524,0.164164015784276,0.244477081657921,0.0716437400219909,2.28,0
61187.0,-1.94647658935975,-1.71936896690231,2.48187454784628,1.12275040478392,-0.983558220650028,0.0782853200848937,0.0442780625144683,0.323694547547396,1.12793916127545,-0.944464010032201,-1.12813399082991,1.10641600067671,0.780608169946509,-1.34679802499447,-1.86566477058828,-0.714659269371455,0.464020739473446,-0.268361510493514,0.33680536621265,1.15696737912946,0.2992609009965,0.56874119080552,0.89104698890983,0.768288440861022,-0.136939679269062,0.375929398959185,0.277068577634568,0.270581019644556,345.63,0
124168.0,0.565326022044999,-3.25171748091419,-3.93024922127025,-0.30902130907221,0.60128071199422,1.07769550083139,1.28622939329845,-0.216778315961986,-1.36659115274778,0.696932877466022,0.121661812543073,0.0985945927216721,-0.185486623971298,1.17180177260097,-0.0213949295337549,-2.5148773196593,0.398054743937186,0.305793208363863,-1.28582140112453,0.971781957055493,0.445144249225284,0.107825877935147,-0.903062901427715,-2.2902925236506,0.100598342544368,1.09414852505412,-0.23364535752669,0.0165496394424096,839.2,0
58141.0,-0.357703862272917,1.09959206034804,1.12536539718096,-0.0755065599654059,0.427508717964132,-0.305304990103175,0.640145160048193,0.0706453374338726,-0.422658168166462,-0.562762763919407,-0.256017206766081,0.0618882197789986,0.487463813891957,-0.487611147700508,1.13616900968849,0.179059725190047,0.137708855439951,-0.511100467835112,-0.315683912119169,0.111149768196653,-0.256911994566664,-0.614291403781326,-0.0376661847265815,-0.328318762312352,-0.175065382316099,0.122845019253517,0.264361540905825,0.0918557244384295,1.29,0
65217.0,-0.824852047596853,-0.102756329394007,1.6971389315599,-1.28887634391167,-0.210253076990962,-1.39667352766771,0.215668514438427,-0.263521845061984,-1.18243197225756,-0.0303984224803167,-0.164822313666298,0.227572571774073,1.09986463584956,-0.799241650729559,-1.35907391880882,0.375394112356522,0.591386650226633,-1.97991386545086,0.258162852904671,0.0750756544367572,0.218981428944346,0.692956930726317,-0.0177862195911515,0.994544238659228,0.119989067231454,-0.368731350816812,-0.0311366214566746,0.166743143241107,2.48,0
146022.0,0.908636658181293,2.84902401493181,-5.64734296336341,6.00941477810058,0.216656395035464,-2.39701442397293,-1.81930788593969,0.338526987742346,-2.81988277297887,-4.06309810827338,2.94119009271712,-6.15136219091534,-1.98952853525001,-9.15095100562097,-0.604289998808266,-1.95229039984463,-2.89255533222526,-0.912057960709434,-1.56373996709776,0.241921294746754,0.407260461266497,-0.397434852530952,-0.0800058534116311,-0.168596545191964,0.465058497798457,0.210509756241616,0.648704799002062,0.360224330288316,1.18,1
131941.0,1.42712572344525,-0.919876245694606,-3.16550679495057,1.37884807332352,0.867670052521087,-0.880073653036894,1.48288791305275,-0.569837724645099,-0.0183982084673597,0.259635606128809,-2.04775572730948,-1.0291941338438,-1.60818408921763,1.25659168179936,0.0012244651470051,-0.491730563436303,-0.437132150241586,0.055289766991239,-0.0776537374715865,0.395289671609163,0.453192065902838,0.580948064820957,-0.664472759536459,-1.03631019139463,0.811281880161368,-0.162522151645971,-0.134535086432779,-0.0268347389023334,385.0,0
149281.0,1.48322467011418,-0.292788394485465,-0.574647719742422,4.05694380194972,0.202241358749653,0.8789542318657,0.156195031341023,0.139909849670434,-0.545856069292693,1.27495650899414,-0.319539250079173,0.900680600715283,-0.0341073682293075,-0.155289466504379,-3.22579907541804,0.36610743905568,-0.480557130071102,-0.574418945284811,-0.525379029160605,0.0875097010843565,-0.21813580677149,-0.798991626305371,0.0785918438260427,-0.501435054786351,-0.188397201083713,-0.271061943654659,-0.0449893258529407,-0.0249794617312215,197.16,0
6986.0,-4.39797444171999,1.35836702839758,-2.5928442182573,2.67978696694832,-1.12813094208956,-1.70653638774951,-3.49619729302467,-0.248777743025673,-0.24776789948008,-4.80163740602813,4.89584422347523,-10.9128193194019,0.184371685834387,-6.77109672468083,-0.0073261825777121,-7.35808322132346,-12.5984185405511,-5.13154862842983,0.308333945758691,-0.17160787864796,0.573574068424352,0.176967718048195,-0.436206883597401,-0.0535018648884285,0.252405261951833,-0.657487754764504,-0.827135714578603,0.849573379985768,59.0,1
162243.0,2.3453069408635,-1.27527151861953,-1.09974158216296,-1.74909186903298,-0.755912549561681,-0.0849558775317385,-1.11005139240982,-0.207296166192179,-1.32311034834408,1.50273526403042,-1.40164171288774,-0.111689128811854,2.36031041823901,-0.909544393442479,-0.222737854700418,-0.340777335077919,0.0746498430283176,0.0110482018692706,0.0940283471401243,-0.269813446722742,-0.192098743281321,0.0283285323791775,0.175217599899239,0.0594016946883532,-0.074818309841665,-0.173819320262816,0.0266067602281575,-0.0428617922383441,17.1,0
134904.0,1.66127639678505,-0.476021386916908,-1.75445628739583,0.629371863247072,-0.134788148416531,-1.24264955781802,0.413234858382831,-0.372692653777306,0.91663155357858,-0.939139730909891,-0.375569460861921,0.631359556171065,0.466737668489847,-1.51861063305989,-0.173359271450097,-0.0287832919108847,1.05741413741606,-0.0260913282557328,0.0568711266707918,0.228988597472222,-0.126353673621841,-0.489848798215604,0.0168095610955595,-0.0436053941429378,-0.114119775853089,-0.113013079703996,-0.0379530970679923,0.0125242713956163,195.8,0
117353.0,-0.0633676314859647,0.735935117802561,-0.412658425091512,-0.37260354770238,0.0160699344873597,-0.317242283568555,0.0487601589646704,0.465780721253153,0.299641752656763,-1.26692989038896,-1.06700405561295,-0.145953968275841,0.110778654797014,-1.12710069436582,0.111114088663484,0.811755729700922,0.396624103392283,0.793466792566511,-0.820063966983402,-0.162669411977897,0.419052217807416,1.17400182535772,0.0959900118230448,0.569351857291147,-0.826553435051873,0.530206253739494,-0.0150576259401145,0.0721699269832345,45.0,0
117973.0,1.89213305053472,-0.371774703304947,-0.0167405950573171,0.477975932024547,-0.95270217078701,-0.677347791749886,-0.590228942511032,0.075704339004389,1.05884590220515,0.0121904891908003,1.34735754604333,1.14623563007626,-0.609183967471962,0.302543838426574,0.0140887164004745,0.191856003219224,-0.504944072784754,0.0929567512693983,-0.0639985209886828,-0.273593348591515,-0.0917789625930042,-0.168483678794834,0.441567362753118,0.430368861824269,-0.56538644254824,-0.669298412850041,0.0318375780574552,-0.0368021364348235,7.5,0
81937.0,1.28115105143758,0.132455973800233,0.212078930341866,0.133399402787226,-0.476418889499055,-1.30690663933677,0.278839266161027,-0.383967745021938,0.101537357246092,-0.286894004301887,0.0267880313867993,1.09800155983427,1.12652083906321,-0.0709543549017643,-0.0173425926055799,-0.489324056052745,0.121516407927422,-1.02136671959867,0.235712669437916,-0.0185774316420022,-0.0522457799786689,0.0587043434727183,-0.0618416545337462,0.855002141655036,0.542231909725385,1.097285752512,-0.0876622103433153,-0.001624378607805,5.4,0
3770.0,0.420967091144543,-1.08204767339702,1.08348570317493,1.86516151950376,-1.42460259308332,-0.302770001524916,-0.146441891556278,-0.138126146769025,2.00195932999223,-0.682044316311275,0.543727330673769,-2.03989285380239,1.71954926802989,1.28619914289453,-0.0909322648804752,0.167551148680207,0.457716483538964,0.455128722926929,-0.878542484762461,0.580727679340521,0.224211590355359,0.21395960599372,-0.371785156810086,0.68687610985974,0.306236529984146,-0.357054159636799,-0.0284496055854762,0.0983664815439283,383.26,0
35899.0,1.3874015259219,-1.24770011157297,0.658385395182843,-1.47651229526953,-1.62039512898284,-0.258452324756344,-1.26367369592704,-0.014958528683448,-1.9194553103273,1.55846710351623,0.977247858698977,-0.0414035801917579,1.1060208800812,-0.417491827649663,0.111340937243628,0.125204357845612,-0.0277689201952421,0.855300855177555,-0.0452128396145202,-0.165782304960812,0.0042656329223642,0.310333584128614,-0.102327239947334,0.0194985708708437,0.355668685244181,-0.107386726934595,0.0420995166046856,0.0232711185523727,60.0,0
43125.0,-2.43079852328877,0.942965353846991,0.858952082619164,-0.608626708816022,-1.49034120919417,0.305636255338456,-0.803191093466709,1.27590760891929,0.686207653880491,-0.587171051912958,0.502830087069662,1.3135553311131,-0.474003846895655,0.0091146668381819,-1.80037220442307,-0.0351846906970133,0.441822799536076,-0.290994392281282,-0.291951805814968,-0.602059422189454,0.24562244072764,0.927686969426136,0.19211470163009,0.324458966531059,-0.440160361260319,0.930451965976101,-0.77699387780559,-0.226167912730076,50.24,0
161020.0,-0.0657136182690256,0.782253717882963,-0.43191206320074,-0.739126706086856,1.7072360036883,1.30603714253842,0.766772862194633,0.346951165982647,-0.164104173407568,-0.510515111245998,0.0372460230170158,0.66976128333279,0.774172492135616,0.363304277832739,1.5099303407574,-1.68392904900783,0.616042050108707,-1.80540238860524,-1.46297336785938,-0.0596382476423155,0.488292040023978,1.82459252547221,0.0196988682121028,-0.625261914885421,-1.0406789390975,-0.123318669376325,0.579833347202484,0.315445676217613,9.5,0
152916.0,0.126345873911852,1.21789660547667,-1.68300988800466,-0.503181482738125,1.11841679663894,-0.0226729551063703,0.54658662187145,0.313315324908238,-0.433523467411849,-0.931764028229424,0.254272042855969,0.66837584109665,1.04194906551703,-0.722789384071869,-0.0077932669942622,0.73220878543844,-0.0595782877537659,1.52405798117045,0.436076879682004,-0.130992287645844,0.320471952288214,0.86203318636477,-0.208992095076517,-0.405087236758372,-0.118317868252339,-0.152211326262308,-0.196521115495571,-0.0652427665039581,28.04,0
96556.0,-1.2600591240453,0.264625709541388,1.26806668668878,-1.04510217520998,0.992932218802869,-0.606826801473032,0.530190636095994,-0.008136075842123,1.49855714537463,-1.35336307630903,0.804967512228501,-2.75632644208344,-0.438745878499842,1.84320965166401,-2.21376017307586,-0.148378675712307,0.204971469850897,0.729365480531287,-0.0310827287104559,-0.329749571514368,-0.0534580375876309,0.0885222524322992,-0.646090611903695,-0.375752172093889,0.993159490741161,0.191330529909367,-0.167274196242104,0.033778018495747,19.0,0
163909.0,2.06617616500433,-0.0632803569268938,-1.09374704562952,0.403618908116753,-0.127591724653629,-1.18228562052492,0.173421429475853,-0.322570070437812,0.568539072564926,0.0777285130435025,-0.821852421981294,0.338192522756372,-0.0757905308118008,0.301749685082013,0.0610608746865174,-0.08016051120411,-0.301827862938766,-0.831037694718453,0.170278876915222,-0.231691135880252,-0.294933681525957,-0.722859427144063,0.334253228993843,-0.0283702204970338,-0.295336025911191,0.200236983941814,-0.071833513573113,-0.0608523999774514,1.98,0
71662.0,-1.01518828481734,0.930867598452001,1.24240984535961,0.951651679616535,0.0292183144520947,-0.262304926641853,0.320290029218534,0.411362392688346,-0.936313650898563,-0.623505304526912,-0.322033206667338,0.52435875282618,0.93084935830076,0.442558682557635,1.26869554519594,-0.46164682143395,0.212046597948716,-0.223325813642523,0.0151860592722487,0.107638588262914,0.339704607823268,0.807970124078393,-0.144772148808714,0.111943789096103,0.134578263810438,-0.163749651153636,0.019798995899492,0.0154104959674564,47.94,0
59933.0,0.997696805100617,-0.787878307329587,0.85673224520075,0.554861862736144,-1.20606005802389,0.124043773291228,-0.749542827303006,0.208224825846077,-0.94925993639571,0.937644762676412,1.29953984098409,0.302084563496353,-0.493968142596668,0.378305908517847,0.702477202727336,-1.15297732923772,-0.207606963227124,1.63573054776268,-1.56155371525192,-0.386929473416816,-0.0954817867827975,-0.0492639074734056,-0.0290559215482676,0.163295843297919,0.19192553762942,-0.30828902732823,0.057016307303883,0.0431412110833259,116.0,0
43937.0,0.845774630067265,-1.98714259413385,0.38652417446065,-1.33283469074221,-1.53182375790846,0.455610678928289,-0.959364054592298,0.165816275817882,-2.07514161431448,1.36032678526016,1.76698190255578,0.155968292124137,0.688662908381806,-0.111806642788768,0.569192123196555,-0.557851170235647,0.73205277669892,-0.467473449149903,-0.762454571778314,0.193428263627431,-0.0932987914147848,-0.491321211768479,-0.0153854901991908,-0.312140772827058,-0.138192653390667,-0.398383100806961,0.0224309532081069,0.0608876655289347,285.7,0
110898.0,-0.360877874641332,0.811350475565059,-0.0484911673412462,-0.834599314245622,1.33452149814799,1.01816988088764,0.535335501735289,0.358984355136276,1.29628918904015,-0.423621797520556,1.71091798938125,-1.94387346300253,1.04953619501998,1.83414727069649,-0.946629089444201,-0.602005161858981,0.691766638051625,-1.05903568314002,-0.853191657053895,-0.043987042689344,-0.355803457587352,-0.496052627051441,0.110948880097466,-1.71867762501918,-0.63564058621835,0.220618765550675,0.367887983130896,0.132493964400832,16.99,0
156607.0,2.13502016645168,-0.203955917814077,-3.15521471050621,-1.1775986076286,1.3619497341592,-0.740759209116138,0.927823935346783,-0.502740051058668,0.0246285053135243,-0.087950977220283,0.235605778689884,1.09274540167236,0.876616171658627,0.782026574144665,-0.622206686630193,-0.588740876493277,-0.656518530985984,0.035651020111111,1.22712461349914,0.0205582028812375,0.2736143725762,0.879886498472443,-0.348471885261615,-0.183967921889647,0.776154548377199,1.07596643763281,-0.162263543602715,-0.103888013512742,56.0,0
121191.0,-0.712930523469367,-0.109588320586372,1.33641628785652,-3.05001292221801,-0.592632078929062,-0.754219601242874,0.0786653256806141,-0.1167553663361,-2.03994543251615,0.728996188106541,-1.36444001185675,-1.54685625656339,-0.298840040281791,-0.501759882724219,-0.683935175024555,-0.473459074812328,0.335119798118294,-0.0553503002574781,-0.711929354861879,-0.297313726259829,-0.219194641011296,-0.190080894837239,-0.417828151671302,-0.206781044975923,0.746728777161133,-0.101521934144059,0.128634128699422,0.103528718875525,12.0,0
21407.0,1.14987011706179,-0.0565961105570345,0.380275665898471,0.285901149628095,-0.591419786864859,-0.946579257079736,-0.087774166324027,-0.186055391862197,1.24857212196129,-0.309375354534302,2.41505710771767,-2.06724489845653,0.697860024014625,2.12605011563717,-0.358538098271174,0.325875255413824,0.334009453567474,0.340966535448886,0.002167475740283,-0.0696477430019116,-0.0919470151149939,-0.181431060895725,-0.043566445711847,0.527387047106347,0.259994339120067,0.968146529938001,-0.136029518552422,-0.0083713628150358,54.03,0
162849.0,2.03832929239059,-0.11451040784649,-1.21097497277636,0.198567426455453,0.147861613193759,-0.573655110867921,0.0649416900977867,-0.141619918059712,0.294073587488145,0.23153298490015,0.666460413859497,1.06321312499261,0.134923216132494,0.435961727706647,-0.593694448624804,0.144812282027091,-0.63258894815576,-0.343971041033412,0.513461006773234,-0.200555644546134,-0.256774216427959,-0.629231976334023,0.283939966534073,-0.463624047044594,-0.287350795928488,0.208021124210715,-0.0713500469238477,-0.0744957437179185,1.98,0
34281.0,-1.06071144447891,0.107170157667663,2.61386551540952,-0.091845119794378,0.369782805431333,2.11095573246676,-0.484970840601811,0.97326996335719,0.0206683796353376,-0.800080437593596,1.6451159253217,0.72610921645295,-0.974141193230815,-0.022651295467142,0.535828547168886,-1.01044824401331,0.891259152429676,-1.39563223982126,-1.04274333615884,-0.103037810644057,0.145518658303211,0.556256261249707,-0.0771479131230643,-1.00768164873538,-0.192323731350437,0.463612605179724,0.108282722629872,0.0529154125503112,15.32,0
143223.0,-1.52298952375129,-1.67869726037311,0.625061462329062,-2.59421695373067,-0.431584644853225,1.86243729595632,1.3384188406533,0.460498776439016,-1.01847413850947,-0.909977114281266,0.496410788664774,-0.24616106595225,-0.525485356080665,-0.300408829379511,-1.33380253964066,0.945200054074439,0.225134825331198,-2.23796706733787,-0.969494897349304,0.868723092591297,0.213205122173569,-0.288644237008859,1.05040294364054,-1.74732204825565,-0.133011204635172,-0.64576762463386,-0.0424188064111283,0.128636279820607,461.19,0
60408.0,1.06559628243371,-1.13513693534117,0.495977068634886,-1.69979588779716,-0.631151201717937,1.47050630341843,-1.126258113609,0.563167889971859,0.246435700589685,-0.298797191226165,2.07063457952622,1.81285132026622,0.717762829574747,-0.0017105644036528,1.2882624317664,-3.24875016145271,1.1032454473179,0.0364217192666975,-1.48970102507457,-0.533297043211008,-0.0266641087717491,0.723827199939374,-0.0224552567566877,-0.998209792228055,0.301433280838042,-0.390201567354482,0.168300142689389,0.0148049273145413,44.7,0
139659.0,2.07798639129972,0.119378781118628,-1.73622196036984,0.410233569351009,0.395577613482309,-0.862747998537532,0.15008031208591,-0.204207927659791,0.574956306185286,-0.36319463047438,-0.702672521522489,-0.142589704949289,-0.436959665343607,-0.745931778480251,0.265176883653768,0.355975100072065,0.48325553931781,-0.227568877290003,0.0763904407601755,-0.186502666125591,-0.373874546879999,-0.996430859025105,0.339141421423173,0.467994470222061,-0.268339299345059,0.176655010039497,-0.0661465359259686,-0.0320523964773074,1.98,0
9475.0,-2.74092767463066,1.86549064263348,0.137815456235648,1.67727543001218,-0.9685688290133,-0.0623598754078283,-0.779439814141928,1.27739960225675,0.860290509452528,-0.721745379954967,-0.273331473857273,-2.33965288548325,0.7635803436847,2.52804912868689,-0.407031643533288,-0.818721969486769,1.96927388845067,-0.216261909783865,0.596662880492123,-0.645476025208921,0.0099407155552542,-0.136885865170992,-0.251529413832096,0.0350731635915714,0.0124026486851851,-0.329751023790298,-1.28774179883292,-0.485931887145891,15.16,0
132815.0,1.45216388072101,-1.68836538599417,-0.651132050938568,-0.545018471927476,-0.554055724823528,1.41770234155337,-0.868805015523895,0.525892036929104,2.18834441661128,-0.825339956547526,-0.574181636979661,0.60316081985444,-0.836419574630176,-0.25571541699788,0.62302508555026,-1.15450337422723,0.931620779881603,-1.84087079039907,-0.490334450481895,0.129741464305709,-0.0560965545733786,-0.271572553214669,0.306329475723209,-0.248930346313802,-0.851482866689602,0.446907890009342,-0.0134446255567485,-0.014746826316574,227.0,0
7603.0,1.11191901434011,0.307953762638348,0.878973449684232,1.34306858628785,-0.361395715720365,-0.32889060975108,-0.17744487487337,-0.0943323657406979,1.04357940590691,-0.207910541734226,2.38317088557379,-1.20902223575208,2.3787653653801,1.7108048969314,-0.417712885321026,0.502740369981827,-0.111723141475311,0.589035738272657,-0.397339543074,-0.0555414449045444,-0.149781585337579,-0.240356949953973,-0.0037964840744855,0.272898780820708,0.373004342461907,-0.540751937650514,0.0022829084502587,0.0221566841621727,36.0,0
141085.0,-0.796635006189176,1.16794259792835,2.49328675972655,4.06463540913241,0.42936812443828,3.14979130584732,-0.477651787423652,0.955450879773186,-1.21598777242325,1.35799551692253,-0.864388359835221,-1.40436121558623,-1.17864311309315,0.0304002789476865,2.27155786521933,-0.40294021355334,0.850986100919112,-0.595614553627485,-0.0635155736762108,0.211231303349763,0.0865923891480117,0.396342735416413,-0.0920242983678971,-0.495661714694011,-0.288602820473438,0.482751081098949,0.305305972079343,0.155864583715996,37.07,0
154717.0,2.14561766006918,-0.719796127526623,-1.28040345966076,-0.674637653127848,-0.613850547356012,-0.561297845931697,-0.991170931048339,-0.0130281858600072,0.147955584570508,0.0842835507214493,-0.519707684063688,-1.13478471077508,-0.374584161392239,-2.00627965698356,0.495563829374575,1.69681983708163,1.39571467441981,-0.392355595368323,0.192736349260495,0.0235056560423728,0.224965258265948,0.680915785264421,0.136792087564656,0.487536997783596,-0.149532587190911,-0.109206019848766,0.0229951019326594,-0.0071251277991834,19.95,0
122272.0,1.86065517317423,-0.722406895770207,-0.176168450395934,0.52215638053176,-0.822553678835297,0.0906239074103754,-0.893446047181597,0.19735204485728,1.46376382072233,0.0113496624669442,-1.15986408759202,-0.262151732671769,-0.817156006820407,-0.0825498981149857,0.943945302743678,0.687435212033885,-0.612409687771604,0.182481583625648,-0.407203187907364,-0.115162227947993,0.037992675551075,0.0528395285148634,0.303932665671475,0.583739513114111,-0.573888374975895,0.142008384515408,-0.0112803888271904,-0.0205744219980492,66.9,0
18831.0,-2.99912304860633,0.290187937078919,-2.40548047077355,2.57043322364501,1.23063082368196,4.06606459041118,-0.214201224305817,1.9086643094415,-0.134771498571708,0.405932057914379,-0.0002829290450924,-2.47785811955164,1.91017932656795,2.6162314280399,-0.299664036794111,0.233597283599357,0.982791811762436,0.617132115609651,1.05825489095386,0.125657256944455,-0.157426178068599,-0.256408362100122,-0.368935701194979,1.03815464675214,-0.41294543643416,0.169641922374526,0.641214965591465,-0.287819593360562,279.6,0
151602.0,-0.0521519766748625,-4.27705596955825,-3.84042423437435,-0.0502331910217355,-0.810967183418577,-1.00195879364451,2.03798581860358,-0.904051964481589,-1.52415917367981,0.53368662840148,0.817396422219071,0.271418654852502,0.662988354472887,0.773518622021934,-1.13309750063964,0.475421039168932,0.191078673479854,-0.993490317916554,0.769733503791853,2.4382372187859,1.24580094913381,0.939690459219413,-1.35075286288609,-0.154120800329006,0.354608826376015,0.169870148939548,-0.323546617694127,0.104799793633504,1217.5,0
77924.0,-1.1219718283406,2.26810538066103,-0.910003477150844,0.755330751148118,-0.159185312643216,-1.07172817805384,0.31179244506993,0.595727269289029,-0.397933873715093,0.65908632519228,-0.938045279079302,0.646746937429322,1.00997236198921,0.724024890587227,0.562463911051301,-0.314037726510521,-0.0145902985578218,-0.0817842168194258,0.411441672902405,0.280373517579789,0.116435811785908,0.526483640460426,0.101405980360076,0.0503992995605011,-0.432909590790688,-0.377628451931457,0.509173941387045,0.284729294692123,1.79,0
122792.0,-1.89337567583037,-2.47955475078479,0.909165637989427,-1.14068342061123,-0.224808986442737,-0.43431602320786,-1.35042912995501,0.842814940057513,-0.377612977930146,-0.344074369462374,-0.158514810079186,-0.0366697519204508,-0.595364273132681,-0.322644340099365,-1.84842334326112,1.29410754605905,0.333169171204782,-0.742260217578699,0.988407363252434,0.724247118841248,0.306888754481657,-0.0850058014294377,0.27722613583338,-0.41755682853037,-0.0970572828302445,-0.372918400683995,-0.112316465191653,-0.371372703553456,154.29,0
154965.0,2.23664370230055,-0.772422881797115,-1.80440511811742,-1.16524914467827,0.0333932221671927,-0.343192473939166,-0.385814193238038,-0.106828182863082,-0.603844761910797,0.989298630871749,0.254516076223442,-0.466646196256872,-0.761141661231031,0.312403846668346,-0.864662045749183,1.02911789564389,-0.0471488955926954,-1.02266133635293,1.37229626432706,-0.0501793189577993,0.0504273856151096,0.0808974684031041,0.118919913261701,0.0830053830361647,0.0847639364248984,-0.250154951199002,-0.0584840614538494,-0.0766022814172071,12.0,0
165440.0,-0.0104602623302971,0.788371991840526,0.341408366982121,-0.686441625379051,0.421462757608701,-0.771566529393196,0.872696198803551,-0.0198401639792643,-0.257374757198924,-0.239957887911752,0.837050464217455,0.684220884120079,-0.450136512329568,0.390413038110425,-1.02356588489543,0.0366859246361763,-0.551940489480096,-0.326069804892598,0.10446719668555,-0.061664356174726,-0.202130611608392,-0.448714908039153,0.0766350058336882,0.0013385742858883,-0.55814198643272,0.121939560444771,0.244634004158627,0.0866585758318176,2.58,0
118276.0,-0.860198662062698,0.548880261482157,1.09761309494035,-0.518292058408302,1.03028538205921,-0.258361982609639,0.886008821034968,0.044140132889234,-0.874954481011789,-0.639310838999854,0.774898907056364,0.602348299000919,-0.176739818740069,0.377200533026584,-0.839954890625126,-0.289856776550372,-0.257221001057843,-0.131137908943824,1.0080204854749,0.174498307351089,-0.153329097547446,-0.602359429914632,-0.201854948997158,0.783749681305122,0.544270113737003,0.42492642718992,-0.0624809995967997,0.0484312551462713,31.64,0
171649.0,2.01061739903502,0.103596676984924,-1.60914599930688,0.336116268757613,0.417930658972501,-0.573563336637909,0.0718837212349361,-0.0750633913087404,0.220482357603011,-0.218090652429738,1.34098195076183,0.914360440050763,-0.0550896392484079,-0.631525266329853,-0.460949379173186,0.402199606483042,0.343954492778327,0.0404989747181566,0.203252456225273,-0.15684460381714,-0.295287810042593,-0.775683946921308,0.356113437189184,0.610280477007986,-0.327089637166816,0.148250652577598,-0.0631101708407561,-0.0393740810260854,1.79,0
130799.0,-3.66321916385697,-2.85064767348763,1.06711114580659,0.612176242505832,2.10589124401427,-1.90141676447007,-1.5561703249794,0.764984837587569,0.325644320131704,-0.906629733706835,-1.58138387370086,-0.0553740040760002,-0.123218063104928,0.600525424918104,1.53329744466394,0.168224096443204,-0.288635341048688,0.675253380548087,0.885080859616107,1.23297027475061,0.187470951086091,-0.83778290087538,-0.186745244805478,-0.61960216308918,0.445047253874397,-0.65078610634469,0.271355175366978,-0.492502155389696,60.0,0
137671.0,1.82013610544416,-0.2229402386181,-2.09097852185094,1.03479591946695,0.716539715117587,-0.372522636847275,0.564688574063448,-0.126156184222892,-0.0651168836799995,0.507650014574177,0.348071573041734,-0.198895798591025,-1.83161425659817,1.29130880700331,-0.104244027801442,0.0818293584053015,-0.737122321501632,0.369665764960706,-0.0307940099996535,-0.11289816263172,0.114878938837473,0.0144214211647855,-0.0326308333796407,0.228937262624368,0.252226022032874,-0.625094908931017,-0.0626877893840017,-0.0493632238682974,120.0,0
40649.0,-8.52028611454175,0.781487289804934,-4.96155094468204,-0.139906092424858,-5.03044442147909,-0.378378196305094,0.0057823297823045,3.17800249539704,-0.449005788451181,-0.299144793402371,-0.058227957371395,1.56591605387569,-0.196017645722512,2.91290820369379,-0.059743851714091,2.18679258606021,0.56724465691549,-0.141297030396939,-0.0962186210869751,-1.32681245738807,-0.835001258390424,-1.91167924496439,-2.15016020689098,0.250859771426004,-0.140822398807138,0.523765997568169,1.06416323445028,-1.04619140082443,549.0,0
28706.0,-0.319263418382606,1.09148424820225,1.03813458385762,0.841247546036751,-0.191670630288886,-0.55578367955458,0.580340317434417,-0.0965486350583343,-0.455493092836543,0.376121675773713,1.24141162738426,0.139503503758554,-1.06828424283047,0.60636337363098,0.433375617835478,-0.121780134512623,-0.350439121424836,0.60663809686606,0.573813947471249,-0.14460719169435,0.234888285990328,0.498692476314537,-0.089441380976036,0.519132728506722,-0.289081918851516,-0.396135755853842,-0.330331794997755,0.022576993369235,16.5,0
147917.0,0.429900551185081,-0.0544733472653734,0.466975266922354,0.340207737887254,-0.119395154243859,0.852786306094065,-0.24522830388162,0.161715775112118,-1.09306341797389,0.909768734416325,-0.199668478958853,0.464085248954061,0.193697318217729,-0.198654172802168,-1.29874243126634,-3.06318432082246,1.09966444145351,1.32439050673528,3.04380857654649,-0.164035097755916,-0.567891992891243,-0.781434285492637,0.197636018612928,0.376666451012617,-1.31398767739435,0.672684599347766,0.26564075818092,0.2340965287357,11.9,0
121875.0,-1.40020447652606,0.589809139540706,0.368169163150674,-1.35200677339057,-0.824675382874992,-1.16220342088899,-0.0771611349771219,0.592835977730604,-2.24760202382415,-0.159195730395963,0.97916222760871,0.922295332859542,0.773940336399305,0.82160947295859,-0.611885226245311,-1.14522537679689,-0.0167291124181112,1.53283727410101,-1.04533000652812,-0.704612844494924,0.0237465617122304,0.197597207097647,-0.396230793562581,0.60942039407719,0.756052444320601,0.856715717403926,-0.429986591787393,-0.316311502271785,50.1,0
64980.0,-0.792419213479431,0.151991246345511,1.46484770086731,-1.66125967015191,-0.949283627042883,-0.049360621172087,-0.415801728057186,0.502442542671192,-0.937938339474514,-0.391224492685211,-1.94446883976891,-0.379293715593005,0.570075783486182,-0.324991939374909,-0.184674157892685,-0.720638076549082,-0.352268980309745,1.60483542225559,-1.03826455504803,-0.495204941476822,-0.160404450402261,-0.0888058384917448,-0.153808465198875,-0.399085560308126,-0.0838386490065237,1.05302945720413,-0.0790851092513177,0.0359885424258105,39.75,0
77863.0,-0.853643116094884,0.877876471353448,1.7934819403575,0.127328850990123,0.320064004590936,-0.562686015503275,1.04005920387562,-0.0363723284085124,-0.719152269682149,-0.789588192889136,-0.079245739880236,0.311101052621052,0.312507031455525,0.138064513374601,0.409882054190564,-0.0544519914044172,-0.392083374851424,-0.584239197046686,-1.62282269751574,-0.0546415241160627,0.2368943000991,0.586685330120569,-0.15963227175019,0.398620660827339,0.321154559310203,-0.43263273578292,0.0715988537545672,0.102773606157994,49.99,0
51836.0,-0.829319404795644,0.662914992667601,1.53503913332205,1.6601619259947,0.967911486417155,1.34381374396699,1.23902877252529,-0.238409224528101,-0.253431817354156,0.642371918656439,-2.15597686575609,-1.63485498780608,-1.62826927594983,-0.382953820386089,-0.251605769379938,0.107151363791935,-0.542375252555989,-0.348980216835591,-0.163121724016996,-0.201494644847568,-0.350428465036795,-0.566730311345933,-0.435070731074288,-1.36141503848116,0.0811849531172464,-0.0670564933812915,-0.400078922448434,-0.40000154311728,116.72,0
165379.0,-0.816393254791603,0.706056543833842,0.601067257167261,-1.50741391515327,1.58526698145777,-0.176730130425395,1.00810217944497,0.0124831480044268,-0.535724352142755,-0.955348998267809,-0.507606321393332,-0.129002986268868,-0.358219410836127,0.52098344023595,-0.365640224315712,0.596067078162087,-1.4521228252112,1.06811059548663,0.0116924598659928,-0.0758773167996764,0.23323156070839,0.56109950879952,-0.808419700053933,-1.36130950400414,1.27002149917666,0.0034546760931524,-0.0228972681992897,0.0179345320628267,1.0,0
74456.0,-1.30260002464612,1.11042362909738,1.64599166517343,-1.35679055498615,-0.371327579131859,-1.28026353967372,0.838606970372426,-0.269687032462216,0.69731921536374,0.407533158453176,-0.0383752753001217,-0.0311492565647518,-0.139551646882514,-0.442846577360252,0.577026747052115,0.37339694930539,-0.687271724564172,-0.523150153580243,-0.892904920319054,0.452491712483896,-0.214925288477829,-0.174495598125791,-0.0277315731000173,0.734562585115354,-0.252397455866472,0.684977770141334,0.401482307227195,0.194045712221616,23.0,0
50679.0,-0.0260260435280202,-0.515352215532609,1.62596520985318,-2.37237889403716,-1.27739801720584,-0.147377138454117,-0.689125071915084,0.106424902854103,0.907812933868273,-0.869803763708522,-1.57024293144988,-0.371603356769131,-0.454972661725274,-0.258776020066461,1.94385619471701,-2.99573791641982,0.784702322582086,2.25260586732318,2.5946935912892,-0.240102128195619,-0.358144215932901,-0.222894838287088,-0.196803912488209,-0.473229710932974,-0.187778648924671,-0.529420142812538,0.270817780776585,0.143886878268061,10.69,0
39352.0,-1.32436845737968,0.0282792910618167,0.688267937583206,-1.85835630934517,0.0178133747985244,-0.551437215583351,0.021801943801172,0.583507631126808,-1.83673370733051,0.0158636912030919,0.97922734820816,-0.3304180420626,-0.6757246008628,0.582401466310745,-0.48932618058635,1.24363397638751,0.238642051114858,-1.52008567498638,0.265021241193198,0.265300662113905,-0.0062018190369904,-0.534018040873647,0.0872443552566029,-0.364076322056556,0.0008751556945086,-0.633992293110059,0.16833942324226,0.0054065879184802,58.0,0
134403.0,2.04683796834704,-0.0952355388076085,-1.10497135253705,0.411750107294122,-0.137464052912002,-1.1786833527506,0.186704508028339,-0.325168204752618,0.567360033205552,0.073066216054591,-0.821709007248401,0.33860482184723,-0.0740058817456456,0.304015909193899,0.0623201272398038,-0.0788402468697656,-0.301531095507345,-0.828986773165112,0.167081780628755,-0.211306168545232,-0.28886831380319,-0.72814258567314,0.325430419984275,-0.0278565825981437,-0.299011452433155,0.199169394546864,-0.073724872545337,-0.0591094814426703,11.99,0
3761.0,1.26869106082845,-0.629294485844437,0.729823738761364,-0.542812576184645,-1.11171429821141,-0.370686681348624,-0.932106481863545,0.110865789267589,0.550878397064103,0.417101390566132,2.50903962672619,-3.33276779080779,-0.435843801240252,1.94546560498663,-0.151323344581253,1.15308507233958,1.17394355312625,-1.06331019777703,0.267159797129905,-0.0975617771173125,-0.165254509641424,-0.502085770237789,0.19672653436057,0.0794403760519807,-0.0028257931084384,-0.515046260216761,-0.0212652688236684,0.0036465673422204,29.0,0
153701.0,-0.553788323166316,1.435770903594,-0.791835581794368,-0.512074476115095,0.937929970545336,-0.567429650269855,0.683133814461241,0.310607506353845,-0.0709136853679283,-1.48066162017886,-1.81675441550376,-0.256510769022906,0.336049543328876,-1.63656440988559,-0.874992401129382,0.468033968656906,0.918886598653588,0.663823916920401,0.134885018871491,-0.0334287863961104,-0.0007741195973203,0.267238220116784,-0.383380143685825,-1.06327217643326,-0.0124043088983915,0.644839734735441,0.257064714735781,0.191257316110344,1.41,0
77990.0,-1.16059256202923,0.6496663618813,-0.143372049103409,-2.50093687652302,2.30020570119147,3.10599348559609,0.0069351806597364,0.96505058568381,0.253055031891666,-0.0447109658956016,-0.212620055818722,-0.208960606238817,-0.0657031860347977,-0.0462933966388799,0.74488472142814,0.897117379620914,-1.19481668836027,0.0711865932664872,-0.369698939396617,0.409862504153552,-0.20219440678699,-0.547079931225342,-0.0570705521733871,1.03084509916265,-0.0679879300522228,0.744026687731502,0.454536331209526,0.357972930942542,22.97,0
33135.0,-0.311660615793505,1.18125326613523,1.16007566288261,-0.0305215339600986,0.267137820009084,-0.759501481309696,0.754929861332711,-0.0922895852779791,-0.482087854818857,-0.532451245067331,-0.407005724280634,0.193944518831387,0.917129279364991,-0.597670996090858,0.839077937494101,0.452630715863961,-0.164201774334865,-0.112247904616628,0.0394341744966719,0.170201275147912,-0.279603175054913,-0.694738992665031,-0.070343799912028,-0.0057767476996473,-0.0881766637768403,0.0917116019497414,0.250353454814379,0.0961080482008081,2.58,0
31253.0,-0.760822172299794,-0.273721108039761,2.49301520740646,2.09373980040325,-1.83148720283838,1.43025169360756,-1.82053798313289,-2.26790334399726,0.777794260467869,-1.13173581739267,-1.34568549344133,0.747247167177366,-0.174593548934229,-0.536165786556889,-0.516464531608246,-0.39332980048929,0.6065898506729,0.344960889539066,0.6174173260932,1.17834519451453,-1.04556884978501,0.918762707032477,-0.519474153307087,0.463349047734231,1.21885191260843,0.131641170625287,0.0944380481420156,0.243894266394632,241.35,0
83456.0,-1.4965693532796,0.974614721309015,1.00861448684463,0.205275105385101,0.0560439919615979,-0.900289533380445,0.181542536178112,0.301002716865986,-0.539762082136922,-0.644197522161548,0.151529828000805,0.322672452371464,0.234387934925839,-0.119001911698397,1.08727557863793,0.059726683891765,0.550405376949946,-0.659585904494226,-0.48604745944139,-0.190521280021658,-0.0379523836226857,-0.424761870722808,0.0879919965697913,0.363921146812474,-0.579002770310929,-0.0106810426868387,-0.487062658778494,0.219676629987042,1.79,0
47993.0,-1.80157424315021,-0.510404279548875,1.73806784438926,1.70409504633148,0.172068641093109,0.320768741421552,1.21370219220372,0.342505381377833,-1.17292432039548,-0.209587409514443,0.807341640893815,-0.267218814187027,-1.90072340890582,0.54037392190728,-1.20813052173259,0.553670784836636,-0.464552517894682,-0.195205147387111,-1.56398182103718,0.528991022267869,0.162373262043089,-0.405596973386868,0.744825963739547,0.0961162215139017,0.0902584553339905,-0.314404507689896,-0.0763744234997261,0.122440465356917,310.0,0
164707.0,-1.00643021903829,0.678281253270227,1.0458483803392,-2.31618704730606,-0.401825563913887,-0.891286176309103,0.17231516214167,0.330559061275473,-1.31218829951718,-0.426653192956322,-1.12340029238239,-0.776792432076812,-0.0146261207554106,-0.0998722857457268,-0.647159897530934,1.11214993861275,0.255565862916439,-1.44873535788688,0.0059775826600023,0.0360878880947119,0.177449085443933,0.436791428678373,-0.454199567657326,-0.0634162683937606,0.897763167828183,-0.0949038397603861,0.116013131955215,0.0366416391682548,2.99,0
6506.0,-0.742853996696999,0.933812807084242,1.64573116526509,0.170304547294764,0.136091935790777,-0.0611641864731512,0.440464607629078,0.0702128314896533,1.15456299600998,-0.551117471502535,1.41820262063674,-2.13371136211809,0.838674217589485,1.51672918142072,-1.75431540672555,-0.135654128379911,0.448330240397216,0.416367921262815,0.60696075528216,0.0148256817362226,-0.298020311715788,-0.465046299890411,-0.176061020531518,-0.0551488774205543,-0.0561739425640825,0.193746977086546,0.150315089818749,0.15871579194662,17.87,0
74844.0,-1.10045626088764,0.054885807417136,0.314254328500101,1.46493907812028,-3.65040733164386,2.49115322631573,2.17313596107567,0.354384108478338,0.298497602473003,-0.59786905003508,0.544429653927891,0.220916430346867,-1.47691349331743,0.141670018948318,-0.58614984331274,-0.0829833531756647,0.287630561070982,0.210579116268342,0.572482524191619,-0.713986377119814,-0.119550461103354,0.305755255992703,0.480075140604167,0.025524316107295,-0.808261633396013,-0.47749988559345,0.265877645333098,-0.244520154879548,664.29,0
144016.0,0.835552379883616,0.964249515352124,1.22107571560398,4.50333018238149,0.0254017110068072,1.42847444357206,-0.429714093661331,0.316227341820183,-1.0559243177541,1.63347309451668,-1.38929052742973,-0.212296310070152,1.34468426863405,-0.488426129509116,0.872237143851935,0.587620960922319,-0.402664100817129,0.577282986995192,0.789718813308244,0.184684193622472,0.180318345827254,0.675858965040284,0.362114068134607,0.460687320532917,-1.69111448705908,0.0526371954980736,0.229555076864346,0.12144336618311,15.13,0
28999.0,1.26269477999855,-1.83417583840555,1.46415968994403,-1.04957577183296,-2.15265120205863,1.1595526543936,-2.12597900113908,0.529209535341317,-0.509717503532269,1.18742663001083,0.148026534122721,0.0001771012599626,-0.249081249098708,-1.22698666729042,-1.88579874097874,-0.914989485825022,1.08762484673257,0.206989721358148,0.270489928144123,-0.318357192442026,-0.14098401985749,0.288057516689086,-0.0697082608874608,-0.280393650448864,0.274838055721044,-0.0152504097177881,0.111646649264713,0.0226928011773231,54.0,0
43064.0,1.24307521254374,-0.034117809112345,0.313506256001909,1.31764411920491,-0.329612242857726,-0.0253708874470497,-0.252730345751636,0.10793678013347,0.920451302829062,-0.0595726640225042,-1.97168829587177,-0.93214971480963,-2.08968318785517,0.219484078207075,-0.140418250697784,-0.0334895467742585,-0.189637293864591,0.136764343269261,0.292362209009927,-0.265942884643814,-0.159248450670469,-0.312596850160256,-0.181672206777117,-0.49694995246827,0.741649215449162,-0.239423042380318,0.0248326897059695,0.0104466809429157,9.0,0
41376.0,-2.51109962561012,-1.22181775564773,2.01052909048919,1.55345594190352,0.959791716805812,-0.002960343775968,-1.46405431118581,1.12582479030405,-0.664419907713372,-0.344851495910344,1.34924836017591,0.452683339491509,-0.782172260972342,0.885396205079264,1.68311370037964,-0.120808874942705,0.331705811999665,0.285105874858091,0.109508008249959,0.525707343784577,0.414420453630111,0.29477182534918,-0.111115221110707,-0.297208356961919,-0.0906173308863116,-0.224726802001479,0.0522607408953273,-0.311081715010671,22.8,0
74154.0,-0.0691087272482307,-1.88951959601048,-0.60246819033553,1.86544866654736,-0.771925330651468,-0.198972435631043,0.999466427892458,-0.178800491410896,0.213227963937622,-0.306759356463426,-0.679424047910238,-0.417886943693936,-1.61848186103915,0.741739417408296,0.497002602616409,-0.508950332988519,0.276924597289146,-0.559873513118872,-0.686853740504096,1.03193028609587,0.371031472668099,-0.298931594640957,-0.675605333280581,0.0801953468052731,0.472180103757961,-0.295436624037661,-0.108292477669895,0.120898829481352,658.0,0
75429.0,-0.952055152109621,0.986143395133974,1.85818788170817,0.525956529807794,-0.727020111397781,-0.176883817495061,0.0876418019927067,0.603431081081801,-0.624373830087481,-0.642766777140833,0.861506818516539,0.546929456824626,-0.960045237645551,0.523226587826257,-0.57083092742178,-0.265555755590111,0.341099976173613,0.114642284119673,1.32356579242588,-0.0521273660217715,-0.133017536276616,-0.486210661342629,-0.0805579319199485,0.544848401343378,0.109507870499927,0.288336511231235,-0.0979644792743059,0.0005822384590814,25.99,0
101800.0,-1.49844458541639,-0.267329809391251,-0.978926303567394,-0.815121149632578,0.424457624305058,-1.82161598780948,0.493703245277889,0.0409103298523915,1.70818411879628,-0.714373183978221,-0.582163746605549,-3.2215531451943,0.0486434675227649,2.20174941217073,-1.25974895712627,-0.0279163225643865,0.561719702476765,0.145402673478642,-0.667775308777878,-0.112147552214178,0.283792079305456,1.10649140793152,-0.2835533656848,0.121059280579138,-0.854291895289828,1.34440580406149,0.469420697482991,0.0712013471143828,112.25,0
83675.0,-1.80777551494047,0.990718727478838,1.94237158021627,1.46774511899981,0.103663827815852,1.28476308974148,-0.106944022869951,0.772731560618908,-0.263732148010099,-0.284104692948925,-2.19078777981843,-0.383745523244595,-0.421780083157097,-0.396002258120297,-1.08700359419618,0.634644767008785,-0.331116815346554,-0.410955663338635,-1.06861518294535,-0.419866310164239,-0.132166524928037,-0.473092118280354,-0.405189885154203,-0.942110282247373,0.338660625042062,-0.119778056486088,-0.40180377434005,-0.0335174503470679,45.64,0
149612.0,-6.79290999218863,5.10056594336865,-7.28332664706982,-1.50620231972159,-1.31917755124911,2.46329098173078,-3.87292119761084,6.01836668206872,-0.0615237269642192,0.419038332697436,-1.68902193759807,1.96634714915956,0.534050265812622,3.67279869725415,0.627446595048624,0.779055786858289,1.36418304011442,0.317012296619541,-0.489304543396472,0.106972978142691,0.518387150937715,0.765942229062321,0.363005368766726,0.714154875270596,0.0290776687367935,-0.134299854334252,0.223379201935656,0.156602687399912,17.99,0
57168.0,-2.95500150064276,-2.6733142613426,0.914052925396997,-1.12760443045101,0.686161184798541,-1.7224122153648,-0.816804114575807,0.525072733969142,-1.11987078916095,-0.48703280966121,-1.71338449133881,-0.57155488333638,-0.0444063721993274,0.299372044351029,-0.0017457813311971,-0.201850147484213,-0.818491702269688,1.77417582992616,-2.57080758715239,0.320153274760046,0.226110271998595,-0.286424613180082,0.132625811617506,-0.155120802913752,0.0641381245935846,0.328709424814241,-0.0839725719026742,-0.34492539718713,165.71,0
88739.0,-0.159177749714816,0.94015071882323,0.635310019540063,-0.701099185256698,0.618363123846342,-1.01561280681011,1.18556181411739,-0.28706996709484,-0.405204347442128,-0.73792563901952,-0.94161263911915,0.351278005114478,0.563463072383803,0.0685769892500386,-0.507117463818261,-0.137169662185169,-0.455479037237542,-0.762332296209622,0.0128479511709249,-0.123296954550031,-0.183096729967814,-0.436348769140978,-0.0296322862505099,-0.0057806526679586,-0.606185818882805,0.113230284146343,0.109612799040097,0.172075421790831,0.89,0
60696.0,-1.94562046844974,2.22665889981998,-0.294241552224066,-0.0506563438347958,-0.758919945794903,-0.845845052635246,-0.338282135744553,1.19796439380415,-0.464726056085496,-0.47255987815412,-1.01936508556071,0.428461891672046,0.753668747067843,0.241774862452842,0.822511428236043,0.84427582669487,0.272212203157123,0.0680786448763719,0.0357931985320301,0.061920444523726,-0.21452519202788,-0.844513648265152,0.0882776849350224,-0.202587876300548,0.083201688924197,0.106552753665603,-0.0457060836618343,0.0158802119915688,14.96,0
87705.0,-0.539576069564414,0.869299708712044,-0.0421395508514561,-2.56089550743659,0.862365436150313,-0.799787784609531,1.167229438243,-0.0726456664176735,0.222178454760677,-0.680230344328328,0.772224513168573,1.34665729801608,0.509455578746386,0.0035904452925945,-1.93842747582198,0.131974471235691,-0.950233175395404,-0.534668099030055,-0.513413048990949,0.051499818220949,-0.153826810215665,-0.215646011618499,0.0510326380714575,0.809570992947291,-0.672703059185393,0.274705033697592,0.434613729592101,0.313767447368625,5.0,0
58565.0,1.02253696036749,-0.226859755888981,0.9102762348294,1.23248028184921,-0.417736747152627,0.996300746756552,-0.638496676004728,0.490325493461806,0.721524892795793,-0.133072463535455,1.0504778467579,1.00503334969856,-1.00381041093884,0.0438047447986741,-0.673106909137276,-0.756794139735366,0.399467319263106,-0.599955294475192,-0.41418197036259,-0.242462740504129,0.060061495624669,0.457590740162803,-0.063214769227511,-0.268713451552873,0.469755059749222,-0.233392460108191,0.0814492370866359,0.0101991514243994,16.24,0
30798.0,-0.81905965612415,1.20206828628471,1.93927951746373,1.76949743925365,0.0397981667929575,-0.273677609313931,0.546480573214515,0.162226247262676,-1.16166049827315,0.659270417848145,0.842996863348099,-0.831463554079122,-2.4174533597447,0.791353086327603,-0.119340993119436,0.863858176900477,-0.686381315384486,0.408139555337379,-0.491380175176539,-0.255189797876753,-0.0759886905897323,-0.58443912377181,0.0505278203710984,0.410357669333538,-0.49612565006086,-0.371883215453761,-0.201196113561843,0.144739481963388,6.85,0
41527.0,-2.45733522679548,1.77647253165203,-1.88786782459876,1.11732331900464,-1.24736139898943,-0.875903938198889,-0.314288817829419,1.60228343660312,-0.37044571150319,0.177557354930114,-1.07889443946522,-0.121257978995036,-1.33296712768258,1.90686931175198,1.05438519072242,-0.25448877142036,0.8541748100458,-0.276833311509406,-0.0859739256794373,-0.207411555747893,0.178757837322327,0.408754849260026,0.0135283182897004,0.0699398191111665,-0.653713026209786,-0.366041990731259,0.399220133253345,-0.0105720015062817,99.99,0
136077.0,1.51809209267574,-1.16892899603406,-0.501070203522934,0.423644969195213,-0.987064822705494,-0.485897779941701,-0.244991136933286,-0.180308268887698,1.30922843355112,-0.365651309610517,-0.697178146701528,1.13791932279308,1.34313570837842,-0.394524887464284,0.45020015950925,0.0104481828639878,-0.459117516489207,-0.0683560703407247,-0.283476960368602,0.353734727237829,0.345575323983271,0.770516633318948,-0.084246873846246,0.0756976277923805,-0.233580300602276,0.0985108606494599,-0.01849321344344,0.0022701824459729,250.0,0
56275.0,1.09623242159604,-0.400943728203271,0.454426423373064,0.635936111641432,-0.88543940545329,-0.680967748042675,-0.145590484240113,-0.0628325092150628,0.904165582442708,-0.299452763351755,-0.965394329847024,-0.193770266824512,-1.3415508415688,0.0708587822625162,-0.188801579809766,-0.322622663545997,0.211820095868894,-0.440506124503618,0.30493123887352,-0.0411218219178654,-0.0674028249923277,-0.174048648684213,-0.129249811843827,0.443312403963957,0.467826720899498,0.667339602211346,-0.0559002300103534,0.0171010659052483,80.83,0
84694.0,-4.86810843844627,1.26441977404559,-5.16788542660662,3.19364784504611,-3.04562137708228,-2.09616609885545,-6.44561018266068,2.4225355920307,-3.2140554159387,-8.74597261185534,5.41604190908794,-8.16412507731485,-0.165010607208302,-10.1935303551514,-1.89521031032574,-7.36047460938421,-14.6687710766351,-4.87711900477519,1.38560952778492,0.66730977994879,1.26920538901712,0.0576572516592633,0.629307399675982,-0.168431773502721,0.443743902404587,0.276539471570389,1.44127396787951,-0.127943726430018,12.31,1
140687.0,-0.629523065627385,-0.370696513442809,1.63543301129996,0.0119791327667457,-0.0876896523614827,0.402067557715246,0.418322421692262,0.0743664595773152,0.38264414534508,-0.387970989215528,0.386441625740359,0.0991758979005805,-0.665713101222467,-0.0164437598258735,0.543509284798948,0.071674193479986,-0.661770929654541,1.02744630381634,1.1838525033862,0.470484908412396,0.129388619359683,0.263666879608714,0.256278041830553,-0.516462095547801,-0.554226197292475,-0.372320581549907,-0.0164124663512231,-0.0424849305260618,153.0,0
147962.0,-4.25164819101439,-2.80151972937621,-0.713996986308395,0.403558406208276,1.97764879776698,-2.06548513175757,0.79615025088066,-0.458802984382957,0.518710025292428,0.25848101267387,-0.974543763645213,0.453958690069746,0.85730074181977,-0.277731510962292,-0.371244389498073,0.06178600704817,-0.557320210195923,-0.8217227614195,0.550102438878486,-2.07830493246716,-0.880909538274624,0.186534897228256,2.50226577746851,-0.0510924374049227,-0.0689301620830699,0.25333535272952,0.262927155911697,0.134776004148549,55.41,0
153406.0,-0.19031049260027,0.484943692899401,-0.118257169938475,-1.1068747528129,1.59982221946641,0.909280009647334,0.870858024861911,0.332703151107303,-0.323711047298908,-0.703996299617796,0.79951754019563,1.02130527719737,-0.0970426898299425,0.394911061081218,-1.01318048642628,-0.703420163805246,-0.104877513065775,-1.55957335040593,-1.30480504654622,-0.314360465833302,0.0491069173415123,0.294549665817638,0.179524931272069,-1.50282722125484,-1.32599244256336,-0.0953979145706419,0.237882721598133,0.225064447730845,16.79,0
52506.0,-4.19018789452236,-3.32993438825177,0.639425120687509,2.24311307806385,2.31175858035174,-1.21776984183509,-1.58270000819468,-2.49013285828146,-0.717290906314447,-0.176605762904138,0.762117158932175,0.430481874049581,-0.499567773618921,0.888192608442514,0.851350358771749,0.410254203857722,-0.467006573688291,1.05832908991844,1.20939993944559,0.0370238354665708,-1.37588114335334,1.25303972927096,3.50866183746948,-0.0792542836934165,0.522215547911072,-0.138336020599893,0.719784718038124,-0.231006393726612,60.0,0
33595.0,-0.767156739214204,0.798839088405169,1.3863115498147,-0.484404658410827,0.741591488975972,-0.0125735788060302,1.11876186382098,0.0638966875893304,-0.249137652037685,-1.09561638974958,-1.1404908230282,0.341073742354598,0.366227915452112,-0.196088671922511,-0.869836468541552,0.272513804700006,-0.808844760524971,-0.816995801626907,-1.8720317895556,-0.192811430474825,-0.0791487277701387,-0.253879726078035,-0.0724403105987114,-0.490368311814461,0.0518889449327906,-0.799143839144693,0.10356147001285,0.128745043777797,49.4,0
127545.0,1.77246664444666,-0.961559540199346,-3.00567372254345,-0.62041937996944,0.240602045318203,-1.81307106969489,1.06542455939386,-0.596209539208725,0.794747821307552,-0.230034050908801,-1.42790493855952,-1.29253182043763,-2.8879548205762,1.42949971497606,0.464016521941294,-0.869334398802612,0.138329810069979,-0.310282719981268,0.569804068177372,0.065592746884648,0.340322836595156,0.574040440693884,-0.390500504964149,-0.344681600828059,0.492230537499497,1.08500645869133,-0.206715949824511,-0.0722228504411454,230.0,0
81230.0,-2.5705754103535,3.04918506485226,-1.87093182220496,0.429566463895772,-0.465191179840499,-0.937182755990013,0.0264763440055272,0.92286039950089,0.836472617275994,2.24006818227501,-1.58617651859557,-0.346033468532155,-0.592826256231903,0.732095644296904,0.874692689777745,-0.185751939430193,-0.106528607625366,0.208218911000283,0.491328802864205,0.65519182196459,-0.116253889360386,0.263499479447315,0.112558055395014,-0.505428973871798,-0.262678718114048,-0.415650704912726,0.0685711377252811,-0.324466635644103,0.99,0
59593.0,-0.275036197327227,0.804639395098135,1.88778880025545,-0.0273681973654817,-0.116124070873798,-0.984933960622416,1.05409437132129,-0.399335099354671,-0.474464197126746,-0.356885536162644,0.07333277933136,0.240553737781691,0.50822756341264,-0.125217148196821,0.796799129757321,0.0152156626337033,-0.396528948673432,-0.558248140182691,-0.0506047525589744,0.123889127398631,-0.189516055085658,-0.457406548850745,0.0421935987240411,0.713105836781893,-0.319865080159808,0.1076542614355,-0.156240080540832,-0.158662337775255,33.98,0
126381.0,2.10125215306989,-1.12292739017395,-3.25725489141928,-1.83767520200473,2.14961939458795,3.03100883954744,-0.522768673014272,0.583407858783838,-0.74012605848997,0.797582892788204,-0.0639375119220241,-0.447296071145431,-0.191200508969891,0.256081013048837,-0.343056469453595,0.170806701586672,0.498882728583498,-1.98463129458754,0.742257149391171,0.144723227313869,0.254584055846016,0.588704264462251,-0.0292547159843642,0.764914303455612,0.374219842381411,0.0168038812768697,-0.0514333263388444,-0.0714459148308067,78.93,0
50705.0,1.02062869935855,-0.50734402385803,1.76212811990045,1.8408432669308,-1.46060181031479,0.49826288447928,-1.01872637049769,0.346597818974553,1.79500386945517,-0.387310366093411,-1.56955668201019,0.458217922663157,-0.809488486157927,-0.960775533500637,-1.52661945645896,-0.487287466506436,0.351281570035846,-0.138701630693379,0.168774758163779,-0.13530417158861,-0.0537698187625064,0.244208599934722,-0.119769071003098,0.425209423517811,0.523649177530571,-0.226888057928582,0.0982215299028284,0.0437543322128471,44.74,0
139430.0,2.19113218282685,0.158126363879251,-2.99416432676009,-0.368706476061581,1.57202287547446,-0.558268606322551,0.932920067029669,-0.455665281164481,-0.232475845607979,0.162307399939056,0.142441529229321,1.07375327929274,0.91449231808821,0.791536554040281,-0.788408760043368,-0.530918465538905,-0.779556285044346,0.150967705261192,0.899856098524485,-0.113480217714665,0.26768347679092,0.971080076061687,-0.328661996146193,-0.224704653979111,0.920505211177432,0.469991309753743,-0.106577620908242,-0.101939310333421,6.48,0
154276.0,2.25630033617217,-0.473434610485414,-2.22168495171947,-1.00152694610743,0.222031229847856,-1.37707694632717,0.293119137602084,-0.582647146636944,-1.08332578859215,0.899520584825745,-0.536963463004733,-0.364114634736062,0.705804878400694,0.234805721765686,-0.0944334704722978,0.443322184892498,0.280531331037683,-1.73499723045274,0.673343287357163,0.0508157517967579,0.356108326986064,0.999090339195796,-0.0608579874975153,0.815072452789598,0.490112681247806,0.0426236156616203,-0.0829908143210456,-0.0700983989848768,29.9,0
127576.0,-0.601572462633741,0.62292182754665,-0.981546783736751,-0.786905296819861,0.766943944851098,-0.201694645160523,0.24738430315867,0.613574713700688,0.162620159281902,-0.0466164531709344,-0.270382593474933,-0.0109164921701968,-1.49003042045768,0.789876697060738,-1.11428616037274,0.306856283207566,-0.547872059721424,0.0984841618153987,0.380219127234175,-0.0875600138821648,-0.196287293322892,-0.532709736411932,0.284890238125686,-0.0119878341190942,-0.574291963484184,0.168192464834137,0.250124661283953,0.0719592102449298,12.09,0
159708.0,-0.939566659297542,-0.782651527746446,3.03315184864709,-2.14238424054098,-0.399504910759009,2.53021001731801,-1.11730037068931,0.846636949538757,0.894098757683398,-0.530292660942742,-1.30409278557428,-0.601473743101219,-0.679580475863727,-1.94419211527843,-1.43272980237309,-0.0946293909314372,1.275379552105,-2.3747394919397,-0.782759619726366,0.169027254898535,0.266970016963273,1.40913108421273,-0.399297054458829,-0.290053533232308,0.458049911966342,0.119500568302745,0.22225925260767,-0.103527495507071,17.7,0
171808.0,-2.16819727204201,2.65709585555343,-2.15938306543335,0.956299711372146,0.511987730250713,-0.596866153627016,0.248389518522116,1.18013666364653,-0.893121558503311,-0.087830457975793,0.770245328057752,0.982107423429305,0.150015830315925,-0.202711515036787,-0.904584354153092,-0.219789777823772,1.5363807274125,0.820577618938403,0.725581720811982,0.135835250563841,0.110694040152078,0.419118559517319,-0.155488557735712,0.598393542129799,0.229720113570341,-0.420733416964376,0.293514503468804,0.241346797324812,13.29,0
140903.0,-0.698378170496287,0.931080613184259,0.352318622701877,-0.935744346691117,1.73995524380221,-0.181075280093701,1.56314350122326,-0.256782039209841,-0.929326815629912,-1.0565135391948,0.788648569464153,0.24687507419054,0.187001870260902,-1.03883596801502,-0.856941644305377,0.355734373917489,0.0770294391462939,0.488976737905294,0.428678294687996,0.23559176165584,-0.225225078823007,-0.617453530690517,-0.419620925394569,0.128181053170707,0.790897983051457,0.434217328792316,-0.235663487840388,-0.16602132619072,43.9,0
6433.0,1.1063008135499,0.191293651713561,0.552920436833202,1.32784897720136,-0.231481853580463,-0.301757199681961,-0.101311376146203,-0.117720363653611,1.44549374371253,-0.425247650249524,0.69442180535856,-2.33483754507048,1.5089392670947,1.76689121063335,0.543247128036005,-0.163035092510632,0.54266102868044,-0.065121586488357,-1.06337734924759,-0.134178857583122,0.0665869395803808,0.444066363876274,-0.154861614376411,0.0427802174546707,0.60343422098128,-0.221719134820395,0.0062862363269936,0.0200366680364741,48.36,0
168924.0,-0.24585014864137,1.07831281667959,0.114909985823572,-0.728974574040088,1.32012120120628,-0.203460315779523,1.1029280600582,-0.283136345122943,-0.477354368824297,-0.611769977409591,-1.27510115588092,0.453141136165521,1.80550400271868,-0.0157209083708129,0.571332086509205,-0.254772969466484,-0.80704219557955,0.274773489300725,0.443434668058009,0.0598200195183316,0.330824495079845,1.04534205509267,-0.467866000134356,0.122303676573426,0.237680464480586,-0.0692331531036642,0.0081509341433126,0.164184024339158,1.0,0
137722.0,1.93223750802679,-0.251345332408729,-0.16285235029059,0.695523770133741,-0.907343956415511,-0.580351590307925,-0.956385329369916,0.0718777838440364,1.25703594334683,-0.424716083705893,-0.350016850576445,0.0026767211062898,0.262501376142626,-1.49216899389026,1.64189248393418,1.35822616734608,0.0573667473088756,0.955376736881444,-0.993442639035851,-0.134596491433016,0.192704911869423,0.667012662723544,0.236008532762793,-0.0948980358883586,-0.563599878465478,0.307444927238019,0.0345419458028192,-0.0021138055047513,13.65,0
68185.0,1.20337730000354,0.149739703074842,0.603744893989482,0.560316495478251,-0.59189045817748,-0.804040491509937,-0.0906716314532349,-0.0268077603664647,-0.109544907792472,0.126175285348113,1.53152841341542,0.707219036323581,-0.591731674786836,0.604515310921494,0.402649893176261,0.476427460767558,-0.554544823266959,-0.0172789892922767,0.0990446391492503,-0.140206965217777,-0.201649036382612,-0.658439846541515,0.159175234916434,0.508800717739788,0.133654905451995,0.067153685183634,-0.0376520805442947,0.0091374699899664,1.29,0
149310.0,-1.58974347020536,2.18068736986889,-1.24927039415851,-0.422537647015817,-0.302990325723028,-0.786709179602815,-0.4313287088834,-1.78809095449116,0.0126789412666067,-0.226456355055711,-1.14385850645974,0.590855661129103,0.2524691592626,1.03323089631773,0.375152133222896,-0.260259168272471,0.0883152359398413,0.145056619634532,-0.121051945036731,-0.633454292863848,2.70976338916458,0.550122515033321,0.289307562452698,-0.0110550732197357,-0.650905942677152,-0.188776206018869,0.507694437605141,0.249789375544786,19.0,0
119598.0,1.99628973299866,-1.04898945875912,-0.574901790702452,-0.425694770824621,-0.961526505498827,-0.253998758681963,-0.808816599329633,-0.051374140317074,-0.0559263404471408,0.765968013795644,-1.10201859905022,0.0911413324635283,0.572733637971802,-0.236214773397658,0.410848285705355,-1.02846722602764,-0.312129157971712,0.912805680521012,-0.763823495427418,-0.410584730728579,-0.593917928564366,-1.33336005145229,0.481386838231816,0.612519184719025,-0.745805725234185,0.197375300422005,-0.0312536226536429,-0.020200730989356,79.98,0
129430.0,-4.02677987322954,-4.34685141806309,-0.501966732628731,0.110850489313973,1.65816583749075,-2.09027205668452,-0.253425955923441,0.0976670019453385,-0.837031024131307,0.775962674497344,0.42891446255532,0.0193151301080528,-0.479872907751995,0.550460313096526,-0.114144300494791,-1.62672538230802,-0.265902016586699,2.21035942605932,-0.20440471636466,-0.725471759719511,-0.0864901124591076,1.14735573959225,2.68564563317668,-0.0308876368224123,0.212567311020825,0.0044526482213616,0.508061062388899,-0.379859134356475,172.0,0
34001.0,-0.99288509236198,1.05249852189322,2.14520133508114,1.0987539045428,-0.861017674591609,0.471430944334427,-0.568676780310638,0.910105134638633,-0.156940845498764,-0.176874745740765,0.202991553538406,-0.295465824364909,-1.68101334901043,0.518701531396771,0.475249818636173,0.276399383772466,-0.104901798258916,1.3501670688761,1.09931147592609,0.0140814823035701,0.182187171365103,0.56387139744359,-0.346946943147795,-0.0288334508846962,0.330774134713982,-0.032011727212349,0.239286848127214,0.0746487181807879,1.0,0
54932.0,0.83480552936125,-0.527556703959372,1.16558813965404,1.38451839329467,-1.01436772781515,0.435885980417364,-0.651651078438349,0.372243797201434,0.591981931199663,0.0214725580983867,1.20301201496904,0.590579206982386,-1.12642414368414,0.221476882421542,0.254721645096982,0.196072509844309,-0.253319681208774,0.340966136843511,-0.661503545567687,0.011392421894435,0.275949168069433,0.642864617260218,-0.137853512694189,0.228955901642737,0.294956622289044,-0.252170080297041,0.0509606917983963,0.0429054631810016,125.0,0
125015.0,-0.425668683541669,1.09755302516465,-1.17296112934603,-0.0015481228825467,-1.99516358797673,1.20281482405058,-2.8235483300047,-7.96993172291772,0.230359053563844,-1.84100798182426,-1.56657722105492,0.0306332614680975,-2.09840786648157,1.52134421634274,0.204805930276069,1.28365853580542,-0.482362670594275,0.464349874441346,-1.53995277269949,1.45149790977707,-3.4970976361699,2.20595505855373,0.899762238714852,0.0003698781867228,-1.39740614069888,0.0616993781424665,0.366434203071381,0.47519692884157,198.0,0
165822.0,1.08549408097197,-2.0382965756362,-1.37745363150129,-0.0466605951612943,-0.0795500409906102,1.86514787347364,-0.474657414006396,0.539088591356,1.1920410148907,-0.27634935127727,0.733516052670808,0.465467687843724,-0.849130654788596,0.502017587411384,1.35148655345486,-0.0387854125934885,-0.255093420324514,-0.159278596220373,-0.906282509958824,0.552406240765185,0.524292715872266,0.713178399027854,-0.177372934733569,-0.921748971057136,-0.539027808392516,0.131933167475448,-0.0379213553824349,0.0084471827728128,427.01,0
158372.0,0.259371220071591,0.218955106353704,0.0338663236171151,-2.08060937641085,0.18218538819465,-1.32531855275436,0.738859726868191,-0.342945174180132,0.982285823477692,-1.42227819495234,-0.749044898308203,0.968608009310199,1.06851613590671,-0.0486846912001159,0.567033126123989,-0.951711315533924,-0.216606123157614,-0.110691823496384,1.11079658382013,0.0052076113197034,0.138999522636778,0.642846291533797,-0.0304439617828255,-0.0418033128531118,-0.548107692396337,-0.289341101798188,0.144688568382685,0.108685960865638,18.18,0
79560.0,-1.49587783178204,-0.110196982386115,2.08701464605748,0.79480331505473,0.7893553335336,-0.0184919349149492,0.861911816804302,-0.236784580038153,0.0152489020067195,0.216146206546105,1.13652799682647,-0.144377246979594,-2.01453024705568,0.0043571026615954,-0.625984847512759,-0.783397198589717,0.0044218441656333,-0.226533329999243,0.174345654131395,-0.23439644444948,-0.14325633854763,0.114577246358559,-0.0902194854663409,0.191126058883153,0.480431645084138,-0.368405250554512,-0.481458977520142,-0.295379993927042,55.14,0
124333.0,2.01175423348906,-0.314401394127001,-1.2146111982996,0.57588863952232,-0.231241735719577,-1.00771756716007,0.0876012473750275,-0.290503152825997,0.906690950399795,0.0402940618604804,-1.23960289520472,0.114060982385066,-0.594768582741175,0.156099394390565,-0.605926864339183,-0.483305239760312,-0.0288132448167526,-0.470378934589908,0.147592130895512,-0.218725527127388,0.131300538353077,0.619824116240171,-0.0215774512018129,0.0551838847835062,0.187350979346313,0.726510464339479,-0.0760494874872425,-0.0692190899747932,28.75,0
119713.0,-0.94327721309507,0.916528883758509,1.11714094871326,-0.104379297779585,-0.86440153025508,0.662277567002815,-0.0992742822101433,0.489249317765379,0.557544447363476,-0.654661765840344,-1.43530893089603,-0.132094118578272,0.0717495599244759,-0.0605228466610741,1.23578982199543,0.195857312088123,-0.298981405856706,0.730988223110333,0.871581245739042,-0.185032752820772,0.178574031353824,0.445096938421852,-0.104795754203639,0.477755429263157,-0.476117483813928,-0.299815937247396,-0.250184226255452,0.0716229822985449,90.71,0
154132.0,-0.0993976963465923,0.372215455050664,-0.603288833080373,-1.77896758935829,0.725151612804035,-0.829401525722751,0.999534382277379,-0.356899477369456,-1.43839148068896,0.517294626171428,0.0184866325167438,0.446378426798712,0.185373135447042,0.256102400084706,-2.19205590413454,-1.73169421592232,-0.508494720050229,1.07605646905696,-0.979576045907925,-0.742616854851062,-0.128412782000855,0.173470171907159,-0.084828988840634,-0.36827992341446,-0.941643409633732,0.281635909224865,-0.0591279440207862,0.213136548678978,14.0,0
37410.0,-0.7133998871985,0.193400546487613,1.57148763928241,-0.722063614266737,-0.494235202548012,-0.538037060805201,0.868992249432405,-0.0492945254615013,-1.90784996275933,0.14967225852697,1.0442609274547,0.463787963413853,0.17241337655403,0.270001776278252,-0.687831139232243,-1.01801205577552,-0.678423481573342,1.55525601658727,-1.53485264872003,-0.319361732662601,-0.300172474825766,-0.713534226009372,0.24564250879995,0.443646204029497,-0.165477152188945,-0.788156143790807,0.0860114280643556,0.135561118914074,118.15,0
59945.0,-0.699142229753827,0.319289595269449,2.27845203022123,0.736121484704532,-0.684040296979191,0.742861575948975,0.375170074937698,0.367697700829766,-0.234212212965262,-0.523237724919016,1.25918480741567,0.922432176099527,0.0919437709585287,-0.153965956681814,-0.109443311640124,0.0391761331634542,-0.319883020169889,0.379760057248131,-0.49883172612044,0.183524338894827,0.371672222565346,0.99361821420024,0.0857133332530905,0.224879652470941,-0.0327200779038556,-0.288623285445434,0.0908484667502029,0.074140471733316,130.0,0
124450.0,-0.628785991846193,-0.823582821509729,1.14878790869313,-2.35272242934432,-1.35532130910903,2.10299987730329,-1.80079632890124,1.09436189153622,-0.693789685101156,0.534306399869945,-0.986385900857806,-0.328038274632519,0.202386402992175,-1.14608939686079,-0.538547040631564,-1.73082009905821,1.97426539295366,-1.72522855814677,-1.6750321923148,-0.755167496722671,0.0468637977577048,0.750033923946775,0.251782125003556,-1.38864692999537,-1.02389306103754,-0.16726731997843,-0.288864959471174,-0.0063975103255786,36.0,0
121413.0,2.0608157547484,0.131387778301924,-1.83234977409891,0.207114638023653,0.698845878539805,-0.327757644548157,0.10276255925833,-0.089370357848057,0.195099777510217,-0.221093480585088,0.862993633867267,0.939192964085541,0.478838661148003,-0.756963485826082,-0.514857150518793,0.603831280578405,0.0591581164330785,0.259076423510192,0.483675693849786,-0.106366902709571,-0.333529516333046,-0.866699906082464,0.275642104503297,0.111465360549843,-0.222333748323728,0.176510245629071,-0.064042869320149,-0.0437084957764015,0.99,0
46898.0,1.27886411752558,0.111563550908548,-1.03274482032388,0.0429975219723626,2.15226558513402,3.40195660806297,-0.466284076136842,0.832508838157827,-0.153384231514104,0.0952727627260135,-0.102976885358735,0.0826586051343088,0.0159625960415246,0.472958394086133,1.18669114749644,0.598491017007875,-0.99773821603996,0.0990717457287124,0.0296868429966138,-0.0150375938521068,-0.283864218791765,-0.982593141638501,0.0691273052250167,0.952353205685434,0.521945617126246,-0.59958881962849,0.0253333885277225,0.0232754797434384,4.39,0
143.0,-2.14345753168918,2.10782615798639,0.213151875762876,1.28221656812522,-0.732558393859669,0.0235891509379041,-0.07325581121347,0.924142655115439,-0.356987542266807,0.141018335485639,-0.711177478766787,1.15744264987563,1.17737992027391,0.299913526361994,0.0688091673255114,-1.03152235339584,0.918291915832962,-0.790618196786212,0.701377811897312,-0.112865918642359,0.0446409641022866,0.345345863343989,0.0132326970270756,0.117188283681427,0.0124059002514129,-0.288530747522895,-0.473893869130148,-0.184488137118191,39.95,0
149161.0,2.06716029533969,-1.17848073461359,-0.616121224454272,-0.956724820688217,-1.00958017067432,-0.0674338183662709,-1.17964743324452,0.149806851188338,-0.0062133928817867,0.909227355229091,0.776594286545056,-0.280571754092854,-0.75314653994109,-0.111988276920664,-0.338284755422266,1.35102905735075,-0.0198387838915753,-0.60379240619042,0.660142963721785,-0.00193421641456,0.382209488890594,1.02069521948422,0.156515640613957,0.718170392452648,-0.220398627214666,-0.137846945320225,-0.0059337238727064,-0.0485354378524348,39.0,0
120055.0,2.16231061781557,-0.91913555841409,-1.71006101843088,-1.20973432695096,-0.113416823447153,-0.293553689134176,-0.504918817991145,-0.121980013578206,-0.668357953464795,1.03294664851841,0.417139274433825,-0.384661155310536,-0.113102263706764,0.226679445446366,-0.203476694516141,1.34986667358179,-0.352861954008227,-0.4677850529235,0.93207375299176,0.0804800887489307,0.469292438307421,1.20538714988556,-0.0966862592946087,0.14373434359499,0.23697469279822,0.0585424395846157,-0.0546920350791344,-0.0683946406846212,50.9,0
73318.0,-1.09818190930478,0.397387733700437,0.909696919643119,-1.97678392430294,-0.0486999874694138,-0.569158407960934,0.342871747577708,0.350963083944187,-2.22308885396919,-0.259910724676028,0.66172878742266,0.0460704922106647,0.598556135783609,0.29935562893896,-0.800147263672845,1.59085732171099,-0.212319582827667,-1.10473916680963,0.831413890775623,0.19029018451556,-0.0571258851435393,-0.695409417918964,-0.107312229908368,-0.378649107924545,0.476475943076538,-0.594928185324883,-0.139102232414639,-0.0533266930277665,58.0,0
121888.0,-0.590340987509954,0.142376322016263,1.31583232718057,-1.210926810369,0.608180324194689,0.672184557277886,1.21552031884188,-0.253102218633992,0.519746232652218,-0.516823781105175,0.354459697265245,0.349457492928054,-0.534657953572223,-0.400814060750005,-0.869073112747363,-0.0072282713022283,-0.894774701393023,0.0510491872796069,0.677196569914759,0.0417639722440971,-0.423332182945617,-0.872631024132327,0.0511759789393419,0.171881049713921,-0.360351301126032,-0.49876479199032,-0.316018312562545,-0.328368176996038,105.81,0
155904.0,-0.867668489199997,-1.06331857759621,3.21398736680559,-0.945690117748239,-1.51245076045157,-0.2650518018128,-1.2734224662401,0.452439203719188,0.767705128121361,-0.486114699352255,-1.63439887825121,-0.0872478611744162,-1.05242874131631,-1.34796506023153,-2.32360077803536,-1.70910350790941,0.478937311474963,1.17741586142241,-1.48474836247354,-0.55937942585518,-0.1368657170671,0.335201336360947,0.0358249497488142,0.948382211070944,-0.522814832463872,0.588321687030816,0.155091674226563,0.168237998953315,10.0,0
52795.0,1.25293805855429,0.309061823295527,0.316630149142379,1.03198708485523,-0.215736572959638,-0.688500799362906,0.0959877431288245,-0.15736447906519,0.0986485493199578,-0.0001328972717067,-0.710048405401367,0.0356240840225328,-0.0238491477883326,0.335263870643057,1.06223737220926,0.284776454496372,-0.598945458879555,-0.0329860408405853,-0.237036419337657,-0.1303149791806,-0.077458696079473,-0.206333356373024,-0.0645778679847894,0.0158255300537645,0.584842186863993,-0.416575779749263,0.0205817941650406,0.0222457236606034,6.95,0
33648.0,-0.069327419076588,-1.89823510602634,-0.944569059208682,1.41721939569168,-0.156744017638306,0.646277730160572,1.01108027202774,-0.0842009887997338,-0.193193259049615,-0.25074743913658,0.55957449389668,0.950245128434522,0.22099669304296,0.539950983358138,-0.292892603429589,-0.182617355647461,-0.375554968836158,0.0122093965957639,-0.0321243492773006,1.21186534779569,0.394423192239937,-0.200500115465379,-0.829482586666702,-0.777355996432927,0.620193320102522,-0.282848654330447,-0.102631299931756,0.107895032262482,670.41,0
147728.0,1.95120336728743,-0.225402126072438,0.171512415720943,0.537439997968222,-1.11673164983244,-1.25095959641186,-0.423776667886522,-0.212949546772366,0.854480053971774,-0.0369706706644657,0.205899281963649,1.31979288297213,1.14051765951438,-0.287540688509785,0.338281540848668,0.125378340191574,-0.253976195831596,-0.86237493024593,-0.416366845470453,-0.158840875648696,-0.148549642301422,-0.241580046216291,0.525012515340596,0.957619281143856,-0.715011812266197,0.212970641039109,-0.0243899470538407,-0.032286726199069,1.0,0
131385.0,0.117571413319777,0.456779941898475,-2.07726555867837,-2.07321978645273,0.408703212129604,-2.27529377127032,0.894539150796412,-0.122748458658977,-1.22202507403438,0.3463425582224,-1.58789220893665,-1.71755705667986,-2.04511687042423,1.01564347982041,-1.42903224005363,0.448351083315567,0.395213672076999,-1.40131926143316,-0.13512823862154,-0.268589807466921,0.698561016962223,1.97164737820014,-0.0638683680788456,0.0858240225672369,-1.04193665794307,-0.126021007081125,0.381035553564423,0.293187700938152,5.0,0
77315.0,1.16303275725986,0.0847979468645987,-0.156176862919176,0.975374852645428,0.607945409660381,0.943326125595278,0.0260615728508956,0.167126438821268,0.007199205636352,0.0109182941100578,0.0754050272631577,1.17218355434155,0.780324936528463,0.0375930746341622,-0.774895365327484,-0.162318229559045,-0.523156152068988,-0.126525607157703,0.419840780347349,-0.0294985722721075,-0.113503726558521,-0.14655681776095,-0.277234178806541,-1.31179827753225,0.829252418537581,-0.250883799775259,0.0339215621507961,-0.0014857937430584,36.83,0
160193.0,1.99372614482687,-0.312573854394422,-3.13835486982021,-0.38645169577143,2.58796436943587,3.29312488807274,-0.469816650712447,0.792946641794422,0.628078771726668,-0.479768396066659,0.0419324562725813,0.141152427745853,-0.390460899004757,-1.02677281923764,-0.10867852088265,-0.180322607713443,0.877476241245805,-0.102375574796857,-0.193860736303833,-0.0850637728085923,0.0648472053222439,0.352501556564772,0.0037096830153558,0.682337006933486,0.233975565345031,0.745159272724715,-0.0374198101770596,-0.0467014337398756,24.0,0
52281.0,1.18017748054941,0.311331499416823,0.167449808507107,0.868914807219952,0.202776596361888,0.0340823999305939,0.0847587556343083,0.0288885595721972,-0.376439278871317,0.116903923020733,1.36613466868367,1.26862882714169,0.730231632159646,0.43949762839041,0.409627014898996,0.012029039631641,-0.562186407899303,-0.0938117840894264,-0.321481127798619,-0.102197012895673,0.0947610172531321,0.356501471491178,-0.132618638356203,-0.274401212086061,0.654522475666572,-0.298524453170316,0.0308991094360505,0.0052812563799366,5.28,0
62650.0,-1.13431153466489,-0.914859351862326,1.16427421288579,-2.56778075774875,-2.58389654217277,0.732799472977155,2.15284478293397,-0.393186331473267,1.83244992635048,-1.98276703586077,0.851991118853187,0.284350679924442,-1.27686933918958,-0.0994195787003042,1.06245425874248,-0.523073353501019,-0.459978563898229,1.38972653635368,1.61170696102607,0.0437178172418422,0.163718229058551,0.9100970095515,-0.0940272922214405,0.0356266056840585,0.300668351469905,-0.683211378751949,0.130812536299714,-0.274785258871514,544.38,0
157682.0,0.0548147668971734,0.825636497730477,0.221687065106836,-0.61480115061977,0.43311391019309,-1.05478616463575,0.971882266465343,-0.168226855354062,0.0452097219706133,-0.394859199061759,-1.14789246664647,-0.18925791226864,-0.487394675747123,0.207573131665409,-0.33511851176873,-0.0257877595878572,-0.432272753596909,-0.636294099209896,-0.0246573610170176,-0.0684436629534681,-0.276508015776315,-0.641373787315523,0.0566548487015433,-0.131552031704074,-0.487460608298759,0.149207347522262,0.243716617644422,0.094767943885897,2.69,0
133863.0,1.36583199980205,-0.723664083552787,-2.55813247303899,0.714613827219682,0.910251766750778,0.682786754310637,0.283128763804386,0.236127733413831,0.639323178486044,-1.15020241893713,1.67925416256035,0.768195220904366,-0.675968136483834,-1.69362566771867,0.0310066685921219,-0.53204909115098,2.20889462966734,-0.294229234682182,-0.901451873854243,0.227416163510593,0.0908281744115101,0.0415016706412846,-0.12113904734085,-1.58982348880704,-0.138082601520226,-0.21920721204846,0.0157572560522543,0.0124187689299185,264.98,0
97300.0,-0.215107794017349,1.44807716032837,-0.893139475753258,1.38537084742652,1.70689670511981,-0.427423024522478,1.37631280012371,-0.1633796560573,0.220179207316649,-1.41725067974131,2.16402081723349,-2.78774821072335,0.512142134669725,-0.160760584332336,-1.39244656050868,-0.196464457008797,2.58601608549037,1.61272219327741,0.504094421277891,0.0756669482943275,-0.0438164055669703,0.134496288295372,-0.154216676770925,0.429256954617912,-0.0722427640613472,-0.482854542864348,0.165347029039373,0.230088771520208,59.0,0
138023.0,1.87968811409826,-0.509541053711962,-1.76972768040964,0.468141264119464,2.07235424101407,4.1661401153328,-0.85873042786812,1.07733470458465,1.02092486038104,-0.0025664061432383,-0.54175452176554,0.745736479601007,-0.372132292538181,-0.0643760526609334,-0.793799649778635,-0.495657797524636,-0.133720049527652,-1.00147309642465,0.0806411982872137,-0.172979818966188,-0.513759868287183,-1.34648756391304,0.458950230174254,0.617555794686475,-0.289793486814608,-1.08665721087646,0.0699187096313232,-0.0330587431317043,29.0,0
69202.0,0.0189227520470902,0.0677235183039307,1.64049296636001,0.582946495551713,-0.443213660061676,-0.0147419640974078,0.160622289385467,-0.242114542014407,-1.71287250580006,1.08756721118983,-0.0643515632707573,-0.266330270924323,0.866264029488761,-0.0511949591062447,2.21909272141313,-2.56844507990214,0.866048271613297,0.765830644213245,1.22010614047769,0.0515766366413647,-0.472202443920052,-0.723764755528269,0.296585322940472,0.0673196831759075,-1.06979563161607,0.462286553770032,0.0198093740559266,-0.0465254695109996,52.22,0
72821.0,1.26269679093101,0.0258902697116564,0.284099013893591,-0.118737207370663,-0.386653561685393,-0.724881389131699,-0.0386134396050324,-0.104262124147275,0.218925048255745,-0.239753755696236,0.0024365480759949,0.270217053863477,-0.0588442860336818,0.321250130009005,1.31129695182514,-0.0756187248637835,0.0212473745410997,-1.09990227458024,-0.190110632202472,-0.116938522994746,-0.206544346859913,-0.557664744219935,0.144831882096002,0.12568875812406,0.0955574213431897,0.877110496427996,-0.0710697249905628,0.000110718467917,0.0,0
133047.0,0.0607077079506689,0.279843329208972,-0.250697028921533,-2.37831885386233,0.53316507521461,-1.04394029131936,0.697404467471965,-0.310491510550318,-1.24042094331616,0.22984840337669,-0.807069803113486,-0.266002733089473,1.40738162878873,-0.385957537875665,-0.676455809661558,1.03826552198171,-0.337992872288114,-1.31406672778714,-0.344981280540895,0.19067398831547,0.562823592853017,1.71157605439966,-0.105779616940576,0.817131292650084,-0.631400180066136,-0.246373877586882,0.458230613612845,0.314700471560628,15.0,0
168732.0,-3.21471000344544,3.25826487269735,-4.09877506658507,0.338170903384887,-1.11024457241205,-1.97355001914318,-1.35476830261668,2.42394056833562,-0.921945545999372,-2.43486116953767,-0.966050358243434,0.906317035941205,1.14140019502261,-0.780233787927199,0.599226875875769,1.42035176660597,2.85314788494844,1.63978521029668,-0.433398231766122,-0.750154898179246,0.547815158333437,0.659310199907647,-0.0015968615740021,-0.298624233395948,-0.215806055262926,-0.202639382252901,-1.24010640959323,-0.311067983254694,1.0,0
128198.0,-0.679690478042945,2.94835337343382,-1.2711771953463,4.54679372448919,0.880557735429433,0.0963039092877788,0.435461593621379,0.328142125293678,-1.30162174617164,2.21668222302939,1.28457027610895,-0.247501048789837,0.214501490261065,-2.58026515964927,-0.0326605755689459,0.87335619356953,1.97794275387634,1.33595415324201,1.05189926891965,0.780968331062421,-0.488315786393545,-0.947187153922634,0.184318812442308,-0.645674041137894,-0.508202988814603,0.0279323077750423,0.30547989950258,0.0246362572494673,2.27,0
57074.0,-1.61298383241716,0.768013364591327,0.251416337668418,-1.05689697510389,-1.05686486344788,0.853542327550967,-1.0778476786953,1.26146957597268,-1.69536245188245,0.418331670649651,-0.266074230999121,-0.241365699162862,-0.205932470823248,0.922386261481126,1.14829719694898,-0.888205784384604,0.220862073992606,1.78351946140647,0.83751673200243,-0.644327329915837,-0.428435096711158,-1.17108916603879,-0.0082710204260511,-1.33178760572905,-0.617844022622498,0.902766962283648,-0.830908170879506,-0.369549583309913,45.0,0
57163.0,-10.3630494651588,4.54367201286394,-9.79589773551539,5.50800333404763,-6.03715599427489,-0.133492972364907,-11.7243461176622,-3.19834557193323,-4.76784222430147,-9.33212806886128,5.2241240042156,-7.74312234505579,-1.56034320038539,-7.14041803349475,1.18597782557697,-6.59870406570123,-12.1205390025684,-3.90409153348034,2.51343040062446,0.924396179705582,-2.45714487251707,1.68725664165106,0.977178353536712,-0.543368976583511,-0.289124786926125,-0.107586425389056,0.330641897772597,0.163577149556086,1.0,1
165944.0,2.03577873734552,-0.0602139474061209,-1.16621529488537,0.207707473559604,0.175170434096355,-0.598163199535077,0.111257698925959,-0.184500062952918,0.186420650030404,0.211922988805813,0.845403984310143,1.44799954275637,0.802265283163394,0.304663828900109,-0.673563124836909,0.0922431199335744,-0.645854785594944,-0.45057147567107,0.482632034577759,-0.161295989643107,-0.244924930781331,-0.56005534291026,0.285361837375372,-0.374495675533807,-0.27338683643107,0.201479259254134,-0.0666262415349963,-0.0724934853524888,0.99,0
70598.0,0.708537991979305,-2.42514253273031,0.41649773352774,-0.968321449621625,-2.32203146117022,-0.618460349060107,-0.794989119131732,-0.212861098594794,-1.53846938540943,1.23973701637008,-0.592151152561919,-1.03669001913455,0.399485154464653,-0.40383964969529,0.906074252625063,-0.0752925977481133,0.397957904864095,0.502913050875713,-0.600524273920244,0.492263779872264,0.23863102177401,0.184150252261274,-0.387841178353927,0.395069751388623,0.2126851038172,-0.0888723779531085,-0.0227009823357657,0.0976136583911729,419.0,0
84441.0,-0.196829225850912,0.982225142667014,1.08947961902558,0.944202024424267,0.726467351982777,0.510027615487111,0.665641861756842,0.0710563154869188,-0.381352614783171,-0.36886642915772,-1.32504381702209,0.235421193901067,0.604383391855875,-0.14327431839416,-0.005177438084383,-0.881745345299849,0.164308452327011,-0.514690968813976,0.750176001631505,-0.0118884674954459,-0.02686728230558,0.222403253585039,-0.254457167393753,-0.724899016208275,-0.152745995106846,-0.268786476050285,0.205987151648344,0.151108793986682,1.0,0
134737.0,-0.0519728636959662,1.00149115099027,-0.772496892641333,0.731247613652452,0.955974929516725,0.712985273641017,0.359471120244841,0.551562355245135,-0.395204523977541,-0.175980083503333,-0.952732932314118,0.109496094395547,-0.661181905271803,0.711603307176308,-1.22713317899874,-0.358729294162095,-0.364410270563995,1.01983177605869,1.41512543546693,-0.196847918757521,0.359187786851798,1.14154044692197,-0.196754961825421,-0.328784400148139,-0.624461063865994,-0.386721615226266,0.178435529981195,0.193205569901625,12.49,0
8619.0,1.12910942336454,0.342468035421511,1.66349385665962,2.91919247552481,-0.761251766705759,0.183303126870668,-0.676978092176477,0.106030495975359,1.45726750732398,0.135099563092796,-0.0795037958873093,-2.55654869084435,1.27431278715015,1.10059503229403,-0.996643661459218,0.611265806444506,0.33916280463648,0.123260126744385,-1.04120282706498,-0.233488571213715,-0.241923201549429,-0.313466750801036,0.0614801942848315,0.296673278341607,0.261252008260912,-0.0799548659304269,0.0136495124428678,0.0282818212651267,0.0,0
121261.0,-3.90064992232325,-2.04987548098188,0.712255114672953,0.825664225006209,2.11399701356088,-0.155862884643583,1.87080706434405,-1.70491309278553,2.82775931680051,2.66834831422914,-0.774014099691972,-0.192145277450435,-0.135876571964151,-2.37287050076177,-0.947974817638245,-0.689109498044215,-1.0880750763401,-1.14944301245738,0.432528125090707,-1.94145739653493,-1.70601928106326,-0.517954565781246,1.41469432306658,0.594995583366267,-0.44908224451175,-1.32241418116362,-0.197612229956947,-0.453859098709161,87.94,0
59762.0,1.12021598755622,0.426071676157052,0.987077964789005,2.57136090903298,-0.283618562925629,0.129845744397869,-0.13527092769735,0.132109519107412,-0.571612927162985,0.688224229331495,0.851310742314989,0.986083652731215,0.0329519150904325,0.0435192431466621,-1.35873180944789,0.461628551294241,-0.502641135857935,-0.21234767627546,-0.292529122685576,-0.15652609267799,-0.238762709058487,-0.592600780859982,0.0746587134418435,0.303148844770399,0.35452599445705,-0.197145179223126,0.0075586452055517,0.0159860471491447,0.0,0
47207.0,-1.3404258147995,-4.47473427600818,-0.348183981180142,0.946201918046019,-2.62426391204213,-0.387952189572467,1.15740552735498,-0.375524843085806,1.38386691080057,-1.4352040751476,-0.214010553330284,0.802780506591045,0.24094361994401,0.103042533260351,1.24091913439101,-0.189932945203898,-0.0633793200686277,0.460599882997876,-0.307753341976057,2.55124141657355,0.952590652760339,0.0030243777431596,-1.24074293271205,0.814461558436171,0.0603258152882243,-0.580714549611161,-0.163000210013024,0.26588880770935,1319.96,0
157650.0,2.04260022801273,-0.132571727934578,-1.20797226400629,0.421332838027051,0.015662256932516,-0.290900369965955,-0.469889792653869,-0.0631863606594573,1.33273001135079,-0.642606146036098,-1.42330911291295,0.0776184721728813,0.686817593859346,-1.50219536621149,0.824119868486107,0.801319377845985,-0.0140382552155231,1.12448350938074,-0.123450200949616,-0.115296834771437,0.151440034559825,0.709881626237922,-0.0839973191934584,-1.06186213184746,0.120787015914271,-0.0784249578623302,0.0525212587573732,-0.0203316678171085,12.58,0
79791.0,-1.1476544697586,-0.459087482935449,-0.10782114961339,-1.42722253615887,-2.05960511095445,-0.0004909253613102,-0.85808570355533,0.723137957993413,-2.53994595005036,1.34259810764179,1.0615622420868,-0.155968358589028,0.355634535090608,0.386768390472435,0.236036615554098,-0.3626883129181,0.940209749345441,0.142911113229329,0.515087132721499,-0.972978775929756,-0.228526313394585,-0.142789961639269,0.964922709203626,-0.0367846021965559,-1.46515943287753,-0.602745344838594,-0.181269167964542,-0.0342547248075881,147.0,0
141741.0,1.9361598616035,-0.103177221755645,-0.287866781751173,1.56642363173423,-0.341021775985283,-0.242125677064108,-0.222795919934595,-0.0303902047621159,1.1172372244522,-0.0285084245817499,-1.24598820603164,0.958829112039685,0.22609933282567,-0.351977072229595,-1.21190970242775,-0.485518853398599,-0.0416611109610125,-1.00460795853974,0.164446054223282,-0.277250701521564,-0.519997759178593,-1.16083502122971,0.433789157975012,-0.157001532212472,-0.309057644001077,-1.09888413673643,0.0612259478545209,-0.0310256951373249,4.76,0
68238.0,0.976905132291346,-0.168758560182621,-0.426127424704618,1.18603705872743,0.0698933962974679,-0.512826247683771,0.551868889316739,-0.236014678424852,-0.0652564403990514,0.0175711788431441,-1.25034840235333,-0.422998451685519,-0.484808309505213,0.584288768241267,0.889918050544593,0.257629873134604,-0.637108037167031,0.0732176440632555,-0.0707073609738152,0.187909122045045,0.0117408938263589,-0.34603578619112,-0.339554953748903,-0.456473286088971,0.74912557982613,-0.306766711855561,-0.0359191568839437,0.0371717661208412,177.0,0
31726.0,1.25332753805733,-0.331804763502823,0.291804386265471,-0.615686503725614,-0.87246717600676,-1.02099517443618,-0.152430568761722,-0.14051163567481,1.77740365309676,-1.10232411467358,-0.750968124797806,0.485736844964236,-0.915129111556063,0.0820847299908935,0.329084263311418,-1.12531890336138,0.308903906560039,-0.147932103300147,0.928872826947076,-0.174309645610593,-0.048379045646782,0.162969862458199,-0.167160186159994,0.415395127165928,0.836897968003683,-0.582840886698141,0.0604554980449711,0.019481740358896,12.95,0
65768.0,1.1950664008943,0.208945267165886,0.621471440262473,0.647952242370593,-0.456567995893331,-0.711058530781349,-0.0126566130424556,-0.08520504482813,0.0259197243685793,-0.108732878888294,0.289740512463115,0.537920810868027,0.192207048111747,0.296228330071921,1.26484704794445,-0.0828428683237175,-0.0232871301127898,-1.09232715267926,-0.599941145814569,-0.139563159561608,-0.209170454901426,-0.573349787180655,0.207365211790988,0.393688601269116,0.0996723684469834,0.104248382171391,-0.0123495391948514,0.0187343288401152,1.29,0
117743.0,-0.727938298620636,1.30442345638505,-0.48095995454544,-0.435148691314948,0.578506008637523,-1.21114429135861,1.11670557784911,0.0499618338294297,-0.465511858669843,-0.537422714199578,-1.39611071688897,0.113642846166213,-0.093152589323164,0.578472459518765,-0.918012799036649,-0.485503152668781,-0.0738648628975382,-0.568127408184025,0.0921819314570866,-0.159291300005286,0.0828100448226816,0.331560545225001,-0.230194769223186,-0.0556063452706781,-0.118748692837852,0.309039616506468,0.11102129195777,0.134341395682743,17.99,0
56978.0,1.10995158765841,0.112562521655352,0.831492411640571,1.00297004673886,-0.511216253162841,-0.110608561409699,-0.323942099390665,0.222693525450844,0.0660756950518691,0.117414558001566,1.59510841783584,0.576998093246702,-1.06234406324017,0.666484287801779,0.816015254988128,0.265397638029583,-0.389192820920965,-0.0896117019347261,-0.5070225280935,-0.223886953225257,-0.110713118260539,-0.375883894952355,0.166780604635072,0.146656888460042,0.134251016645413,-0.619861304678753,0.0434462632376982,0.0209175169664777,5.0,0
160480.0,0.0956437783493271,0.891109277891581,-0.0068500069044615,-0.767287362134251,0.836588365534471,-0.68311575175182,1.03648059669719,-0.196246171619819,-0.0918056008644477,-0.428307406656674,-1.48727451780482,0.239383643999477,0.799118226023435,-0.0634622833183607,-0.420299188416333,0.095040223751612,-0.719419444933569,-0.58379889429227,0.195236657786495,0.0277611143006397,-0.30237232117901,-0.656240883922101,-0.0315192268222135,-0.704671342547699,-0.366679017005557,0.182738792010035,0.250507112049786,0.0912479781293587,2.69,0
45271.0,1.3645161173826,-1.30398726539889,0.0530419351835924,-1.35212719050553,0.557024372128423,4.38215582435888,-2.13227579200889,1.21836951695462,0.573979430312561,0.320252074703805,-0.929141012561677,-0.251533360336757,0.0011408586119854,-1.25865443307792,-1.18794071949465,0.883990605491479,0.390577421161507,-0.922807439192893,1.3610186052595,0.157534938293344,0.0869319356243854,0.461646350793457,-0.127868997690549,1.07474138897465,0.640235810277169,-0.0305023326597064,0.0885936385962296,0.0206918641430462,5.0,0
79420.0,1.22727347448839,-0.384944611268678,0.800578470687129,-0.921212728655352,-0.963812320139116,-0.3049177260631,-0.660943075161346,0.116785421913698,1.53598132491681,-0.919847881294852,1.02117601860074,1.49089261204974,0.250122822310641,-0.0352192338230575,0.560754643140768,-0.165351693064418,-0.533059078704991,0.751051839402645,0.967012288744608,-0.0836387861749406,0.0214490362147735,0.292428507771746,-0.0924880311729287,0.0359405543362926,0.52463875338504,-0.684759755578964,0.0914814764402412,0.0224741608164313,1.0,0
49970.0,1.2553545611605,-0.0717073786527597,0.183053313571257,0.500832668113982,-0.0121616308609378,0.422118978070325,-0.261197901783731,0.113158609822634,0.411131744311689,-0.0582948330542473,-0.0748321405356198,0.945549200653912,0.368412422315157,-0.139986160077999,-1.02665829719777,0.186690702068104,-0.613714030089682,0.271775221814344,0.914388077452164,-0.0471368528267873,-0.128464094967664,-0.148749831865007,-0.232094219639086,-0.759709050145188,0.685323709248401,0.464306339037478,-0.0177175485061342,-0.0085122996123333,10.0,0
138003.0,1.8996926014193,0.53566288775528,-0.706875394762143,3.64555177097157,0.584118549356068,0.239578995726053,0.144792948245971,-0.0593116974722869,-1.24222656971037,1.61167260174959,0.274731433202922,0.875960516774268,1.03812598969503,0.134810590603396,-1.64241360372886,0.946390386156826,-1.17709545812458,0.26523169862388,-1.24052223264028,-0.197149285605453,0.332428803054123,1.08305360682042,-0.073650240489781,-0.292750354502336,0.263935313527235,0.240249462881787,-0.0315678478707269,-0.062570779470898,10.62,0
161141.0,-0.0379242564841397,-0.582394477973872,-1.42117345569677,-3.72573834993562,-1.11688673161579,1.67841614903074,3.40235311510285,-1.1729894124385,0.643387018702891,-0.38384630849774,-0.0712232329380388,-0.360552165236439,-0.466506499989985,-0.167110918061624,1.82695622519103,-4.00258496009157,0.694581881065259,-0.0145374902419083,-0.459236075090999,-0.941409894030231,-0.311516055491946,0.926076343990614,-0.0003903836931462,-0.312311134284464,-1.05054182742375,-0.857043964884244,-0.121798571875063,-0.629045678058977,509.94,0
75803.0,1.10402110530397,0.0683987625668273,-0.0407379276333593,0.860546146861057,-0.0400319338247139,0.1750084467212,-0.262475365601248,0.219732485985558,0.392850573364996,-0.648502117836414,1.19377019883762,0.702243884134487,-0.527290365350129,-1.29349970830344,-0.623569395321839,0.11992250218994,1.06216989489712,0.229744072836295,0.0337488897380225,-0.0688147352421397,-0.115750293732035,-0.144651375032209,-0.130336101821523,-0.376623769445195,0.471390291466284,0.443267352810903,0.0083971089650963,0.0284424985757828,29.56,0
171325.0,1.96248643130546,-0.493880073586322,-0.22765128106147,0.490397835864842,-0.826257790197963,-0.397802826467786,-0.724866820847948,0.027204305790416,1.28558454447037,0.011963855347709,-0.744487993027326,0.252490598958853,-0.219771399208016,-0.195769215958793,0.399721139824763,0.241510300052375,-0.355098121441765,0.0082119449939868,-0.421825999693988,-0.183589633424316,0.234380860345918,0.843372353015431,0.207998321346639,1.20470961944785,-0.274103095593548,0.569151613102003,-0.026737386020304,-0.0367957807667824,14.99,0
75556.0,-0.734303155037818,0.435519332206195,-0.530865546585229,-0.471119606930407,0.643214386605141,0.713832369657908,-1.23457207133269,-2.55141159871634,-2.05772382572102,0.166830707878014,0.567551954604602,-0.85805991589575,-0.448067929957678,-0.264936238828755,0.88886293915465,0.838120616560385,1.42505965449185,-0.169664182600728,2.50202738858443,0.864536120628702,-1.00487737851609,1.15035358786928,-0.152555282700309,-1.38674463324096,0.0047160148280004,0.21914583821982,-0.0582573076118087,0.158047988697071,29.95,1
43417.0,-3.69660909965068,-4.36048124917762,-0.0589368066596566,-2.98807594672943,-1.863843932191,0.727023550161843,4.3653708416037,-0.31872180785532,0.707523077515841,-3.26550364675766,1.88343529508115,1.02346847328533,-0.299710556385612,0.45240349829793,0.89058872985113,-0.612376612327481,-0.538671178363837,0.109268581186659,-1.15410686621766,2.7885265006554,0.869475419228041,0.193693246471779,2.71257671106674,-0.439591515623694,1.16466404593681,-1.11439022497433,-0.558926127185509,-0.0725394683893378,1230.46,0
72820.0,1.45479359779505,-1.02425883172305,0.704146071444731,-1.32257559140462,-1.68831707138169,-0.892823523336898,-1.00595163092325,-0.214538905956186,-1.82894563863457,1.38582138609218,-0.329690106125662,-0.538787725297563,1.10464333724498,-0.4884636554888,0.695294870139332,-0.212015719055046,0.393580258068751,-0.148864050249661,-0.251239394402209,-0.236522429182465,-0.347300203365329,-0.677180397264097,0.151093741342431,0.356776980083535,0.141684080991987,-0.414958663164353,0.0420546262624843,0.0354491292209061,38.0,0
64277.0,-1.67061060924623,1.78512723175509,1.11290427019821,-0.415172344378501,-0.131568429679267,-0.303298146951394,0.500267656712889,0.240774357541279,0.249130354062562,1.34841587328283,1.85842452456362,0.961988794631446,0.125882952926347,-0.0208906550618995,0.438845878670411,-0.0683123805456335,-0.351093699395204,-0.48317245083995,-0.282478022495773,0.708082687978774,-0.289832333480046,-0.422309084707451,0.0695047033688786,0.192885773267697,-0.0566733447653744,0.0931487401339495,0.800082755995115,0.448348761283472,8.94,0
135728.0,1.55948284574458,-1.14924349190629,-0.485848087282809,0.396366505031403,-1.07298054265393,-0.46234725138739,-0.45264342117203,0.0159117514885775,0.89062496199731,0.153997148902767,0.867089719586782,0.597077271533952,-0.584594102017962,0.307274218529283,0.270154611228297,0.760393930440559,-0.81108428835473,0.649669389600752,-0.185811044353633,0.202106591520507,0.353297789311469,0.6207287657762,0.0169942323971524,0.122169199343756,-0.493705026239619,0.606637969099368,-0.0830794846924488,-0.0229234310019295,215.0,0
76599.0,1.19256762670872,0.151508477235305,0.603083432646665,0.562268695950151,-0.572917296454022,-0.795432498068361,-0.0644106145430137,-0.0439437305318296,-0.151944278909458,0.115426204100261,1.57860767448223,0.854021486176745,-0.31512861712804,0.550960572816398,0.373130350881423,0.464252041599754,-0.57012407626506,-0.049922323685145,0.0953634658006947,-0.110942151779462,-0.195026650489855,-0.638878307330972,0.150843401866634,0.516638527284178,0.140886634753143,0.0656222561508129,-0.0369274998677748,0.0107218129129181,6.99,0
79170.0,1.21447713478823,0.287685360914498,0.272786751981918,0.645740461184746,-0.209854153445531,-0.610123264729742,-0.0116832766489378,-0.0486083562949557,0.0725882577298154,-0.317940442432126,0.105768961059148,0.16655143736411,-0.0826993716972906,-0.201906088615986,1.37745797790283,0.199547041656817,0.289527707287068,-0.712821707451342,-0.554534945910586,-0.132625739422887,-0.263789507422833,-0.738770741844881,0.163023482967644,0.0259762641077846,0.133808342327249,0.12517180268652,-0.0083265255864768,0.0266517315689651,0.99,0
80482.0,1.20322573472392,0.13476592939355,0.599447392391231,0.562324960157618,-0.610336533596402,-0.808958055548639,-0.104694550897951,-0.0150653755691939,-0.0782489152450736,0.132245955462064,1.49628021616508,0.59729328071327,-0.798421792730452,0.645649207465182,0.425327342571245,0.486122874297188,-0.542733642182787,0.008079404573357,0.100440125891471,-0.153449707628461,-0.204025471455043,-0.675367294926625,0.161656126835062,0.50314172142243,0.126661433313158,0.0678463184304365,-0.0390032642640979,0.0086935661180512,1.29,0
137271.0,-0.98355323186077,-0.256355895154928,-1.2414596054608,-3.00451656389449,2.54113226428247,3.03790718148852,-0.647275352140139,1.40249466835192,-1.37406598646276,-0.968369274782343,0.0464673317836454,-0.759686416413588,-0.186695664526751,-1.04548580145644,-0.227246884133645,1.68656805394499,0.985096426437617,-1.34218361722839,-0.146928221788782,0.185409807005447,-0.148075697603722,-1.0365827481152,0.242592450504824,0.532417221567367,-0.579122242189536,-0.796942017890005,0.0389048119611219,0.0405559998405264,39.99,0
131201.0,-1.82422265440613,-0.620020693370301,-0.467198869613807,-0.407000056242754,-0.476089176769928,1.39157457311422,2.4523661115505,0.441657467576127,-0.843092289894088,-1.67094657417863,-0.520258051319495,0.543644236779497,0.502731989037439,0.52045443061816,0.174104109291314,-0.999377756638668,0.706510150359426,-1.9332564224561,-1.0929105064902,0.952881615304257,0.284531513066558,-0.127786541088868,1.24720711755931,-1.15369301506807,-0.0664637176931464,0.361554548201604,-0.209685282339727,0.0606355880608633,556.16,0
122469.0,1.80883446689686,-1.33302991313916,-0.556547587163047,-0.165514795366246,-1.38838350489449,-0.731744451561169,-0.663268063765026,-0.0923207644035894,0.479492458237084,0.517942234205579,-1.29822433408161,-0.450946862664921,-0.990599001891926,0.196414683954648,0.730369205207688,-1.36491222233253,-0.205982320438641,1.37324461883133,-0.766320229390042,-0.424836977752775,-0.503475609296267,-1.23412738581758,0.331022378591628,-0.161603558729256,-0.565928688428572,-0.989280794639714,0.0435805143461996,9.28601235991589e-06,158.94,0
34387.0,-0.200346950935622,2.00364973057964,-0.704268466044272,1.03798126688607,1.3864164655344,-1.76561973965609,1.46307963337765,-0.358185807534067,-1.02385295854279,-1.93010593124268,0.670254010171748,-0.520755134542951,0.264340308555466,-3.54455766464218,0.698164540805256,0.888636468357789,2.65924797247931,1.46747498206376,-0.704856317424725,0.0249791734987773,-0.0577023413666543,-0.0549269338768242,-0.247655687983451,0.0642381053166717,-0.238880791724944,-0.447547320890061,0.217728305586931,0.264141466011112,0.79,0
168707.0,-0.0260817248013741,0.739604699341791,0.331946674254774,-0.645298927288345,0.657769454780333,-1.05223810628308,1.03766586755951,-0.233692161842956,-0.175235549499107,-0.624470445563704,-1.05776060479626,0.0438369463499742,-0.124027253818343,0.226781742681999,-0.462001211299051,-0.157070955999504,-0.400974698047524,-0.757494006185949,-0.105535303175727,-0.189077725417897,-0.136458408887028,-0.325642438538837,0.128595388849083,-0.0860395811016458,-1.11543603420141,0.0353984999216677,0.168510057369329,0.226178059986396,0.89,0
149651.0,2.33607509000829,-1.20056093182456,-1.30012966927059,-1.54407791791254,-1.14559218597472,-1.3940819828739,-0.740896130060852,-0.429037895594938,-1.52723286449895,1.70002908817186,-0.931113434363913,-1.11982263663259,0.122737544787141,-0.0504006329493927,0.215194370281433,-0.602192167542053,0.420598429292485,0.0905525358426042,-0.329786796995458,-0.462190274187096,0.0658879224778716,0.666428650424732,0.0706058426985033,0.0290224203159352,0.0829412957265936,0.0704248495086886,-0.0156021216434397,-0.0616363600817065,15.0,0
82572.0,1.42181917981094,-0.938858720679895,0.0539326109421162,-1.31990833932098,-1.23698311223155,-1.18527943488049,-0.427966088329799,-0.39770236401597,-2.23360717028587,1.39262867789522,-0.302977424175147,-0.460746837138384,1.11346754951003,-0.21377186671584,0.298358363501653,-0.578679612535201,0.564421164645158,-0.626873314327211,0.0314243399588898,-0.165882199305665,-0.523289087847456,-1.28917350976919,0.140141219838485,0.288545952943829,0.243976735499745,-0.5340903356036,0.0019799158544964,0.0311709747326502,76.5,0
96717.0,-3.7058559456413,4.10787318567637,-3.80365599543613,1.71031444791959,-3.58246604635748,1.4697289395611,-9.62156012711908,-11.9131046925977,-0.322296771337166,-6.62569249371823,2.17523030559549,-4.38107755793604,2.06329870945929,-0.673818453194249,1.40076321660287,-4.25492662033392,-5.16021301572915,-1.30252591599748,2.59445276115475,3.63960274068724,-5.49877168010629,2.94147540326902,0.916235852911927,-0.25550447969595,-0.18383483865098,-0.584538952417976,-0.315483570351021,-0.0972228121259146,1.0,1
151567.0,-1.79695652074509,0.57701270978098,-1.56821224219521,3.2198099736179,1.57537904529092,-0.880948533634543,0.488424196194492,0.648449091839152,-1.90690142368008,0.838595593853443,-1.95164738082542,-0.634357407004148,-0.795130963589285,1.23510635119155,-1.63703796942749,0.623730995760782,-0.34131518209557,-0.383629780767753,-1.6007721964831,-0.326762071619418,0.293999749935157,0.433911892272638,-0.354527114332421,0.753997787300134,-0.383051535063209,-0.0342947170103644,0.129540642792173,-0.282258962677239,66.58,0
126087.0,1.83322485367559,0.187321785827835,-0.114099589340734,3.96270221886557,-0.0896255291969446,0.508140569915278,-0.3707228346348,0.250218573929185,-0.330379679077909,1.48979682672951,-0.0852810763100545,0.095157038148183,-1.45078503383787,0.120786131649603,-2.48271215335961,0.543310213799105,-0.481732386251127,0.0502618445276745,-1.07062572553749,-0.403384219151115,0.131932100126805,0.587147717953905,0.100461025567546,-0.0078561780684791,0.0070456471430562,0.119173793123719,-0.0109704894692837,-0.0596818098062185,0.0,0
136238.0,-0.693778255915951,0.659239792108866,-0.861292464606782,-0.121798172400628,0.14833201434143,1.16975101129531,-0.558235276640584,1.25728417166812,0.228911708210914,-0.685419085482892,-0.776256027440647,-0.089150188377368,-1.17666021752981,0.890885214573539,1.18724747650899,-1.07604383348152,1.15554502878533,-1.54783543678731,-1.59526620513875,-0.707655687026013,0.59472187696223,1.7595358612008,0.211948622311681,-1.41368474812087,-0.678214133470053,0.69756695757805,-0.385439291015586,-0.197655690196122,31.0,0
26783.0,1.10877448276666,0.0959292798233669,0.716665461299427,1.31873194970729,-0.250818745193077,0.352748116841903,-0.24142035411499,0.190380080757486,0.198085787141632,-0.0119755025763915,1.14896195562945,1.53010198758065,0.31477210982078,-0.035066252750018,-0.942081029391156,-0.498558484226243,-0.0099716753806469,-0.416382677212467,-0.108125731881792,-0.152694228633579,0.0028647817910509,0.288156655269143,-0.089151764910067,0.0485372282793275,0.618648369672646,-0.287458835998953,0.0568081226540936,0.0102581389066122,4.5,0
146721.0,1.68799433879733,-1.74559248388286,-1.16799008559901,-1.09488675131588,-0.131793669748019,1.79395604268529,-1.03293369143666,0.533924405873076,-0.0396671064093002,0.60122755822549,0.772037793823285,0.2176620632431,-0.249167580395523,-0.178403374190521,-0.244352090898069,0.510040324370744,0.709441142672898,-2.36466598468859,0.350385094826315,0.267259826444351,-0.0235435737582503,-0.38922024620037,0.2906848693843,-0.982457135321996,-0.694597885164727,-0.50959603662757,0.0118329657570388,-0.0325978340362357,195.0,0
85814.0,1.19366729123931,0.107185388117395,0.121225952658918,0.468785036235721,-0.141113936483254,-0.137101773680235,-0.23544366279806,0.214735084664474,0.0890428049818087,-0.0993586676682286,1.22497070243792,-0.144022140037203,-1.78481719739969,0.308293052711741,0.884783597582467,0.5703291796781,0.0150649640506668,0.0952122653154579,-0.129857784731692,-0.218418930232355,-0.253006709344468,-0.823923866491347,0.130164351460768,-0.402187797479409,0.0909031267490313,0.133705472199977,-0.0235060155505737,0.00952781467709,0.89,0
154478.0,-1.84945455105464,2.5054570159892,-1.72847933498831,-0.524317782006199,-0.380248591521431,-1.29256664268255,-0.022506411986424,1.11585567002011,0.0234999357534794,-0.31003413097884,-0.453988061670007,1.10097818419822,1.14837887681708,-0.528151030467587,-0.436510065294689,0.44142110862562,0.941875632374792,-0.443411963165585,-0.544182249001619,0.240398283061804,-0.299515536262438,-0.792133802447263,0.326879753056354,1.05645274797874,-0.173231775263656,0.105338425745756,0.290451967097803,0.128420107481695,12.99,0
64487.0,0.867743020022356,-0.529447088777671,1.63307036344149,1.42532226049781,-1.10413694865921,0.980264667624457,-0.996000977090484,0.460776302620074,0.851160354997975,-0.119197594494404,1.05616806817561,1.53766413408204,0.574956906568553,-0.53442131204193,-0.352338850847097,0.139368165384823,-0.3134540086294,0.330901608578835,-0.538108626582831,0.0616024208825856,0.312290853782719,1.01338676010507,-0.176081002203209,0.0713471274473802,0.350055838186735,-0.172528892109266,0.0976970000704434,0.045449206462748,95.0,0
143856.0,2.04434203001541,-0.12099477362173,-1.24819456860699,0.178930890502519,0.184614709964389,-0.525815620593065,0.0591853284322925,-0.132829374518727,0.308715368300019,0.233355832401635,0.579701932267374,1.00410645967376,0.0922017944450864,0.442302887547199,-0.581067508371877,0.172598771515048,-0.660545413540158,-0.308829023453865,0.546258334662682,-0.201471402264177,-0.263091879643873,-0.649798833545332,0.274004500089984,-0.551322361368473,-0.277830709396367,0.213546827396981,-0.0718404725811501,-0.0754918205492121,1.98,0
90395.0,-0.323329697837611,0.842450961640652,3.58066312365593,4.76462227448994,-0.13061842519254,2.93554432578155,-0.782019072806741,0.50029242867492,1.12538128033995,0.686666913307294,-1.72258860250383,-3.47075047641631,1.31768982372177,-0.0016684487509564,-1.61912436819465,-0.27636373742037,1.09844636731896,1.029367473191,1.65049895854551,0.274847507615469,-0.150195938168,0.404413881672212,-0.43880876308709,0.0556973319456471,0.150147071238698,0.598709829246422,-0.0035120684941773,-0.120661575786547,15.13,0
50000.0,1.23250572891967,-0.337184670134526,1.09573827821882,0.102168227621483,-1.25416512228172,-0.564985649678052,-0.726103022887237,0.0429497292933527,1.05858149634834,-0.308185985074197,-0.641970922179136,0.0544593194590815,-0.388489998410815,-0.244860879180176,0.795738736792422,0.349896606671053,-0.203276915622983,-0.0555429408520887,0.0151376663055901,-0.093125279834491,0.0634849411012362,0.323696256550749,-0.0204474942981154,0.479834683950812,0.192164777042162,1.14209759837923,-0.0409000921580342,0.0130851533131467,5.95,0
170135.0,-1.4824317890373,0.797237430321223,-0.69687994310501,-0.118655403496194,0.215528788433672,-0.92922356125834,0.382288266329336,-0.898376353202036,0.201507379934139,0.0099977928562239,-1.22023985815539,0.289370355639129,0.119180718990814,0.251625624107758,-0.370954656977076,-0.230202009102982,-0.0501409409667751,-0.664922665366425,0.634977226746057,-1.09672586122841,0.523809242496963,-0.44721889808653,0.733371267640968,-0.0926081045801079,-0.678826164115105,0.220131608891115,-0.378864620063601,-0.152623729494812,31.65,0
61292.0,1.25966807567607,0.513234025543002,-0.585484025849414,0.64360979441392,0.241012249939836,-0.905476113559488,0.260280101523814,-0.127451228397248,-0.338084069987272,-0.416498412053167,1.44795512429554,0.298231470818661,-0.459212071660925,-0.762588610312349,0.302536468032052,0.769572631474035,0.465052457539182,0.789223601803836,0.0939370989477475,-0.0798549386009459,-0.112673978879291,-0.321926599419048,-0.128179745109845,-0.0996002535506912,0.572766768027031,0.373197988877362,-0.0407319539948149,0.0222689253185615,0.76,0
29860.0,-0.454982927413979,0.836118788527972,1.65307319051192,0.478815762432911,0.421601944303598,-0.868358584753538,1.06695240748872,-0.349937098227695,-0.468155726229302,-0.247452998795879,-0.539389361470663,-0.408657494465804,-0.430158384966685,0.166804478220245,0.7691567906479,-0.151050169356243,-0.481325569385999,0.0576079201221194,-0.166031427010113,0.0452082768902708,0.0862918233696609,0.349888427912175,-0.254530131010611,0.384253113761817,0.126624993801179,-0.403998957040158,-0.0637241649293087,-0.100262093682114,19.44,0
92495.0,1.55932910265095,-1.69518441637496,0.929420763713926,1.48970900287145,-1.91935783848024,1.11946339266151,-1.73359090893547,0.302565985484207,2.5138293821816,0.137200667530467,-0.727981235793771,-1.61543459924992,2.33552849236622,-0.0233735847436059,-2.46223901581218,-1.89339501977645,1.08538241062212,1.60296965928084,-1.373141103324,-0.294591324122244,-0.249948821839148,0.143585403356156,0.127699545044899,1.03128331666801,-0.359610471097536,-0.586106990350448,0.10014936563378,0.025315787262645,200.0,0
38572.0,-0.475186284282965,-0.471474113647637,1.82521001809416,-2.87695584909325,-0.716704531616303,0.413885978528041,-0.498021079951888,0.244022783949968,-2.33703095604951,0.786615616995027,-0.311748510752895,-1.36036799551069,-0.155502456828622,-0.38311339148944,-0.224712711122068,0.703223145601371,-0.552154670348841,1.28131693221677,-0.0659722241130575,-0.247211322507714,-0.216045653475189,-0.452481546603055,-0.27858068048353,-1.06822259476294,0.300954362254701,-0.316013882094102,0.0518247405624938,0.0490408769432872,36.9,0
139441.0,-1.39197143721587,-0.122491845388143,-0.365614029801016,-4.16287671984381,1.70803609270706,3.62892060564108,-0.69874551691705,0.945742531802618,-2.14678465172451,0.974878478748777,-0.458503134269553,-1.16993296750968,0.0850044565341315,-0.409035408076424,-0.359052443417898,-0.553291910951477,0.255608652537633,-0.215643436625583,-0.777356861873148,-0.454397230441419,-0.113956220086631,-0.233541431872092,-0.313401259211823,0.678680632214131,0.694059223938924,-0.190159279098128,-0.952577799553887,-0.191301112053532,10.0,0
64110.0,1.17895946417751,0.504807364126838,0.603654399282431,2.51272278022367,-0.256627559891332,-0.56971415776272,0.0938929855126484,-0.0863246760523854,-0.601772965390911,0.722688919891253,-0.71650627738363,-0.583046543706445,-0.819084760262063,0.452314283027925,0.591748635918142,0.693087603446479,-0.575084230223846,-0.0901477977842304,-1.05093410576538,-0.191793971595905,0.047058928896762,0.0605311501298652,-0.0655026997023773,0.371523726722501,0.528012900563354,0.0698789544801437,-0.0186093729327054,0.0204082175168525,11.41,0
70229.0,0.315641749332386,1.63677796226183,-1.51964988293973,4.02857099852445,-1.18679426720391,-0.789813099852487,-2.27980740468004,0.472987926704315,-1.65763500271185,-2.89499040084744,1.60198538284757,-2.82494562476694,1.26920363552044,-5.59136368933409,-0.974827287131074,-2.73779549628906,-4.9615343155062,-2.22479740778771,-0.136117269757132,0.388884849068478,0.345920750226663,-0.1080015945344,-0.165441941824109,0.279894580016653,0.808783092569154,0.117362632970147,0.58959490284462,0.30906407378289,3.79,1
33706.0,1.1677761761554,-1.59255721683988,0.890427357250506,-1.25225033582887,-1.91663292103788,-0.162906993652657,-1.27941502583327,0.00317934264698,-1.55713417245876,1.27831914460976,-0.205725889534983,-0.550722703477412,1.06014089216403,-0.618119542472569,1.1684894587369,-0.291769595813222,0.576231938719956,-0.157083901220045,-0.85709963102497,-0.0330638221930279,-0.0252014203461951,0.0631163368838499,-0.012376322088639,0.0653341745583438,0.060220332581732,-0.206585337901069,0.0571624521007605,0.0559119932127198,152.65,0
143024.0,-0.914861675879652,0.843115375177508,1.32603565055931,-0.907460416815394,0.290247691337688,0.0656970821883334,0.509790934975916,-0.0455437642705502,0.877623325306223,0.170559511921814,-1.19581609908638,-0.0953462057031601,0.337777833055389,-0.798429669382308,0.0340639810066489,0.166286277726754,-0.760116421172761,0.165592513814857,-0.309839915348882,0.40589878078266,0.0735705855759349,0.79091883161364,-0.263127653723247,0.640554392542913,0.07191546027853,0.590829702154206,0.387467191688716,0.121511686121258,11.2,0
109950.0,1.91031239125946,1.29399525627765,-1.49864216057933,4.37769509793634,1.00692170248289,-0.74525370949898,0.365352906218335,-0.248486207215772,0.234218385560938,-0.0559355508986137,0.519640351090958,-3.29565683351959,1.2533941932143,-1.02596924325467,-1.31370239006778,1.66313713181856,2.13919285240095,0.71069397773348,-1.92140626322456,-0.274485105499143,-0.581973162628988,-1.40563984515202,0.319727690592769,-0.410578241019119,-0.278224419990522,-0.377513169054752,-0.0316698616118971,0.0104431875000021,5.51,0
100133.0,-0.544426823058497,1.10002199556166,0.563891287570737,0.859345754013261,1.39782746800421,-0.91351164177163,1.43637517373698,-0.447652271609201,0.283364179616876,-0.880251236003158,0.0138407255175761,-2.02107901861768,2.44432538122331,1.69799382909569,-1.45208112084629,-1.05700382038679,0.67758150660244,-0.285141061432742,0.0073117438018319,0.0168684624485176,0.0090839969734026,0.367691022518494,-0.355319733733358,-0.0324868821232216,0.596711693066647,-0.440706925395327,0.0729951835891816,0.118951652023477,29.7,0
23430.0,1.18376231124162,0.0594531290618506,0.505434942047387,0.557735218893335,-0.188036102673482,-0.0116515621320304,-0.313370731448103,-0.0095610576894162,1.32331709771387,-0.290345730465928,1.61166424800202,-1.91495541122021,1.69857697380723,1.79259790191819,-0.17071669920541,0.876865855489538,-0.286746917576808,0.692832724028435,0.189230067620724,-0.0323312568023731,-0.352303455727009,-0.909597729366997,0.0127291967116711,-0.570733418459208,0.177464968318463,0.0942740091110552,-0.058069411007078,0.0050913623437162,43.0,0
57249.0,-3.58409796465095,-2.85976625008451,2.16746188092633,0.677827300745094,0.955558040899309,0.0315808482340744,-2.35410318252283,1.24188982505787,1.13893288411384,-0.956438981959042,0.404210039605185,0.944928223061517,-1.45086008963651,-0.238229686746166,-1.50261136651177,-0.212839064114007,0.624992276226948,-0.524266347106022,-0.603161834366145,-0.476831017515123,0.0550167778570617,0.116199888076428,-1.21070687061128,-0.134979435405188,-0.0346196748348702,0.510489583964541,0.289831521038274,-0.901623759703844,22.5,0
170785.0,-0.463674028401577,0.844134452637737,0.568818577869453,-0.416861112725334,0.379003228439142,-0.737791720989238,0.792748157090235,-0.18012117483801,-0.311836867971868,-0.0367057617575219,0.850475392327656,0.493903969459519,-0.58951114968798,0.375764968063976,-0.678565491219016,-0.121081915547139,-0.397430864575496,-0.17316257197427,0.7700904838269,-0.204822961135375,-0.153484438565529,-0.540104829252813,0.0232570912953731,0.0666867109524934,-0.316616109896067,0.211574628668559,-0.412622060838627,-0.0050323655284177,1.98,0
14470.0,1.10016725185129,-0.286983187900547,0.891814406235491,0.244360068427083,-0.861997933747894,-0.194670590092064,-0.694945273393008,0.15773492161959,1.70963998251049,-0.357247372892728,2.45977073269408,-2.4132703357459,-0.0177647030636057,2.05023201117251,0.302240841458672,0.412697932150601,0.492702148306148,0.344527007878458,-0.545375006447657,-0.168717188807571,0.021061345309128,0.18509319426054,0.0264022459458074,0.19648462681407,0.011543087047233,1.03403716781205,-0.0917345377913954,-0.0052968360090834,39.0,0
36749.0,-0.479034243893044,0.829256007253093,1.43749838546541,0.605333958134641,-0.137316607123262,0.0083905533749811,0.812323862338099,0.051582638943598,-0.0891635000886596,-0.488322827515599,-0.646901449632187,-0.283020775288736,-0.979392194807784,0.158422699352891,0.369083850724724,-0.48929769201589,0.130460794186021,-0.643803327829607,-0.287317032796168,-0.195415901454917,-0.107442863536952,-0.268607877715629,-0.0439784952973422,0.0356792916253785,-0.010291742392687,-0.532900865779389,-0.0422353915839345,0.0069758066961345,66.11,0
123788.0,1.76015113151021,-0.622955426130886,-0.606726309936602,1.28478929628929,-0.502398625849564,-0.0242108489656404,-0.490887427814078,0.105276658372073,1.14172390380755,0.212660937131544,-1.40781810289784,-0.727168889516862,-1.4392691957686,0.326295313063154,1.02877810707567,0.638949249126136,-0.791598752787758,0.671763071221718,-0.698581771136845,-0.0841014736961208,0.256047936237256,0.517623241679183,0.0669517071509691,0.520616184808087,-0.140177163451301,-0.59191239525226,0.0193939870227609,-0.0083019698739311,121.0,0
129287.0,1.83119398469845,-0.687898390609546,-1.05996157854367,0.605634983564925,-0.238414108837729,0.561206759729621,-0.808173346095208,0.315723870871599,1.48879109396081,-0.452690708012665,0.117925382393369,0.380963927230475,-0.963628122560917,-1.44193567522112,-1.29975962461594,0.419888065076907,0.5618930307997,1.03860437115012,0.279924169101053,-0.064213630333939,0.193150156474851,0.756742684762185,-0.0670174653526381,0.202080778276626,-0.0193832231459364,0.749865860533555,-0.0209784999521363,-0.0277743220363403,71.99,0
165955.0,-1.41969964303245,-1.59699433420338,-1.20683291138436,-2.68807646237842,-0.672722007794245,-0.235317662702241,-0.857289979775563,0.503239506646663,-1.62382744966852,1.15422980277347,-0.351186467797569,-0.134336022093427,0.80703898638113,-0.201465488848533,-1.68822061045368,0.358278042403354,-0.29323255192518,0.829384366225375,-0.558270366488259,-0.711717582609139,0.14595757951739,0.717139963899918,0.419313280532445,0.193156491230826,-2.02013926315466,-0.716138391312119,-0.456078162241121,0.12874395943655,77.0,0
158960.0,2.24625443762315,-1.40174793236331,-0.794678219163709,-1.65109430698317,-1.22062441135701,-0.40314913779051,-1.19162691264961,-0.134035190985284,-1.46770829481171,1.69867680429344,0.491921031396605,0.287385660544167,1.34637108104278,-0.505638147579179,-0.899601321333846,-0.235703088230804,0.0276496476830144,0.458910798055259,0.238550851473106,-0.334372634885723,-0.114439264344007,0.189178986699063,0.172425382384454,-0.400471563255621,-0.204165347290698,-0.177617945031971,0.020759108760819,-0.0564667537452409,27.4,0
115513.0,1.98288560687757,0.0006645686454029,-1.69218709347912,0.456207605378153,0.0334070928297425,-1.20511937694871,0.0460599712962941,-0.127631198593524,0.598369516421952,-0.261879364263157,1.16546380652119,-0.165916288475677,-1.92271005410761,-0.157877157810276,0.438886435440241,0.402011085591463,0.336961994830627,1.10312943518115,-0.236971309050995,-0.304682917720766,0.242626465986406,0.740076549968264,-0.0009139291734268,-0.0951350749470609,0.132449124512175,-0.11577945098059,-0.0162724920687131,-0.0435168242859463,11.4,0
27567.0,-1.66237964245051,0.901237667563428,0.341641442228809,-0.420251699798654,-0.167306936186048,-1.10421447402767,0.224320702944174,0.714874952154955,-0.643364559257593,-1.04312687966639,-1.37950170310529,-0.531115213616168,-1.1829915673393,1.13814658603338,0.456137705088013,0.828272067915864,-0.338327108308782,-0.388279440834932,-0.203293185347914,-0.399822575270396,-0.348839192352074,-1.57475559062171,0.0405002951217431,-0.186669287956163,-0.446743683577712,-0.172146035919129,-0.270184727993691,-0.146501670023689,51.9,0
57007.0,-1.27124419171437,2.46267526851135,-2.85139500331783,2.3244800653478,-1.37224488981369,-0.948195686538643,-3.06523436172054,1.16692694787211,-2.26877058844813,-4.88114292689057,2.25514748870463,-4.68638689759229,0.652374668512965,-6.17428834800643,0.594379608016446,-4.84969238709652,-6.53652073527011,-3.11909388163881,1.71549441975915,0.560478075726644,0.652941051330455,0.0819309763507574,-0.221347831198339,-0.523582159233306,0.224228161862968,0.756334522703558,0.632800477330469,0.250187092757197,0.01,1
117871.0,2.07010534188527,-0.0622297383881184,-1.25823631320345,0.378562653096466,-0.144414608078883,-1.35587584570289,0.1628533640698,-0.353262058671912,0.732800955865528,0.0307030233627304,-0.802091291974895,-0.041431342754603,-0.565770684736958,0.585681153251469,0.844544582606748,-0.152116254517421,-0.480918204402989,0.0533616539765469,-0.253929863420468,-0.286789108784902,0.25237520396078,0.868956488927223,0.0091768592577437,0.0669764949441944,0.231108914461009,-0.102208196962812,-0.0202617618768108,-0.0588754963233194,1.0,0
70695.0,-2.34667886104395,-2.36953285012848,1.23771586779833,-1.4844354518155,1.09571349250534,-0.298902046442045,-0.499905215792911,0.204627513676085,-0.697394287763515,0.0748399437650742,-1.61472516355893,-1.65453011904934,-0.262145431442953,-0.476816147424747,1.0102040310203,1.81587909096296,-0.385747430459061,-0.910764957057714,0.281024905177971,-0.288890702686106,-0.0004834657681931,0.434182943333588,1.64204043805403,-1.38091805828849,0.396200447405763,-0.263206989706363,0.283532316621133,-0.128161061257452,60.98,0
37007.0,1.1601116923664,0.179875354743501,0.597929442574171,0.500021673303041,-0.306693017457009,-0.307143965759015,-0.0928135070315989,0.0488830419934021,-0.280737021672318,0.0493480659998722,1.94106950739103,1.3804291871092,0.494409248363884,0.412872587378724,0.53333570774238,0.132257730528683,-0.339463418129521,-0.60167338478505,-0.266838551087607,-0.100105834768409,-0.161032921923684,-0.453797920876573,0.174951732245191,0.227653120700724,0.0981030796154354,0.0931123880122894,-0.0140328015118941,0.0081832886699596,1.78,0
145641.0,0.121822751348472,0.909994900136024,-0.520887126623756,-0.714445219063796,1.02108226804781,-0.37457241212373,0.804410035061186,0.107062185959272,-0.146467558607517,-0.637848845777031,0.595676753142033,-0.0203674237639998,-0.964686278123706,-0.651218566392085,-0.81633723617357,0.654419750381725,0.0661882216800044,0.486623879476273,0.173417000855042,-0.019832118927286,-0.319035770786,-0.851051028872305,0.0604508782339434,0.221601572043679,-0.444852517175476,0.115371042506704,0.211886191204278,0.0693559085168734,3.59,0
403.0,1.08521407006336,-0.228463564265964,0.774502959271858,1.37928162180246,-0.469899987791314,0.765730748076357,-0.58928351676857,0.426976105833398,0.865987343506237,-0.0439111759600537,0.285295858848237,0.42766800738677,-1.77633647284021,0.0920208668998883,-1.21016903327547,-0.45290727566386,0.155038459252637,-0.0944292412460365,0.168118711987859,-0.262478353415578,-0.0690346683325572,0.0499948539226027,-0.111814082596419,-0.319641705495341,0.574092030124242,-0.250481686945034,0.0575170698204146,0.0069860768993018,15.0,0
71665.0,-0.822830651446871,-0.102403629343474,2.22074432026786,1.28715467058779,0.403416111556905,-0.0334816094808724,0.0194942834544958,0.030965356671714,0.0303914846221855,-0.0902240512085538,-0.615138000333768,-0.430907698925051,-0.969687050491737,-0.158263897278001,0.82444198284703,-1.43000046814731,0.98455664384066,-0.52294367010338,1.69499383578161,0.388094517737232,-0.0129335296056996,0.156904003632976,-0.143383323170768,0.131039161652642,0.156539716278116,0.699171312534789,-0.111194666337567,-0.1380990715952,29.61,0
128074.0,-0.132157780643476,1.15745101612611,-0.944366644514847,-0.242686479732031,0.646748658401527,-0.932645262412002,0.61370218322581,0.241334649267495,-0.598080518873148,-1.08900181161383,0.836539609700017,0.700002546010338,0.451202381608715,-0.500980970975324,-0.075408034625871,0.457133850268545,0.295017104693929,1.33338732361408,0.216580906741369,-0.1257601760995,0.39503033296471,1.09213329106094,-0.181023269401537,-0.396363019380251,-0.332364422871301,-0.156661530267767,0.016826541517494,0.0473400968772878,18.9,0
129990.0,2.09085519451826,-0.858348717556392,-0.587907428309533,-0.485997218456502,-0.799400091899314,-0.32977862905897,-0.721356227066263,-0.1744480467295,-0.191954228557579,0.752504160209184,-1.37960397556564,0.616629591886269,1.91203533292009,-0.5150936276013,0.265169407196154,-0.953282665348731,-0.568702967970587,0.900730603134491,-0.558555934487605,-0.40882902789571,-0.631071541766482,-1.26041633372299,0.38880067071272,-0.670375175083177,-0.633459045499237,0.266276748547494,-0.0125079538162582,-0.0360633272105775,46.99,0
116345.0,-1.01835695962922,0.637020932760479,2.161963406074,-0.185120510312268,0.122569716079036,-0.0556046259550431,0.645488642180581,0.308417202763319,-0.25807787571472,-0.826207069496811,0.436739022970587,-0.186829807384056,-1.86259117825436,0.425604828945588,-0.653283842430739,0.70073401785526,-0.928074604450693,0.471615039948921,-0.774830524608809,-0.169045306833763,-0.142386172022714,-0.662777450144714,-0.133891165235298,-0.115008171735624,0.395127108682377,-0.957295346448922,0.0337278665439719,0.0617701519440943,45.97,0
73983.0,-0.46325520920562,-0.530529322982178,1.20909837625312,-2.42166237986903,-0.803033693928182,-1.13914188722549,0.176952775998816,-0.0711473629072227,-2.73443199607834,0.959742297815183,0.950863359577908,-1.2418229886991,-1.50449438021915,0.354838993150833,-0.882407058644563,-0.246973913373683,0.294907774314161,0.19021958126305,-0.311389907790131,-0.315562547922731,-0.336661851562836,-0.962275816625432,0.228695709912383,0.415541161664214,-0.339870880972339,-0.693100604662529,0.0579287969046548,0.118465413924278,64.9,0
19902.0,1.30448418982272,-0.634876713879526,0.693723541210886,-0.355026449824235,-1.02810119091131,-0.133249206353615,-0.939410214522798,0.119383587530308,0.81573783718544,0.295847417327561,2.17351853165073,-2.88099511225736,-0.115051100662351,1.53298020575491,-1.50870649518028,0.469045775700207,1.60822476665404,-1.31351334203236,0.603327510301935,-0.140793661067984,-0.101283722864303,-0.0238966846449499,0.0455312260118402,0.157139153140863,0.350209457761168,-0.277586490883425,-0.0098598678089038,-0.0090211648129641,5.0,0
143755.0,1.77910293908757,-0.497717088275433,-0.219455099367691,0.514721344707959,-0.944476443481677,-1.04450222035998,-0.241356972650229,-0.200717047311028,1.1718506794954,-0.29093953164128,-0.224541279535565,1.00332497848071,0.692160391696611,-0.0022418481453468,0.963833104905765,0.0708049145630052,-0.533379426263179,-0.20593167000489,-0.332270296462962,-0.0166851845978546,-0.0334829532025502,-0.151621072513932,0.31481528510179,0.422422417914839,-0.438913016425501,-0.973547706874208,0.0447026683575425,-0.0041647774126134,100.0,0
63319.0,1.19610232370318,-0.228955221808801,0.566515250802484,-0.212520390500486,-0.679333024742244,-0.270961117452162,-0.48711910245227,0.201692412806092,0.353754892190468,-0.0448853037194671,1.44294613933869,0.219076936768073,-1.43819599274712,0.646111374565031,0.963095214477514,0.378645667074018,-0.252756220678911,-0.193092240106222,-0.0301559171524385,-0.180252424151502,-0.0714962484056268,-0.265342409646461,0.131035723395032,0.0277859885488763,-0.0349689304288869,0.922253302784343,-0.0675530296792419,-0.0074231394173692,2.2,0
118187.0,2.04610587335485,-1.05016455092713,-0.300282671482253,-0.854510458723178,-1.25414762257518,-0.603216136548861,-0.998968736434848,-0.0141361113773941,-0.198059422949363,0.863425077968529,1.08362345341864,0.386393536832626,0.212315117303852,-0.25425023323623,-0.498485075649192,1.42418825292639,-0.0962361730073789,-1.058010131915,0.863300576162058,0.0435409768419925,0.0343954758968273,0.0128275803525503,0.357041820077205,0.0540804352026131,-0.550254979381986,-0.514052830036793,0.0035273107119821,-0.0434030221714386,43.0,0
3896.0,1.29250387509167,0.306937455085629,-0.0398354482412231,0.520588918764823,0.236101705686124,-0.0631471329075183,-0.194539295466988,-0.0103168091800251,1.28342172148866,-0.455523477300693,1.3725385045505,-2.47950405194973,1.02290349732797,1.46619702649321,-0.153497596860703,1.03103816718924,0.107587208263686,0.968299717072517,0.333147181967628,-0.131865452225469,-0.472457577578682,-1.19781240503936,-0.0070763809393833,-0.977953596049611,0.284697424051234,0.114295303415523,-0.0618648020460315,0.0006696329329149,4.49,0
68611.0,-1.15669332907113,0.628977577926347,0.734794766481568,-0.95725003948258,0.187010854174063,-0.850439303269675,0.640403393767459,0.458558271054412,-1.01602708024034,-0.89363135377798,1.41123539202607,0.608904394066587,-0.863836340294478,1.04803305141746,-0.290251310208689,0.178603390329761,-0.108764051241834,-0.770738824027512,-0.410780787075993,-0.102471495535423,-0.100460099971357,-0.748518014187699,0.199686854059178,0.211808265755613,-0.471657496373763,0.521600488712614,-0.140802422033846,-0.0139014842545042,50.92,0
58612.0,1.02998019736203,0.054181899114403,0.977793098445923,1.14984226728376,-0.535573792616458,0.0577237509880278,-0.329992909582354,0.19180810960152,-0.0769474438544374,0.114013552424894,1.75853113124635,1.20247410757658,0.219433102235299,0.335674520540399,0.71427613997207,0.327982086552796,-0.514149750822371,-0.0814971800283618,-0.663383907246864,-0.0704137662497154,0.0148531009687172,-0.0195495190968795,0.0858802689254413,0.193530429209401,0.172881513354474,-0.534687366788303,0.05212606359785,0.0315409625269493,40.0,0
55610.0,-0.875374495400933,1.40948715768221,1.01271731901196,0.0193430761193673,-0.27105474047617,-0.831695925140253,0.261964909841845,0.427156353705075,-0.836068651314591,-0.466155884342811,1.60844892542052,1.08355305920777,0.525284585990286,-0.0334185585241608,0.0973817816259348,0.607330440309902,-0.0335700318594439,0.264226888981832,0.120366328861847,0.0149679892923057,-0.136365154314857,-0.509410454825902,0.0826134786103256,0.494730709634295,-0.182352673546946,0.0311813433117025,-0.012364876953742,0.0231229346459633,0.99,0
36234.0,-0.638517479692671,0.486174070699577,2.71295459392637,0.26803326769804,-0.0752972120103913,0.0513474597281173,0.352997188399064,0.0403240881151658,0.411017277464329,-0.712086705282892,-0.373491452489338,0.553531934718518,0.268714261335371,-0.743519083091951,-0.29480190080035,-0.262690364267263,-0.243075523191136,-0.601999757712718,-1.25110650792866,-0.0767503648824828,0.0530511578919063,0.487756586337743,-0.101430962887461,0.397591107289627,-0.277773686261016,-0.618681878927714,0.0178912454594376,-0.0739138075771316,9.99,0
137360.0,-0.574900128421161,0.90351673286178,0.349928009617402,-1.02717774385498,1.15627603561164,0.367404522332967,0.950239468360594,-0.0453610579999499,0.0248059316557225,-0.670460174775555,-0.745922556815009,0.541640189818503,0.275804808098844,-0.0540357473505057,-1.49377234479389,-0.148390684360458,-0.937911231934896,0.674777621637543,0.879409447230521,-0.117409210281521,0.152096459845653,0.560767557490532,-0.644482699093009,-1.33031735902049,0.583293688701487,-0.0988940412822783,-0.167309230005719,0.0905104614396253,7.39,0
75418.0,1.35941526152631,-0.655844867592264,0.252687572095372,-0.700729835220395,-0.913730183308502,-0.460159167753668,-0.626971619369448,0.0067277526325308,-0.714843077256192,0.738318057470191,0.78721528466368,-0.349823002881121,-0.895115014801124,0.0560593455762391,-0.651643980839592,1.06951224473407,0.228110999311041,-0.969293603100115,1.23326464519918,0.0407350160456429,0.0367288506763396,0.0220269758802058,-0.0808299250680895,0.0112967972459664,0.516664694980068,-0.249293103829886,-0.0066259185941092,-7.87652054496852e-05,23.35,0
77739.0,1.09544364606224,-0.66372792642676,-0.182020660226856,0.090453419722959,-0.134372913542813,0.6191983867238,-0.275253162791464,0.115045540335363,-1.24313319745035,0.869716607720169,0.30367672300127,0.305830784135198,0.35871647162884,0.423816219492786,0.495504275377103,-1.08200572148502,-0.587541509033275,1.48126187107803,-0.720358608904933,-0.274925196197437,-0.462166283334264,-1.14938115360347,-0.103098532681752,-1.21465990952106,0.350801016491711,-0.490293297929976,0.0313593738706622,0.0280796777695797,132.37,0
51135.0,-10.5273044341626,7.63974510878724,-13.4431145027514,4.30340291762786,-8.04820986720506,-3.46699653575204,-8.64319279153494,7.28410530047069,-2.36209663777244,-5.99659592015915,2.5891035399443,-5.9622614216576,-0.468955402702701,-6.77818372152522,0.907946622048306,-3.97013003226966,-6.85761265464239,-2.51173568202806,0.511761951503497,0.847085223070639,0.937415595523653,-0.931178206442092,-0.235696693319785,-0.0313933540844794,0.591558276561224,-0.263516323288921,1.10889729755393,0.219021143211497,99.99,1
51323.0,-1.88276022633453,0.847258913297317,1.17116168981824,1.258650593495,-0.725256182474266,-0.236988658500524,0.303991427585082,0.402220006276368,0.0879898998215328,0.0012636781841175,-0.217383563727165,0.551269082231743,-0.19183868356957,0.124755146942433,0.265043720064748,-0.948465310175624,0.796162342465981,-0.917260744068376,0.274556520841871,-0.161723888155532,-0.181070229280268,-0.154053812441663,-0.254921257438791,0.625842206345212,-0.284308952113981,-0.491155442324059,0.346562921593532,0.0335239692783384,108.52,0
85797.0,0.580974379795169,-1.45536055068932,1.38690240291171,1.35328821099764,-1.81856211716194,0.410301404603823,-0.728588940755511,0.238900487777473,1.84697206822743,-0.612886690746433,-1.46566262389086,0.497825240174605,-0.673942422719402,-0.953563837546865,-1.45516486345104,-0.426885186671778,0.464464511200275,-0.325190223537894,0.36882609975056,0.414454337187493,0.0438288543587909,-0.0453425465013071,-0.294198320582216,0.464605528408261,0.255605340165446,0.545342147262272,-0.0120938822397317,0.0737905662940116,292.4,0
48198.0,-0.285203414426939,0.756221368416461,0.295593521391736,-1.13455326662926,0.787004289167969,-1.00731670232979,1.31995139349392,-0.462459414908787,-0.464510175851166,0.118134363834013,1.07687717427232,0.847222944721399,0.611117715121407,0.118112999460328,-0.748500083645437,0.21107694866991,-1.00338017467679,-0.114638244335835,-0.0971459169949472,0.0788990868835644,0.0867481762455691,0.523791736817389,-0.0791229292925601,0.0926465526069839,-0.892895624397151,0.702222049309742,0.0752974294717513,0.0219500610226745,29.95,0
129897.0,1.67697040474361,-0.871091102745859,-1.82613192942938,0.30297485441153,1.80453725792746,4.02096005875832,-0.937191217006368,1.01327980423974,0.725635156115182,0.175154554370661,-0.151912263581361,0.29611391754449,0.0380882170952596,0.219709252623012,1.20689337448712,0.403411168776434,-0.875048630369214,0.244796283131251,-0.931574345081764,0.114432906640818,0.307181778246685,0.611657585425665,0.0544292881868509,0.69452009380588,-0.10091767158639,-0.555843089971889,0.0503538414445877,-0.0120463119536386,145.0,0
53563.0,1.06360263115862,-0.643056362460866,1.07529138224805,0.123306230118933,-1.09848636029276,0.384273687056158,-0.87384790010126,0.40011549837728,1.12523327643717,-0.30562792481593,0.915277576153048,0.696242141280592,-1.35598770394916,-0.078142878189846,-0.612989358061313,-0.154438196948501,0.243464165000676,-0.43543992198426,0.395459562015782,-0.113618281411837,-0.149666461025757,-0.302544198472435,0.0837508076309365,0.0599266836592597,-0.019915185445997,0.955894885819344,-0.0349717815851749,0.0035189236382932,40.0,0
134425.0,1.421564587691,-0.361809991930622,-0.635975837248542,3.89161385844074,0.782567487145823,2.27179397640493,-0.195358435770803,0.478694066579848,-0.394756487448318,1.03794677381392,-0.985599300898709,0.591670734652324,0.602035185389119,-0.361728043131847,-1.14389571943939,-0.52178514151888,0.410227490986922,-1.90843733284114,-2.43113596357761,0.0192302480545769,0.276555632928635,0.790174236980306,0.0294593711335207,-0.311489324461824,-0.138427902568538,0.180449009830044,0.0162983127843419,-0.0193416497464193,181.07,0
231.0,-0.961507377354571,0.743351361842785,1.17358181292847,-0.222593448626951,0.740528101159323,1.7399587889582,0.313012828332022,0.699418766640993,0.354715618761415,-0.333261450777691,-0.566075415846787,-0.408623499329429,-1.51220977760171,0.106308676000978,0.878588666846378,-1.47693947930362,1.13432310340718,-2.14336214739369,-0.981798170201834,0.0058767822463293,-0.15286174333995,-0.0119710419317161,-0.0393939230259935,-1.50444010846751,-0.24824813105998,0.411290562490779,0.49731529878613,0.207499416333155,26.98,0
149371.0,-2.09614178405543,0.71681488991551,0.32150910382746,-0.171470287061987,-1.13923385903745,0.276732653997989,-0.731349778802136,-0.381696651684496,0.396412352315059,0.264332487974585,0.701562500129401,0.67912579652436,0.388101823432825,0.373557078801893,1.85424321746853,-0.396668796155133,0.331107274288623,1.16958510907913,3.36154732825677,-0.717730917978737,0.946132788755675,0.855615556019021,0.3757182348593,-0.225144144065781,-0.411616521634891,1.11483590118854,-0.768623339270341,-0.281529786137971,69.0,0
57269.0,1.00907239040085,-0.261368023795362,1.14533635115872,1.46501803154789,-1.05984850451345,-0.240054176826953,-0.477671440266179,0.0692028595372151,0.766741983951027,-0.106028940808104,-0.778220465923525,0.124160160967882,-0.286442362843525,-0.164867203312637,0.63574842228658,0.313062859556249,-0.396153678100423,0.266158591011907,-0.508875527484463,0.006534845104033,0.168395026262536,0.456607108856483,-0.154980898731916,0.407741159994266,0.462817740949027,-0.250149946835327,0.0498301231156264,0.0493400194958322,87.0,0
69573.0,0.846236869131223,-0.714192076107878,1.80278365303892,1.75485331861164,-1.34693779893027,1.18553317573573,-1.13518790966354,0.600736143718163,1.49515424600144,-0.284072661254969,0.554014054426721,1.36561944934312,-0.822995453096297,-0.738622411007329,-1.99925616052601,-0.643868475165535,0.447710085316257,-0.166336707731071,0.0098557426233265,-0.0775755339462592,0.063617805269957,0.499327533911701,-0.11331150459404,0.256358741194162,0.383188262710338,-0.231137449569161,0.104807044220345,0.0390179394086056,82.98,0
33410.0,-1.24609232395281,-0.178052999877424,2.70821309995531,1.33613529716009,-0.0735563476019346,0.141661876227019,0.001140132086646,0.177821364974628,-0.0954673819863516,0.176786585606458,1.00369465839763,0.446121341520963,-0.171902380389515,-0.265381995890946,0.377781718696843,-0.0935411480069156,-0.345211483754112,1.04323670965458,0.951696053321824,0.707733719232376,0.249429661077884,0.743260715921513,-0.0314083735244654,0.345150162001654,0.36568145771276,-0.0927079261801479,0.149444492832582,-0.0576889328298793,109.0,0
88673.0,2.05177791951347,-1.79186616706568,-0.82018859053976,-1.56301666093039,-1.44928821648852,-0.329343001766144,-1.19032380554581,-0.0921381815163257,-1.3139463419545,1.66677485920529,0.369581647363765,-0.0721957722993309,0.697420610931813,-0.394204410276465,-0.757361897133772,-0.12976662310804,0.0412544327468121,0.622109162830796,0.179368387462614,-0.177980927981657,-0.0489357246749856,0.125369690893689,0.100656511660171,-0.414281324183755,-0.293727175142646,-0.183915565553142,0.00337069090337,-0.039026127689261,124.5,0
122477.0,-0.105766407982326,0.934002903168249,-1.05887737262919,-0.209986316899576,0.281317020045887,-0.84391845426023,0.690206382519521,0.308419898819812,-0.356870754426502,-1.0318316860206,0.555358347107329,-0.0927488392996441,-1.04802746366007,-0.103249373805889,0.0826061808964262,0.518719765408244,0.291197890308083,1.48519073402802,0.210649377798544,-0.140089520437584,0.400890355584551,0.967547677791008,-0.0277816598968863,-0.437186253247247,-0.338340190993443,-0.151412317537328,-0.0351066966692458,0.0276939347697707,69.98,0
152892.0,2.26707077487853,-0.768312181009924,-1.80868399240538,-1.1431380372646,-0.0453519819100188,-0.59838804298834,-0.386576831801871,-0.273078059456934,-0.438420398383528,0.879917789747603,-1.37516986059869,-1.1067008288504,-0.0182731593674368,0.0461856408060488,0.466773967153142,1.14526319098846,-0.126143860330396,-0.975451417140691,0.716383097354067,0.0191306239400273,0.380169710362049,1.04282213982286,-0.0753302675064744,0.0826738551520469,0.30625095696163,0.0789229875554943,-0.0494844482325005,-0.0649998646254924,25.0,0
140138.0,-3.18810509686988,2.92497844125629,-0.445316120636436,-1.364479449613,1.05347507920709,0.655523914416898,-0.950609671438862,-7.82584998645189,0.816937246393001,0.233640412244895,-0.607406215596142,0.293917252786187,-0.0691877627924863,-1.38144662960564,-0.581703589695547,0.300578591437968,0.527597614101576,-0.238370434585586,-0.69198928121405,-1.61907393706425,6.5264227566377,-3.17073630158317,0.74984986758262,0.449359371346501,-0.0478962764094177,0.0156796624286343,-0.633498008994594,-0.182160282936927,3.58,0
10960.0,1.26119936336866,-0.0618514901632397,0.50665423062446,0.144687497754744,-0.409128850338995,-0.342555682347017,-0.392296475381945,-0.181911789736723,1.7228312307846,-0.542855713418353,-0.030258028944952,-2.4013306332396,2.39367137552322,1.33999552962124,0.593918936083863,0.713110331206633,-0.0352988390925827,0.377563380208971,-0.0979484722144575,0.0218495710304193,-0.102381870149789,-0.0597726051601378,-0.145042356738584,-0.425026190687156,0.325489189769754,1.07932996792405,-0.0918785589240252,0.002282495190707,39.0,0
19909.0,1.31329159247764,-0.662044328985971,0.464265918087045,-0.472388996458756,-0.740787283430087,0.18785719142954,-0.898148841869423,0.122151122355907,0.777403606389629,0.27547884969543,1.78052963268838,-2.79940105362528,0.462816966610572,1.40854673792448,-1.5208457233631,0.603428482336465,1.38788386357946,-1.19616618119304,0.795620567647497,-0.0621338858927827,-0.121600205445278,-0.0902199081464095,-0.0391840418399512,-0.361256037168311,0.431952220074213,-0.247839350654271,-0.0102391736108471,-0.0107645328460842,20.0,0
50339.0,1.04043566024268,-2.56293777497305,-0.0826397273778955,-1.77023597702164,-0.214228313261107,4.64589883758505,-2.32743957031676,1.18800661286088,-0.322492550380805,0.968787177431409,-1.30738769887891,-0.451961692768006,0.2692001363461,-1.51613722579176,-1.76485043730991,-0.773550701294434,0.80842706685424,0.377900007254752,0.664707451716254,0.188849309442092,-0.17163723622236,-0.241402307208293,-0.250644905856685,1.05009583340476,0.481477683770599,-0.0344470872989873,0.0799365172430383,0.06319441015903,224.4,0
126180.0,0.250638075893975,-0.225506582171894,1.552108211742,0.191254494545807,-0.506816497692427,0.58813069685018,-0.435798339428875,0.117827756929122,-0.634717406827175,1.02419687355373,0.0172712667135524,-0.130799460113712,-0.220427232287228,-0.291588165011472,0.0639368581018706,-1.18908400080254,-0.646314567780815,2.54364740448894,-0.188438547180112,-0.378929994419798,-0.103241291229569,0.43308102623849,0.21685643711325,-0.484965230083016,-1.68321734353092,-0.775885772722785,0.234410197621577,0.0750350505898539,24.91,0
69873.0,1.23103933800259,0.22361705022953,0.165986504723768,0.509668554779401,-0.230819231078547,-0.576880370462571,-0.0783664355104146,0.0130451984553716,-0.0737991579354083,-0.089203185873472,1.18662985721925,0.354028278340464,-0.663845670171238,0.0616246972488486,0.513046451596228,0.813204729971412,-0.327938688141959,0.411676937786913,0.221919777947217,-0.108709318295669,-0.266152397990736,-0.851127823806375,0.0836257578999294,-0.0660037609301098,0.200314809653929,0.100264062789035,-0.0334880438218319,0.0158743974551444,4.49,0
138234.0,1.87626530419181,-0.581710020292091,-1.20049969106766,-0.0212704373765195,0.711534062213895,1.77863515746008,-0.525332493789777,0.544224301290105,1.27029953055282,-0.349291158850814,0.682208894032031,1.62828596903511,-0.307280218570124,-0.0318823281102453,-1.31979968972045,-1.59663704313781,0.78981944685067,-1.81618544242507,0.0962650258484449,-0.32035981876839,-0.259340518341555,-0.27389859582925,0.322566249298924,-0.715206128575897,-0.251857278587972,-0.0949620532372522,0.0358030252005866,-0.0747698203585623,2.18,0
118797.0,1.26666270082581,-1.27730868566288,-2.94953972007058,0.75818782045222,0.210759744992876,-1.62609156783535,1.56887005207434,-0.712801362644325,0.211966992970969,-0.104521449624287,-1.00220064107003,-0.402547661391559,-1.40011809435172,1.24983309304341,0.117867746646306,-0.962494188444738,0.019129925651751,-0.349506692679762,-0.0873212408372159,0.550084943525902,0.551083154323044,0.745979429010276,-0.601678221715104,-0.0150140198903762,0.615207699847233,0.0862577710579749,-0.16646616365638,-0.0112189736089732,451.84,0
27160.0,-0.459518946946372,0.670660149823849,1.58685921521885,1.03989488747737,0.755082854095437,-0.0102023146119508,0.861200876154893,-0.0987497455212462,-1.06393916638583,0.174012276236215,1.71719174640561,0.912598235407985,0.39294001699486,0.367666173974941,0.657275048929737,-0.53743855170094,-0.151515705161819,-0.423677746591821,0.899461495003771,0.270540943500328,-0.275395588466882,-0.778240226376342,0.242357136424114,-0.0391831172661628,-0.701939003348709,-0.793430319453883,-0.0055789584172758,-0.0650677478787943,42.4,0
140325.0,1.59852131836183,-0.752671266535969,-3.05292041318571,0.466983323534314,0.785556254594889,-1.25842874048148,1.43160320412395,-0.690490540208782,0.116946508655947,-0.0663636605935982,-1.44215184734243,-0.0759824352962583,-0.251435209398734,0.965588866418926,0.0343425634394088,-0.829841418748673,-0.296439300729484,-0.283479070986925,0.212502638947757,0.342227594436851,0.429208277092785,0.782294362669753,-0.570812212267786,-0.685206687129489,0.796698082199912,0.141138332747861,-0.132856169025646,-0.041415774281149,305.63,0
51363.0,-3.38247371286918,-3.00960571024779,0.896192011647396,-2.31712918530466,0.0765662983423525,-1.70398243336382,-0.850180261807226,0.172849672939892,-2.30389331137295,0.266484305493098,-1.23170607520068,-0.867306039206595,0.773991190919421,-0.208841237191087,-0.290148649718681,0.708515941417408,-0.150532814520913,-0.110110481396089,-1.44967464738336,-0.619942110026767,-0.444990930855835,-1.35873927817511,-0.961769988192994,-0.0815038342615879,0.13626048633794,-0.713672805601675,0.354684625355295,-0.818493567441173,202.0,0
146063.0,-1.00612202135763,0.745224779822,-1.4756755829152,-0.108984914677489,0.454473359957232,-0.927398597561482,0.375427780200207,0.453458344202546,-0.22341425574886,-0.842339455509224,0.571792983888662,0.0802857832966022,-0.766254247498723,-0.216915978305645,0.176709749112504,0.562577035666313,0.427559436120351,1.42566947667966,0.197136409984627,-0.396100790365105,0.349007946398487,0.998854566310015,0.065412268171701,-0.557894523213832,-0.328901740006489,-0.183536989488818,-0.472323290391182,-0.408281109861702,22.0,0
65195.0,1.24444254787947,-0.346795153113058,0.322568878901145,-1.28561184256617,-0.66333908646891,-0.686518153834968,-0.169938295787326,-0.108138991091099,1.53817665090923,-1.27478113659812,-0.0492605799553698,1.43083450674243,0.717422722445029,-0.175108619075159,0.721295595044083,-1.2757507130801,0.486224387465271,-1.10925824734952,0.799203716669849,-0.0718886294373773,-0.240078423151079,-0.356503597411819,0.0423830715199268,0.14473853647576,0.428641336509266,-0.16418043155921,0.0389215309987137,0.0150514798923563,9.49,0
115706.0,0.0427979163796494,1.01523888331617,0.290873847564565,2.02471411292268,0.888000584429058,-0.571756446232922,1.26577837105353,-0.545343055215545,-0.689022879557279,0.616008796417035,-0.915884269008113,-0.620084905158071,-0.759396222942404,0.514194011014685,0.818949231525273,-1.92660251458698,0.776406428104506,-0.110190594414907,2.53689571321507,0.144699381696156,0.107245436838658,0.728123113217328,-0.249437679251654,0.0111540852743856,-0.122128964312403,-0.127559733733262,-0.0693352679459785,-0.0456008194877648,7.8,0
122217.0,-0.908543138128279,1.30281917711966,-0.437394121451166,-0.304545000254526,0.92038127256554,-1.41114192128029,1.30400370496149,-0.677831322108573,0.464581556350397,0.0869635514399449,-0.298948686844198,-0.222651991929694,0.276472663438258,-1.41289593440368,0.752567370676483,-0.14698532754759,0.368786791704632,0.642134515577834,-0.130617442322168,0.106933307335467,0.22959944301641,1.11553723580304,-0.152238075024401,-0.0172856568483717,-0.390252093548314,-0.217248451892721,-0.152066712839469,0.286659340790231,11.0,0
149643.0,-0.0524198617281703,0.276822582372047,-0.716232515543315,-1.81308720190286,1.14436890370821,-0.132712517070146,0.348973857776689,0.0758794510812292,-1.40098695241463,0.0366386407642319,0.17869253953286,-1.032525384796,-0.458176686662381,-1.15834281617999,-0.786673588665588,1.39141654611325,0.814451117860084,-0.19245834918858,1.67424696054342,0.361673962637193,-0.0602418825895374,-0.225526268309615,-0.246714115110315,-0.46356160282558,0.295186373814387,-0.164331494117466,0.241225044862055,0.083430951979956,15.0,0
119431.0,2.00343854289832,0.127515734626584,-1.60121572016941,0.346852902481535,0.424384596506613,-0.647174691423638,0.135892049057777,-0.135733017478764,0.134872854319772,-0.23002723155004,1.39496813861695,1.19821719411597,0.513839982374255,-0.747265839225082,-0.569953693438298,0.432758713590385,0.258764732646035,0.0588661317372594,0.265350707660713,-0.0979577567647207,-0.289118030209136,-0.755715782694688,0.336481249256456,0.685704091339169,-0.297105973518467,0.1398033688767,-0.0641271825037381,-0.0360826305078501,9.99,0
113725.0,-2.48525854691624,2.82624308117548,-1.21782931840146,-1.07299987565139,0.0956300868106363,-1.29465371910175,1.06853034119323,-0.382053393239484,2.53659659116148,3.55996349266558,-0.794359271380271,-0.672436298951663,-1.19698810617695,-0.39269717544914,0.843321971589619,-0.768864073626919,-0.58956455523895,0.0207342685961148,-0.321463485716903,1.35481833270698,0.0139517681670889,1.04543752900768,0.0187314004549267,-0.123545123476778,-0.310339718934185,-0.211967982617532,1.22389582328853,0.764515055869002,1.79,0
53552.0,1.21462870006786,0.30265913459579,0.277084253580169,0.643731996505379,-0.191408078026609,-0.60520570069104,0.002339642795778,-0.0603507410922264,0.0412922651824175,-0.324011112546078,0.141017158309494,0.276477192974421,0.123990746246326,-0.243039985159674,1.35478052850785,0.189851628127187,0.277716526202895,-0.738180101316975,-0.555930432652807,-0.119382997012203,-0.261413072350402,-0.721843293459771,0.160542591049015,0.0316352604251429,0.140801814466086,0.124479169439717,-0.0069753418666736,0.0270956354408802,0.99,0
129778.0,-1.55424192927036,-6.91385580732872,-4.66065593986974,0.794348360998229,-1.99791724101697,-1.20537430314659,2.99443640620528,-1.10056614855307,-0.984798081817481,0.0680805278326424,-0.978932015780264,-1.64796432047601,-1.783292162664,1.29845888097193,-0.0237676671314263,0.352873060024481,0.78677143049769,-1.20145648398802,0.0555669300518664,3.83679969116527,1.66512146315694,0.282912104642488,-1.95043993476175,0.137325357856162,-0.0486410520877532,0.0979318633029487,-0.481052881908635,0.248299472190587,2000.0,0
127244.0,2.13110675085764,-0.744743802048951,-1.18460108051163,-0.0802623867371271,-0.688972698884469,-0.937309542787969,-0.33367452511857,-0.263010482651868,0.109136214066162,0.685802227501255,-1.43143483014273,-0.210170183425902,-0.711409646817404,0.143550264888828,-0.550199301423331,-2.2928644474271,0.309764224128157,1.00845992878509,-0.666221721812934,-0.721457897742912,-0.203293262452092,0.187286266510514,0.0493575303314062,-0.021173614972483,0.232429840304752,-0.0490817491212007,0.0150220064574544,-0.0578545375527739,11.5,0
41138.0,-4.59561704249556,5.08369023030901,-7.58101461744265,7.54603279503791,-6.94916456384443,-1.72918492987346,-8.19019171984817,2.71466961013434,-7.08316933143187,-11.1412776902967,7.38185937432083,-14.4686550955305,0.299659909360646,-13.602211465597,0.516112699650764,-13.5632729563133,-23.8156358284126,-9.17055721888169,3.66952343976659,1.68216030642087,2.24897122592187,0.566843572297808,0.0337440528595468,0.591783408003629,0.334228764687698,0.386801106292112,2.16389776726335,0.983103834042297,340.11,1
76689.0,1.12777760855947,0.387275851159107,0.510695085224948,2.12139424338257,0.268901513024118,0.616802036371588,-0.0822606586338911,0.128731537060975,-0.900799935677869,0.781823620391621,0.296322834524241,0.700451492896126,1.04529896672184,0.147405643092397,-0.0119359765151429,1.42121696953606,-1.43645176427428,0.454042351629178,-0.290861039197935,0.0417455805602441,-0.201289470280185,-0.740056106631912,-0.0480731200691472,-0.871515431323039,0.31660970901858,-0.210375801853799,-0.0018295136249649,0.0204666414536055,45.64,0
165328.0,-1.74190959025452,-1.24408174199097,-0.336350964705664,-0.758027166006761,1.36251159930723,-1.26831745021195,-0.691958573915456,-0.36379117502396,0.0187700749576021,1.27186525311015,-0.601151923054737,-1.35269525014475,-0.109205241302939,-2.00056443053425,0.695115052655954,1.04779188282027,1.23226546173961,-0.679099017291545,1.56644865946983,-0.255514218662695,-0.324082257420839,0.293099140821272,-0.792365401153434,0.484810464411173,-0.295097743459312,-0.0667468273030939,0.754729906078588,-0.0214472368672702,119.7,0
118580.0,-1.15292585422479,0.749622901570588,1.15773753203921,-0.14479447576875,0.528027495717744,-0.596444285314951,0.82494673065308,-0.304849608378478,-0.0085643218012647,-0.474913108255268,-0.776982453365001,0.676952432121646,1.09967757118536,-0.380508459503632,-0.0661439633737277,-1.29628815403799,0.312565653587692,-0.432495225727923,1.35319563988771,0.0590706894993796,0.0577184761800899,0.635453921607422,-0.794163128772853,0.120911769987877,0.780901979795818,0.415528205778233,-0.59475296367353,-0.560914197752588,10.0,0
6244.0,-0.433342850605314,0.635235909241631,0.713732037780508,-0.836697640866067,0.120708334434478,-1.37428387634007,1.20519706056594,-0.333569467457954,1.00524170813808,-0.975769099241817,0.535039886530538,-2.51170338885796,1.45002778251661,1.73423402294906,-0.589524864332229,0.204489076898753,0.263194086661782,-0.612113627172539,-0.568617401671353,0.167600995976445,-0.431368426593339,-1.16459515127064,0.400245476530736,0.322730599610006,-0.585889278643031,0.436559381415926,0.143241100812639,0.121533950813662,95.48,0
157784.0,-1.61453549413703,2.23655506897636,-1.40665957136483,-1.07459976320833,0.713048441531505,-0.412666008627848,0.697932203774938,0.257758782622531,0.831307090790867,1.26618973989421,0.86969423441911,0.85338194994886,0.54029910203655,-1.29729730689968,-0.877221954184634,0.513154755554104,-0.0400221598274527,0.236200752589882,0.0124765900635108,0.773529114025214,-0.486337679659915,-0.863372486405895,0.121597789108536,0.166925261406621,-0.0885963882884426,0.103197289248606,0.418249661372906,0.186256617321987,9.84,0
43647.0,0.955443340340376,-1.08473679120134,0.126945421632455,0.376024339516804,-0.494271103061418,0.956506778581305,-0.503505487756424,0.0789095724774017,-0.527142239501754,0.529597558022652,-1.78114108498821,0.186738283493023,1.54637648890897,-0.473905626951523,0.579075989717194,-1.35578429399827,-0.343818350883104,1.3459833126034,-1.01784837932006,-0.0479171802926113,-0.171165436252982,-0.223585960242931,-0.389089669888609,-1.3108384708888,0.597607119338902,-0.13092041692962,0.0605823959230381,0.0544548171506397,214.0,0
62941.0,1.16251232551588,0.331068044003489,0.498914011874355,2.02569219967788,0.442248079516963,1.27772548549826,-0.394553638532217,0.333777557813489,-0.701131485858283,0.78217250911347,0.189670131618593,0.468549047327817,0.776742533358417,0.110301038695499,0.357604347619234,1.20986619956556,-1.25568336297192,0.526079804683539,-0.781915816948377,-0.070542623730172,0.140308547305373,0.413398261369085,-0.220486793137015,-1.32796698718609,0.529567681883755,0.191664483865835,0.0261377998528891,0.0045015314541323,10.62,0
163324.0,-0.104239654141805,0.763091604937429,-0.857881705757777,-0.846047741250787,1.48816597302343,-0.0433590969079364,0.748376483825652,0.105132815028712,-0.0516703734410038,-0.523410097344804,0.0185937667112254,-0.12650473746082,-0.599233373255986,-0.77881032699626,-0.770731762083417,0.842577873863455,-0.213009983229515,0.684958295276602,0.454581568571726,-0.0223283683278222,-0.357089523603417,-0.947231198665056,0.134076138849191,-0.476810841235085,-0.31540183498663,0.151877787906174,0.0982543855580261,0.0458574485887759,3.27,0
59523.0,-1.15246585527211,-0.350442235894165,1.53046271847361,0.459702757784882,0.472314692721697,-0.24213796559751,1.34471194606657,-0.429406607315611,-0.603544385991678,0.280028090435064,1.92764160892474,0.327464510134038,-0.601039094243529,0.257551885620921,0.801202241108089,-0.393039342993287,-0.196449369976882,-0.579417700955219,0.787313970323658,0.171676542491807,-0.40323695217331,-0.91299359282618,0.62709286446026,0.165802702483719,-0.704149460304853,-0.14630920019755,-0.30346573951467,-0.288623951956328,174.14,0
52888.0,1.23679378763594,-0.82517408835041,0.476580622504976,-0.834333326651372,-0.939703164525211,0.170622029803699,-0.955414848849161,0.369560147358256,-0.65291189457863,0.751077131361882,1.53392287668266,-1.0034041999988,-2.4517417969525,0.593313972536171,0.866475803328182,0.948821145523938,0.685019855125058,-1.68592607103719,0.193394323629009,-0.107758865840263,-0.0065481411631995,-0.267189178104908,0.195357857770292,-0.380679472184784,-0.0376799057557283,-0.431365044620381,0.0200888034554418,0.0035697293873271,27.86,0
130876.0,1.5604221267972,-1.27061362285062,-0.7419294572702,-0.24293726036757,-0.78608254549182,-0.1613045939103,-0.382437522194774,-0.0523697657947234,0.749477439233627,4.81388397171878e-05,0.832990401077508,1.35321163790148,1.22721822365795,-0.0899624469072607,0.221721830013168,0.80603964181567,-0.953588006901382,0.372135016746516,0.103723099883656,0.409919138917843,0.33886877233454,0.601859934776755,-0.0537405961400921,-0.338502353757261,-0.52973909071439,1.25340148824769,-0.121937983502899,-0.0295811163756667,242.92,0
148000.0,2.20390491680736,-0.835367960554577,-1.18796178119249,-0.893656009422859,-0.781963912059121,-1.11252574151348,-0.620216082202397,-0.175239574747045,-0.193275814331106,0.90635252899054,-0.592414210099253,-1.54517546355623,-1.7911346301025,0.37297012529113,0.691620667129705,0.952609322843217,0.380073730357568,-1.24728151820025,0.248061459710006,-0.159885977790662,0.349238989284493,0.901205682932434,0.180082850464404,1.07498166381322,-0.0431570894023966,-0.0831222041696168,-0.0432826397920677,-0.0559384784000864,6.25,0
68153.0,-0.53648002956734,-0.379597922047073,-0.228913607061289,-2.42975580555792,-0.693874341695899,-1.14765218681021,-0.257704725474315,0.332174642644444,-2.59064427531937,1.16677739658705,0.240407094263674,-1.07488545152379,-0.99076417481133,0.59280595372202,-1.11846370846057,-0.135087359040059,0.196857563325754,0.666690980850259,-0.420607625234398,-0.308860060330321,0.0709286030059958,0.31351059202311,0.147896178748814,-0.0435516539711542,-0.742782995429921,-0.416939387137573,0.310338508744326,0.159812980648378,50.0,0
37045.0,1.27309034091857,-0.74440315814879,1.08361653132847,-0.682701118232236,-1.53708933335714,-0.502749513835197,-1.0643739020057,0.0397856589537621,-0.738666258379376,0.753594485097917,1.63496907002042,0.348595194334191,0.622901222006456,-0.319477138483072,0.355285016523866,1.59903897791213,-0.144380713401274,-0.472369611926354,0.425499891002538,0.169445242306361,0.465367013121107,1.22964022796005,-0.114756444992218,0.604354719926223,0.375965457037298,-0.0836700182272443,0.0323940010472484,0.0227589483710899,34.99,0
115844.0,-3.62118196735933,-4.06838824015654,1.62830344735786,1.81901168732062,-0.384119363995145,3.81600609954127,0.587624551609492,1.17306256694217,0.907145085466115,-1.20934900553536,-0.290422071445262,0.706620829161854,-0.239215491834108,-0.86811405708911,-0.883577674545239,-1.01254598507786,0.664961896179099,0.312213170294992,0.26324365998497,2.46237444450052,0.810584421234833,0.924154499045001,1.90511002444519,-1.02286070886148,0.872352545769178,-0.0959831283479084,0.111938250309426,0.233861501985375,855.5,0
37758.0,1.16046698497217,0.0479525616292384,0.560249893539334,0.517374901644333,-0.471829936771768,-0.351722323657702,-0.220200795012235,0.154795508119906,0.0010317409275742,0.104398626927545,1.62382298097785,0.391060728655277,-1.36596048822046,0.782876163818415,0.737320790781514,0.219399066155744,-0.233189174287451,-0.373630189662925,-0.253994913095434,-0.221102966107737,-0.182960116024445,-0.605675224964855,0.198064205069143,0.176676485739603,0.0354886165401831,0.0994410077691268,-0.026025292204381,0.0040331890379127,0.89,0
164814.0,1.99936612245902,-0.153051956638908,-1.40259043944027,0.167275768127515,0.179205053942522,-0.608714661592576,0.0547742258907701,-0.138815226260949,0.396798875303334,0.171604855144672,0.969430618250316,0.824129457897441,-0.236667117269237,0.694886741781016,0.145728007349448,0.0483984055171551,-0.768576849092524,0.532142001545751,0.0290872354301891,-0.182025544328624,0.315962581345256,0.951444025942545,0.0143730353325798,0.795273506716587,0.222738307480223,-0.158827443560852,-0.0300349463474058,-0.0575989461701565,19.95,0
136150.0,1.75725859171273,-0.0238380320498412,0.944493471089686,3.77318799313094,-0.820666341453509,0.855770742255168,-1.16524123847808,0.483431896221028,-0.100728956527247,1.53290290302776,0.330621710016105,0.0844580460135692,-0.698884651793789,-0.117093217662549,-0.586136978428856,1.83584639739982,-1.28573565039055,0.880416298285244,-1.79800117588046,-0.300174546550247,0.281617243215488,0.811455264895859,0.275421037436461,-0.0414331627976612,-0.586655047630729,-0.0456733277398193,0.0411427181245233,-0.0272301608118652,12.13,0
43177.0,-1.83042157948254,-0.827319659610073,2.01600140723607,-1.525369738847,0.837544523038921,0.0447303937525153,0.335489073333842,0.273301235748097,0.580714817768432,-0.93803602208853,0.860315972139067,-0.188616990236881,-2.60974979156606,-0.0043919026762992,-1.30091005798601,-0.154058376218985,-0.0978793006984735,-0.89192286508127,-1.41566941868996,-0.29900107237233,-0.0492172878005517,0.0095240964934184,0.0994310227719988,-0.266695945277529,0.375903974777014,0.863704700383924,-0.35288268470913,-0.138012280751251,56.96,0
73705.0,1.36506386098147,-1.50151820723626,1.16778830978886,-1.05925691653235,-2.27089755660116,-0.374001833470336,-1.57443075119697,0.0687998977150236,-0.883231963218099,1.26140409860546,-1.06442560250791,-1.19195186851867,-0.569996964332822,-0.749627845248619,-0.116299203740076,-0.429229447129342,0.786779302749565,0.184379498904442,-0.0874442191234047,-0.311784005602082,-0.227131326115673,-0.232761218173397,0.0383708169609573,0.342469482453138,0.197292267841422,-0.196062493136,0.0640268402460759,0.0381132617362646,58.0,0
32732.0,1.10093233951067,-0.167804505053096,1.01817918792192,1.60911599888524,-0.442099702195971,0.889306114816949,-0.507791360793646,0.291263304841089,1.22718813486023,-0.430416077837632,-1.48744902971494,1.0215798968775,0.202385541632989,-0.846385035443895,-1.70900516603274,-1.01873776334154,0.572158530358777,-1.23720954471302,0.357181586744639,-0.154194518869806,-0.439422408457704,-0.782799174074984,0.0113637365383673,-0.420557230110506,0.50222795919056,-0.480232573364612,0.091868745332817,0.0256557897551413,17.89,0
160633.0,2.07280297037792,-0.0161281979892644,-2.26750217994734,0.0463282378279542,0.826196803494418,-0.698081024290787,0.522850020919232,-0.217307123139376,0.153543134434964,0.241283520232023,0.518531295796657,0.132654506074614,-1.38999035377488,1.22408778362534,-0.0390123490775128,-0.251404517909652,-0.604610470888679,0.249511930956089,0.379281575545712,-0.272619070227782,0.128085521023006,0.356046516172857,-0.0197909914186398,0.283835959170572,0.398532059187931,-0.187982000744893,-0.0714110133495072,-0.0786465567410627,14.9,0
61320.0,-0.937830425091089,0.562690049241155,2.14063729185529,1.62450675668871,-0.640010872515133,1.05767125761545,-0.1975800922266,0.675869973305713,0.394580498693877,-0.323825394624862,0.541763808491238,1.14747517301241,-0.86464886262787,-0.384446223483697,-2.04840920905476,-1.43115610786247,1.04416932122765,-0.547425571099587,1.5300075627016,-0.147491463147842,-0.252270001728092,-0.231090146303535,0.178782199983286,0.222008115315943,-0.441108773842312,-0.498315136436244,-0.156972473267473,-0.166944760666243,34.9,0
63313.0,-3.10184557623261,-3.80142918011644,1.08507141440983,-1.59250578604458,-0.937389464127339,0.926463169041867,1.27567753906164,0.440135595155479,1.59432636080659,-2.48312639077463,-0.186594687019643,0.377932871436363,-1.48253122932735,-0.220087297945422,-0.962926807590597,-0.645368627226208,0.0430197096571309,0.730530368172711,0.761879389989983,1.8617546817939,0.623523802322799,0.340359774299462,1.51772454043576,-0.85234710986471,0.987434484845242,0.13160817295678,-0.238666508375968,0.121087267336629,750.0,0
81147.0,-0.588498554068847,1.11019239395201,1.49692335710423,1.18126956355817,0.0692877725942733,-0.399016404612246,0.575374471678476,-0.0004713448053883,-0.540438979267304,0.166741658859795,0.0163666656597235,0.0014347792183553,-0.0388562815967342,0.286177130805565,1.47976589533184,-0.744321115203224,0.27695265311967,-0.335117722555716,0.141216009868272,0.0994947864340674,0.19911814012053,0.779231570765364,-0.0351332178259427,0.406533969380121,-0.236807299660282,-0.199780490081336,0.311051945521549,0.204197928262929,4.99,0
48688.0,-1.88528425621607,1.64205172469385,0.44707824909318,-1.99455955913193,0.064474489368442,-0.207279139406074,0.507652199597949,0.0904867654870757,1.69782401277472,2.02159630928608,0.229764777918776,-0.585979452345378,-1.40976467302783,-0.487287708751255,0.230460626247492,0.960818202662084,-1.51595067090937,0.531343769046362,-0.188377253818332,0.848333461788167,-0.508366286069535,-0.503269321405274,-0.158837086062247,-0.863653215102658,0.0508425747235597,0.674745177264298,-0.264501417755612,-0.845377231765912,1.54,0
53155.0,-1.08991809355359,-0.109663768248173,0.761677088430478,-2.56772168730523,-0.0911468402496348,-1.03371330062897,1.60714907738864,-0.13740390590631,0.130020249281762,-1.74292453042097,0.95506005926571,0.127387893064916,-1.6065257987538,0.923512875762575,0.354800196290943,-0.228317940620173,-0.498369314275072,0.266045876772461,0.925613701921832,0.322939622123766,-0.145949277910587,-0.952321894259052,0.209224781930175,-0.051859330074858,0.539311634913786,-0.368775430891472,-0.0967138539763101,0.0508631596819037,198.0,0
64451.0,-1.67604741734485,1.03837854700777,0.856833762888863,0.522748856539481,-2.86443148998071,1.93090715585796,-0.965372587305539,-1.92069028928786,1.13267446774892,-1.40833515120275,-2.22359729548684,0.720101894365815,-0.221342045550836,-0.620015720296381,-1.82134742974568,0.0349527134319999,0.503736280880483,-0.0289450834912988,0.538574316305672,0.0191018574230902,-1.34140532546798,0.829230525835823,0.173610806498475,-0.0321377818567857,-0.412405238418026,0.451677954373724,-0.502903992673105,-0.40881695883085,278.0,0
51793.0,-0.851367176258165,0.772545652657029,1.89958477377195,-0.343910850137951,-0.134088648014216,-0.561636055333636,0.883693436345947,-0.0884846457472372,-0.0285504230752873,-0.893450736820697,-0.866656902198363,0.267908899741672,0.0109365772718142,-0.338493800263341,-0.848763431474164,0.0103045346497256,-0.313795377420974,-0.666901396781264,-0.431032560209743,-0.137714773139769,-0.204205089013309,-0.553022329511048,-0.116996739914822,0.388839950167487,0.0672548130779537,0.0101149991880704,-0.0872247290356706,0.0953023307070494,46.91,0
113638.0,0.623604736531998,0.931387715626947,-0.636543354111103,1.16932850697491,0.822668318862812,-0.41728846921493,1.084264585428,-0.40784528372848,-0.705827672119295,0.280188319111836,-1.40940417367238,0.0486772470786754,0.875383654117239,0.363921187120729,0.579322957920968,-1.52481360972004,0.519718767058997,-0.150217171693293,3.02859060671135,0.23807505272987,0.131183708791052,0.720677052431854,-0.0619057839099966,-0.550245751679332,-1.08679646004697,0.655104967530427,0.272171752926415,0.263082299410007,22.08,0
25198.0,-15.9036352020113,10.3939171427504,-19.1336024646827,6.18596883540498,-12.5380209157442,-4.02703044708406,-13.8978265981985,10.6622517826007,-2.84495398482036,-9.66878891236125,7.39441941053863,-11.6356300484755,1.42327692545531,-8.64045910049478,-0.674719538892936,-7.69556878829619,-13.6841395944616,-4.77740603940726,1.26834277321029,1.50156541071894,1.57754822493456,-1.28013712313136,-0.601294526869194,0.0404039214626868,0.99550197117886,-0.273742711729157,1.688135896398,0.527830799573719,99.99,1
116011.0,-0.818922234445173,-0.653837321872058,1.68561530649695,-1.5613667649451,0.357487148986207,1.30613153629806,0.371795476889779,-0.0860701980638533,-0.349492609103346,0.156625989395435,-0.675389907963236,-1.14158202018003,-0.944494497071075,-0.998165750054349,-0.265553118459012,-0.894172054131756,1.53680687127466,-2.70269229125197,0.337976883989929,0.0727078238314468,0.248178398129646,1.35624667469678,-0.60372837393776,-1.03788427253909,0.609915192783804,0.318683401807909,-0.277412323540971,-0.46192970185967,100.79,0
87390.0,-5.74029119816496,5.55278726438421,-1.70045977534402,-1.94356185950057,0.839502207216054,1.82964594792872,-1.61900689221256,-14.7635972047387,4.57560264540374,6.4395999319765,-0.449198272456476,0.505851678061694,0.467033942998629,-2.11960514411799,0.574193452532727,-1.22899995290943,-0.804652151297145,0.0590645128109795,-0.259059958971127,-0.445045507368458,11.8490552979281,-2.88753252720484,1.47788138758132,-0.874983385696508,-0.0537209929559119,-0.329515640678893,0.30621380013464,-0.885728372741095,0.89,0
149991.0,2.08473654081784,0.0676795318213896,-1.79337022262212,0.392630025512059,0.385427477560122,-0.819933113351326,0.102042447377598,-0.159231469432234,0.684313757287746,-0.343199234408582,-0.909923258056052,-0.535890469142862,-1.09460507373181,-0.617637984564462,0.346832558985667,0.417675568493285,0.484461976885816,-0.11110426528473,0.119731110911871,-0.226458807059805,-0.388407896835543,-1.07071436800979,0.334532610999878,0.346447527284245,-0.277469536022705,0.18529963759399,-0.0706983833221457,-0.0345469330514272,1.98,0
74488.0,-0.307736903667867,-0.56918621814957,1.35834807516822,-2.67165142094764,-0.712045021247644,-0.0782492648386149,-0.176589976123232,0.0352214312610403,-2.55219157375893,0.878775131030112,0.358842052298326,-0.369444067356849,1.11744153034395,-0.482835913678912,-0.664692531360879,0.386947247330227,-0.445748363943763,0.728990210140531,-0.238005857984919,-0.131644064083896,-0.20093345839926,-0.418811508056034,0.137003826369307,-0.559614549660941,-0.48881254841557,-0.602487143676843,0.134614184312251,0.147309538848752,75.0,0
123311.0,1.73914250562057,-1.20233350961871,-2.6491217511991,-0.166198874306261,-0.169567413206349,-1.75992779166829,0.930051377149313,-0.760729717347099,-1.137778428851,0.928468641410831,-1.05285911064183,-0.382454957344862,-0.280411743150795,0.819052883680745,-0.319637622445792,-2.24434971317835,0.22538802903955,0.688162852176878,-0.754157784500038,-0.121703891217031,0.0543858072140772,0.18369556737138,-0.320718937698585,0.124989821531957,0.392923684766872,0.989671255958582,-0.174378589353493,-0.0460980757073962,276.0,0
165709.0,0.0112721497808471,0.868984072714903,0.808962551922648,-0.385967471334796,0.70966218858403,-0.946431549098569,1.3157415898588,-0.53230293443283,-0.374616279442919,-0.374441669766803,-0.664908239298582,0.483113059168682,0.98501221615974,-0.18005128282328,-0.216539771536122,-0.466623384004464,-0.356975812272614,-0.797348268679592,0.522357505267937,0.0465591668770567,-0.217264514757548,-0.318414045448094,-0.0380082216009077,0.0826861623204187,-0.726818308776849,0.158415192972152,-0.0321460070341441,-0.0403709001121071,1.98,0
29013.0,-1.14709697881622,0.368128225452014,-0.11403862260012,-0.279361081679922,-0.695380549884705,-0.381989163526972,1.68721756495574,0.197077513502814,-0.356179316260294,-0.964007464120147,-1.45929595234508,-0.0733095736314493,-0.127794594737214,0.37760509757322,-0.662142251287191,0.14837197917281,-0.340280414631317,-0.201396619366934,-0.384838373585432,0.50668760150764,0.220168141477499,0.201488871075134,0.583598729456138,-0.109598594482068,-0.163403775554623,0.317197711588511,0.122563514462757,0.187118650019763,306.73,0
63454.0,1.25763116035728,0.394782992840087,0.317826383902954,0.687931336031195,-0.32366735838701,-1.06083823126013,0.122387495304196,-0.234099797659323,-0.0484086098910509,-0.298140764322713,0.0252223598655566,0.519347544697148,0.760408319055537,-0.39400087996232,1.03521535055366,0.453330442304865,-0.0357679667634357,-0.364943793762711,-0.201928616889467,-0.0475191370900213,-0.281746875841,-0.78584010182002,0.123395688792204,0.359981696966015,0.234342506166345,0.0926642675808137,-0.0194840246580958,0.0318865687047495,1.29,0
69394.0,1.14043132434726,1.13424300279892,-1.42945474072655,2.01222598912655,0.622800198240135,-1.1529230868157,0.22115947772768,0.0373717733484629,0.0344859259841517,-1.87964382107016,2.19166507997652,-0.487849732811135,-1.75713709936308,-4.46105120749925,-0.402884205654366,1.4109171085787,3.61925125200524,2.28492676267757,-0.443999191918561,-0.0997118777920308,-0.367136001490949,-0.891627120817809,-0.160578066799212,-0.10832596200032,0.668374321480191,-0.352393242949003,0.0719927692746503,0.113684370071235,1.0,1
143423.0,2.02723355709061,-0.0782792930558904,-1.76938093483219,0.3164808373233,0.388531165096056,-0.912298523767984,0.456427420251311,-0.292708639373004,0.385336225312786,0.106583009895781,0.475717276849832,0.913787499973131,-0.447892728105056,0.709548196622411,-0.965568664227668,-0.508525712556377,-0.438313799614994,-0.009333729844805,0.639710589014107,-0.233639412854219,0.0338504700309385,0.266451319962663,-0.0299089050440854,-0.314012039489356,0.361299666052379,-0.2212674827396,-0.0446409529469773,-0.0777692061588811,19.98,0
28180.0,-0.404649836277129,0.733377724990136,1.32116213276509,0.844436544137657,0.323163475724333,-0.290185639095064,0.89997654745966,-0.236852647729734,-0.25736803455912,0.0858284454830876,-0.414081600495609,-0.797813673695931,-1.25480585116202,0.377016644694123,1.45081845799825,-0.640987724605126,0.046717462500514,-0.217214191049156,0.0895984447551773,-0.0577410439452783,0.133002590402076,0.541388328977037,-0.135770497413111,0.0606705080559634,-0.404622386953638,-0.34133296340537,-0.0997435060205929,-0.0611816371095354,43.47,0
45974.0,1.19590986845744,0.383320117430749,0.245049461504724,2.35227113811202,0.0967543149380299,0.070351316730145,-0.0377976218291421,0.157894110943563,-0.368485284918053,0.741975758680825,-1.23222208948698,-1.61077058290544,-2.57084333733382,0.860095548630614,1.01629614792255,0.568730175447434,-0.344261009337728,-0.251521487477587,-1.15632638280619,-0.347050722249949,-0.0284443997781733,-0.190132452437107,-0.055028740590345,-0.507414133222159,0.472206292373903,0.106668939058019,-0.0182728316929369,0.004540154325774,1.0,0
77753.0,1.1329202198886,-0.276889249782997,1.24833915763587,0.759416177888214,-1.11116641359099,-0.0033556966449508,-0.777970104720796,0.263741279674993,0.792868057349477,-0.048746962470599,0.828136490892961,0.702054601966691,-0.844138549685856,-0.0496419817901075,-0.412743146052588,0.397271892422552,-0.379179818338325,0.358584963117101,0.254017342154763,-0.136197048777273,-0.0477602974587948,-0.0242275606807085,0.025726592714057,0.343311738906896,0.196069849970457,0.302082546121018,0.0074133890253315,0.0157333246315182,11.5,0
156162.0,1.8884946902347,-0.459032731666382,-0.345408648172692,0.517714221236554,-0.703791594440539,-0.574352691747818,-0.438080032141772,-0.137790423844456,1.2222214552286,-0.187038132057779,-0.717823376091277,0.962732870773814,1.11629479230113,-0.297363840183293,0.616142020546246,0.0244813023958416,-0.560359783746065,0.0996882294033477,-0.420652473500057,-0.0705049222369329,0.324906651100072,1.12918188762633,0.0268946307544238,0.0510211770053858,-0.0310375897708011,-0.144666862300523,0.0377458539839598,-0.028868549677049,54.99,0
167722.0,-5.25311268651684,-1.56812466251776,-4.44011595377095,4.74483453609606,-8.3614341337886,3.70535115204351,6.10310192706957,0.547635507129818,-1.64385913067186,-0.848941521395104,-1.78926553413172,-0.269945529485988,-0.204542471621846,1.28796154562804,-1.03993722410336,2.34034141895721,-0.0815626062984147,-0.413491515203841,-1.18867743141632,-2.81031092793535,-0.746425760684354,-0.452678984723903,0.772342913259482,0.583932685638253,-2.45564215682857,-0.789342474946821,1.05693027667277,-1.63603602701615,1454.55,0
122271.0,-1.44192611219308,-1.30692281614128,1.33536813719314,-2.11616915550644,0.953509307999836,-0.853283899938177,-0.654643746605679,0.138491470620806,-0.791674854655147,-0.0622606158641569,-1.06517313005918,-0.277654156736283,1.60625221341908,-0.879002694727719,-0.150303676377658,1.57783009846947,-0.482457242292785,-0.834411956895054,-0.256642738394387,0.753790475275363,0.536324386293819,1.12961609870881,0.0474850868558539,0.526636650161536,0.293791796164538,-0.146342849132357,0.286985214012043,0.221944854662766,72.0,0
59210.0,-1.92661510868401,-0.152457159943661,0.463945767528689,1.42540408143069,0.880836479534394,-0.0411586468390823,-0.297807885947433,-1.66628233976133,-0.247893840318131,0.425728904645379,1.14803234226499,0.744995923170509,-0.616037307043923,0.534988103335874,-0.0084785529961642,-0.823487609615819,0.361368246562568,-0.105000539209748,1.01163617792756,-1.298894595573,1.4326501079359,0.183913466732115,-0.528893614234417,0.106566502225789,-0.667154064906242,-0.243943953179427,0.743314520325551,-0.044757611133181,177.99,0
6201.0,-0.817650670753648,0.373856484734885,1.15111020646784,0.435923545645328,1.46382257031511,0.505910759902336,-0.111504688764092,0.1117385579436,0.548462750080683,-0.296967896564389,1.41219087460324,-1.95726389490201,2.44690985752667,1.70628671012864,0.265812736132061,0.070700823711624,0.187524012476132,0.461130790989955,1.27814063310739,-0.0296613334292094,-0.318153657151503,-0.616085076458146,-0.216365597711812,-1.36935232035149,-0.567394691624482,0.216894402829709,0.0754508724509108,0.0689435853034249,17.99,0
164060.0,-6.860354218389,-7.9610967073926,-0.281224621591145,3.03755682050486,0.903253528765386,-1.57063634480519,0.407729200715249,0.66878365428456,-1.07447038191842,-0.428341525909491,-1.69106885409701,-0.992938211291721,-0.406395605539833,0.611048406857033,0.148290727341262,1.94166669384648,-0.670603602268488,0.530559860698661,-1.5842456122342,3.8796856022576,1.27132903507934,-0.392254308839918,2.20846188817431,-0.114455357586636,-0.179228021069134,2.18190833222708,-0.184839284316399,-0.76368089762851,1013.05,0
63695.0,1.29563708314199,0.272653993287851,-0.16243583380346,0.303101350443692,0.255713573521486,-0.079777449726367,-0.0410300416339176,0.0180016976933936,-0.147389675051058,-0.112152033191986,0.588094388898315,0.539024583527889,0.347490047586699,-0.161316150027582,0.478723987212561,1.01552899195505,-0.680758260453479,0.57708250516138,0.531352904345502,-0.0317085953707631,-0.312683544980909,-0.932432175038452,-0.0275084621154037,-0.877942855552273,0.341930007961533,0.149382910281868,-0.0284119294249465,0.0088035515518497,1.79,0
136503.0,-0.0065966453326234,1.01914124544878,-0.646749183655638,-0.529731431131812,1.5983316386984,-0.396692566543285,1.32006977706062,-0.36481433554078,-0.0268320838398498,-0.722736824873686,-0.986232720053389,-0.402230357542247,0.605824542980461,-1.27300548125007,0.810016646927488,0.0886460470054704,0.158460959592582,0.878329870199668,0.0867517439209994,0.277607543750315,0.205126111452435,0.964809836968111,-0.279157041055904,-0.0856433434555409,-0.310335845429545,-0.158772363883673,0.303893266134158,0.0879551202857887,29.73,0
106619.0,-0.518173787668159,0.756097206737277,2.28273727813564,-0.308866554856345,0.351918690484914,0.235737355435497,0.397270958138768,-0.0726044204971075,1.30175080333741,-0.970459694221457,1.68676016499473,-2.09084037289926,1.46820149982484,1.46458777483693,-0.0113675522913932,-0.0344837649905098,-0.0067679885760802,1.05373109314095,0.884053827846488,0.065122950196863,-0.275554044314019,-0.37185638916556,-0.349454702780232,-0.503382565030809,0.25779944588661,-0.721322586691518,-0.0818146058791585,-0.160176510291925,2.12,0
35150.0,-0.328728382341933,-0.47662631280345,1.42956682864258,-0.900623722925298,0.0675341145991613,2.16721772000514,-0.0401605338492247,0.497777961400692,-1.1198655582023,0.451183221817239,1.58302707727409,-0.418726747410999,-1.11559561121135,-0.194336202494111,0.397377192508772,-0.87357666745354,1.81865598190014,-2.67322379643103,0.918108029476727,0.308119863813629,0.210791827806159,0.801462910895061,0.142100871269993,-1.34652897751582,-0.619436246631507,-0.0950925885285878,0.0292243567636587,-0.106219695953307,96.62,0
125240.0,0.384440650233901,0.186858426370153,-1.90804832918283,-2.24107311122051,1.26317630317951,-1.71503938662095,1.31837797237054,-0.552081503255967,-1.34842625173127,0.499870215070703,-1.2460307458897,-0.937009297876316,-0.132603273599754,0.298488156031026,-1.54335806008098,0.301283502019646,0.0453097701381733,-1.58640547169393,-0.0852040640767722,0.063917014603467,0.682582343141882,2.05606997877571,-0.0387738472361863,0.750246342975025,-0.947611880394525,-0.160787213667308,0.498509317508523,0.385423132586089,25.0,0
58039.0,-0.72167756565857,0.972449720216411,0.520641519122373,-1.58293224217629,0.594300338764984,0.048918820668713,0.369745285044599,0.46314929990517,-0.407046930901433,-1.1687670238737,-1.60446479635673,-0.0540262780909657,0.681327662414042,0.266087208369597,0.641333038814059,0.676084344701958,-0.70407941591663,-0.424674856041703,-0.45543980653254,-0.196017666357796,-0.0243137027217241,-0.191416143379728,-0.214339856990046,-1.25760939754608,-0.196553759743714,0.862599135948186,-0.0964503363901731,0.0356520602639978,0.92,0
168586.0,-0.496713746804603,2.00892883744773,-2.41026105712043,-0.260957244792845,2.01484088602764,-1.07030781953197,1.5689915916372,-0.616791875826749,-0.18230633422681,-0.780432345667804,-0.635503661375921,-0.940904941031883,-0.360799228826033,-2.68445842350373,-0.140825866900865,0.12322064387231,2.03182542452085,0.843635897711281,0.151415904686487,-0.113324956264023,0.20919716087353,0.392837058873429,-0.19917903631754,-0.001652959672676,-0.75455285323084,0.496728864049778,-0.765836414915664,0.292676128245468,0.76,0
65420.0,1.12474995192374,0.198671462708602,0.742535666641975,1.13950179370676,-0.53401787276654,-0.728817167530518,0.03962689173255,-0.168427969033518,0.0537167174637714,-0.0831411538459973,-0.185195268779683,0.736909914260426,0.963677725874357,0.0658367269526077,1.07897658244903,0.338393238856556,-0.596496431455392,-0.291113218628118,-0.388808464101704,0.0153035150534678,-0.154514594126277,-0.510020327341776,0.0624474864326731,0.361768215110323,0.311269917945839,-0.630617166264295,0.0342916948973976,0.044317559444753,49.99,0
139740.0,1.97685841558746,-0.506390481248843,-0.387472067009295,0.329192310771136,-0.64625711819999,-0.0923303865332115,-0.784912673301804,0.153928584524739,1.3706836972651,0.0369514262068237,0.20723122700874,0.595453144717927,-0.720920361174125,0.12905846808222,-0.10972642527082,0.408411693711317,-0.843935910421174,0.974487567777364,0.181900531763161,-0.268684839883477,0.260539479691509,0.967615975700565,0.0395278700885558,-0.39440310986834,-0.0495478199434243,-0.145868236555532,0.0337184510538069,-0.0547957886349593,1.0,0
87819.0,-1.10241577663351,0.205777687664672,1.46120891004114,0.101458220183288,1.36683030112194,-1.14963598118834,0.627315269692196,-0.426817764241583,-0.446654551872798,-0.17966321696561,-0.574955753444483,0.034784071094497,0.284173656984657,-0.0317425426095158,0.545510158532292,-0.741693168271132,0.0710639840938748,-0.746733842771319,1.26278896480882,0.0315112026833865,-0.34318156539417,-0.727760543339956,-0.427368903389965,0.0366085641265846,0.28447097045188,0.47055854486208,-0.200861593345626,-0.198951597941876,1.98,0
146778.0,-3.38203658613037,2.04321445541914,1.69996820672612,-1.27562909583489,-1.37443615850524,3.16048202603884,-5.16627915250948,-10.4669884326261,1.47396679294104,-2.25767086146218,-2.39934048333126,0.742061851434578,-1.65136701535398,-0.298766674231662,-2.02934986352515,0.496277145078597,0.584129655115663,0.198115862195932,-0.347494532268916,1.34274750808147,-0.796266091091967,0.535591822349561,0.450394952524471,0.57451342994648,0.187076459914979,1.37801958166866,0.131998897762618,0.0373855320314572,10.0,0
148253.0,1.90892873766435,-0.184526924615439,-0.686566739601105,1.65715092440383,-0.192027557103489,-0.332584016900537,-0.0077662804360042,-0.096800464338548,1.12385256814917,-0.0217560139253196,-1.47742758176032,0.721394887250531,-0.311194314620877,-0.230599251039091,-1.69899418098007,-0.878868429246168,0.199770420697227,-0.960133967677028,0.244055954446903,-0.270904986620141,-0.323934828908075,-0.573886718949861,0.213444976887431,-0.115971210297592,0.0441271301945119,-0.814037220111597,0.0380109752072757,-0.0408059591838213,29.0,0
64468.0,1.10039025334198,0.913562437979493,-0.131077348848477,3.05131280003778,0.394822262589236,-0.0921668440914042,0.0239665241193133,0.0984495998390939,-0.343247104021084,-0.600671433429794,0.0330380700748851,-0.102407371980374,-0.0239018855771527,-2.84569818231441,-0.406291157961268,0.633638356214294,2.14418840632284,0.147553075114001,-1.36716501982116,-0.121134446564802,-0.195011435834689,-0.289543909529234,-0.0913706524147635,-0.117882966676379,0.564196880934162,0.10769198938989,0.0590259613025682,0.0747071855268534,1.0,0
128668.0,2.26336455696541,-1.42981109971098,-0.881646737087928,-1.79120211707217,-0.965627988419674,0.190924012980654,-1.364476621622,0.0281995118968197,-1.40075890963575,1.68286876069799,0.441623964260822,0.194422951401758,1.29997748151009,-0.549360838556738,-0.739053065588056,-0.182884033458517,0.0117765777157354,0.497003032992125,0.174704309146198,-0.329477988261669,-0.110783015794781,0.184119145500938,0.221329897785777,0.222356400978751,-0.221972505395063,-0.199495050237919,0.0253936374788113,-0.050423569310001,18.4,0
149761.0,-0.692245994265484,0.0112633978921733,0.652206018872527,-2.12247697178258,-1.08846382976379,-0.506016642549483,-0.0573317722560187,0.575113411952117,-0.756625076216467,-0.151214670922561,0.267985724041728,-0.35263125462342,-1.2623027315711,0.0916723211037307,-1.90304218345418,1.4511985844222,0.06565163534229,-1.09029599144404,0.41667054136792,0.0680933059573856,-0.0053931057054981,-0.266759517000171,0.418172822944294,-0.0108631955217959,-0.926814453834823,-0.783130434419158,0.2762564984734,0.202356842960549,92.0,0
52814.0,-1.10184700698197,-1.63244121283891,0.901066556872515,0.847752885502341,-1.24909072939532,0.654936785498635,1.44886782586722,0.0233079125519542,-0.136742416820243,-0.150129182778684,1.17235508293037,-0.795988136674965,-2.13695096583302,0.578869439330842,1.4121147225086,0.0134668068434063,-0.119204381070058,0.826814373772222,0.476859902488945,1.23027784051309,0.610653920616913,0.835795006603528,1.17995542066426,-0.0290908864225033,-0.300895693792436,0.699174952578756,-0.33607170899039,-0.177586827857027,519.9,1
65388.0,-0.38547070661862,0.476013057264601,0.248526961398183,-0.81918939767072,0.419244913413375,-1.69541325695554,1.0471271857145,-0.252774723107892,-0.186424615513264,-0.331143379657738,-0.722907155448619,-0.535049316318604,-1.02725321528983,0.538701008117661,0.0772692351967829,0.0839148968269788,-0.420805458481804,-0.451500064692381,-0.515906034052273,0.0582510524947136,0.122813425205372,0.294681672285367,0.170025349949955,0.419077735477228,-0.898802947822762,0.743714957419352,0.320004990547365,0.273755523411669,41.9,0
72161.0,-1.31876229020623,1.55503159895673,0.913673292496083,-0.229334553148234,0.181619247430389,-0.542097287473668,0.884142150114809,-0.258453768817776,-0.0379802973424429,0.438928632805812,-0.351288774095786,-0.518232054036332,-0.923494536717779,0.247086683351324,0.969377146230396,-0.482059211014547,0.0197378679579536,-0.703670271028234,-0.281128170592048,-0.0753395657976619,0.13753312177222,0.119094064557656,-0.159867528083999,0.0746405693532971,-0.0980352645181174,0.276973006054412,-0.660165210238743,0.149767717989328,10.0,0
81208.0,-0.888664241252206,0.438552411466205,1.89830407395601,0.0905965877678959,0.879006037998656,-0.950158949034508,0.874164412909725,-0.237075993143845,-0.840979059685382,-0.324257768125056,1.54085300792332,1.08239546129643,0.675091302161663,0.0549468701748654,-0.405698009752684,0.228549905598445,-0.970507341963941,0.232690470010483,-0.684401687268352,0.164834328747492,0.136070230120318,0.332227523946378,-0.270409271082887,0.554956170943075,0.743404982076965,-0.466756266203425,-0.222713343587344,-0.244374736111756,24.67,0
68746.0,-0.537884747351151,1.15180656199615,1.539073934027,-0.0539858745149943,-0.0145694354313776,-0.875860310578484,0.74657427440224,-0.145679674247195,-0.437509009277382,-0.223312590893467,-0.270134589352483,0.338608531330101,0.767847338247747,-0.0393423068852502,0.776112905958069,0.15324123396255,-0.443406795088486,-0.448817481994132,0.0134786106667295,0.129070264666829,-0.202127853632034,-0.537406607902535,-0.028678402610664,0.38059035648695,-0.181246119137152,0.0560713381993318,0.134744125899186,0.121592264808669,4.99,0
81734.0,-0.805590584890628,-0.327814325313075,1.01060583101151,-1.79469152249963,0.174877889374129,-0.947109932308442,0.164300273673735,0.0157168585937654,-1.48415683522137,0.387934800923802,0.880646577052253,-0.275108226115412,0.0378283011468425,-0.0328273490285149,-0.708037294447651,1.42987416713215,-0.356420372403023,-0.660502059626322,0.309403365542754,0.433191184489559,0.386407403026028,0.836657912960626,-0.0259999170240967,0.0260175818007257,-0.0064731326175325,-0.321646890482509,0.314915429930612,0.20223487619847,62.8,0
62982.0,1.16716170098516,-0.26814453315435,-0.715993747674316,-0.194941162196408,0.404117275383734,0.0121250901099425,0.279298055891219,-0.118797196517819,0.0945733828907727,-0.189407421239229,-1.30656154558726,-0.28243885482558,0.119660482828466,0.37672393499828,1.23263165253358,0.1770273063028,-0.4258679968485,-0.585347572761748,0.228940608141778,0.135874727618739,-0.0868234406495162,-0.425348175228651,-0.26265242577668,-1.24341679102015,0.500824895672424,1.11459081822966,-0.106960483661626,-0.0038294497048078,108.23,0
52943.0,-0.608349436694662,0.289475116384775,1.70211454982123,-1.15669128976631,0.121208416872999,-0.132276862986911,0.37800568979172,0.0196354393048477,0.307245435786745,-1.11790184235076,-1.47705077739504,0.584734818598676,1.42483595799431,-0.827533042327752,-0.669158776137801,0.370476325043079,-0.707515966203999,-0.129987282752599,-0.174813311460243,0.0933891232963858,0.124493508293043,0.493631997234079,-0.256099192057221,-0.327329441997007,-0.0300458697910277,1.02105995356915,0.036609279552421,0.11394929624287,34.95,0
87293.0,-0.527825503423075,1.03801238254462,0.870553403487333,-1.03437135167572,0.980892263237593,-0.317789202802141,1.32084345057093,-0.296049033467041,-0.469021894812008,-0.167817090501378,0.700018537496931,0.945976605727129,0.72888084100906,-0.0862756846208347,-1.02797881149747,-0.0197167519411439,-0.856563692479568,-0.320007667519854,0.388209474355033,0.145067943396012,-0.272577262339156,-0.497694399372285,-0.234496718642866,-0.443898591263989,-0.0668222204649808,0.18865093523363,-0.0124425097905045,-0.0649002261371276,5.37,0
72000.0,0.890853073963201,-1.72959237538779,1.40078021470829,0.0726702236958206,-2.26283276743221,0.211422184404388,-1.24754614689059,0.187789328755392,0.701209823187318,0.2188271361248,-1.47502852769278,0.143875563103026,-0.231808895900017,-1.03441707749473,-1.1176667928815,-1.72227174103063,0.619342464580028,0.975249646261379,-0.344628679976772,-0.121678482288352,-0.347574986776289,-0.581096467516411,-0.105830275177055,0.461443019850747,0.0329360729316359,1.08370809967353,-0.01602014159751,0.0564444402342727,207.7,0
141586.0,-0.0470775018532223,0.778603364232123,-2.18229457130933,-2.16281887301843,3.62397471206453,2.7415761244345,1.06470285220632,0.610283960743898,-0.552635947342006,-0.458021464014262,-0.147078967251392,-0.117231636327195,-0.470416035906853,0.927406335992005,0.243438461013491,-0.738438111544686,-0.483779343367876,-0.501333969345802,-0.259809070150207,0.0046932526626438,0.245930832158386,0.79692567798802,-0.204514906072981,0.754891463070683,-0.271774278215404,0.109022302891541,0.413543157539579,0.262681934329149,3.78,0
161072.0,-0.714108087037126,-2.08813966670029,1.01035564165582,-2.33488904046983,1.43385609428137,0.438561818073782,-1.52912289419812,0.293544426725429,-1.80274941511456,1.19677822748797,-0.525646885218332,-0.769462022859462,1.16865184993307,-0.707914115444302,1.28295327221029,-1.10016482625575,0.798230742372248,-1.01036497568405,-0.898414831071964,0.0933036213552726,-0.0760338339782765,0.0288123945544794,0.520033116538724,-0.620564289318172,-1.42764457781187,-0.471915428995145,0.100272075730859,0.034026313165787,3.49,0
114543.0,-0.414174354416624,1.38109668344603,-0.377388929211655,-0.305242758100682,0.862541487082488,-0.640622560800192,0.731042864029437,0.231111510055345,-0.741696988236519,-1.26117896691061,-0.651741076202176,0.532600648284033,1.18018818509007,-0.788125857977477,-0.0943731814183474,0.0925265614442859,0.728352726017002,-0.276735491956529,0.335827703923886,-0.0638712604625254,-0.184075006594222,-0.552343774587707,0.0706577607525284,0.54736937316928,-0.702998210545469,0.159044735549147,0.0268195592830887,0.147896606276149,0.89,0
88137.0,-7.44231534559303,6.7162409271722,-3.73585186655301,-3.51368657546678,0.833609073650269,-1.19879117962053,2.50104119039281,-1.20871653339138,6.96598118022469,11.9260656259977,1.86112446551617,0.344262776882541,-0.0945477161391376,-3.00516916431057,-0.124858969018303,-1.6298793505673,-1.80430423239805,-0.513569285652458,-0.72144448588859,4.93808106215291,-1.15173212411442,0.387140626008394,-0.0368527663309597,0.26783154011655,1.38425943938467,-0.0072299354969197,2.59507491864463,0.641367360367824,0.77,0
122779.0,2.09244601417782,0.217585655805845,-1.86351818315479,0.361102663750719,0.490592854737821,-1.0084172589403,0.204179783861306,-0.32624870729541,0.280554809088244,-0.324560897679068,-0.352666962544703,0.217326567683058,0.744920909495458,-0.949072820985025,0.748635931909072,0.476051056259782,0.306339606125352,0.288056303226734,-0.413742795704642,-0.102853674097349,0.156131750657766,0.592180197276301,0.0395157251331402,0.648983081395765,0.127171912033701,0.649348004609529,-0.0635745254095313,-0.0345349986526437,1.5,0
56217.0,1.09960369664323,-2.01798218617584,0.0479027112537293,-1.56866444715684,-1.42895868960196,0.67937769275424,-1.34106468072262,0.294699604276094,-1.46306505949054,1.52462793732094,-0.0201883546130006,-1.70497303580683,-1.52216846556382,0.149822335596554,0.749188355424357,0.227220435770554,0.110840544632091,1.05197030064956,-0.120097438000592,-0.0310751472047506,0.0395569121486685,-0.0391615040348498,-0.280070663630699,-1.19562688903834,0.242791366350155,-0.0332520702957956,0.0098243874759473,0.0325834692468232,216.0,0
73528.0,-0.366201944844181,1.07122605369892,1.17237922106359,-0.130897277196537,0.24697337047639,-0.458327234176574,0.624578626836352,0.0870595612674218,-0.651512842245584,-0.349316703043474,1.20914613894591,0.561262315653167,0.210555629308734,-0.275911185169886,0.204989240738111,0.671467150670479,-0.370595048389094,0.452510280712294,0.322336992498682,0.151546152029592,-0.230409857552803,-0.628655087924065,-0.060909891585453,-0.0508236456907953,-0.140638637245447,0.0745839311820958,0.24083726978456,0.0852487859824749,7.16,0
124631.0,2.27821733088483,-1.10640914576489,-1.50590666102839,-1.80150766881736,-0.577084049422769,-0.677318434519376,-0.62526740756239,-0.269476741534366,-2.1513127959744,1.79452643921002,1.15388374370802,0.290932390703395,1.20440823782171,0.0313615214856963,-0.61976593872094,-0.535119689158193,0.203854560155619,-0.099899596505348,0.116120724557288,-0.336545215039523,-0.241797802283219,-0.32924709524728,0.310487633458147,0.682209595577009,-0.182081600624551,-0.367152470919636,-0.0242813498565556,-0.0569652642872148,24.95,0
137021.0,-2.36939841721249,-1.33836240370115,-0.509001047730726,-0.277600200367915,2.12695880168595,1.91728509676704,0.616167439533343,0.37177235712745,0.338726877913967,-0.864637254206108,1.07282939827605,1.01608847742051,0.741835138925243,-1.57150942247142,-0.0040579318188758,-0.14504510501267,0.895447107343373,-1.30844383092501,-0.812706916808736,-1.52024259811176,-0.66793858224599,-0.114893594843756,1.73350247363427,-2.54147424478716,-1.1304892513938,-0.0654847485674204,0.622556843789281,-0.188027815403616,141.4,0
35371.0,1.10887105271726,0.32486127667677,1.01792130930708,2.47144191315347,-0.388142278983904,0.15196332136168,-0.350651810671867,0.174266505562018,-0.340522219061515,0.648867778714477,-0.512201270371471,-0.454804753945087,-0.659793140129842,0.250429151740592,1.10029232372542,0.677668404577343,-0.437789841418537,-0.254719303415191,-1.57497745117373,-0.207282863040993,0.16315063163677,0.445118377796559,-0.0239349869350212,0.0656428487659959,0.335146004243705,0.128479038434762,0.0232493082151089,0.02584639662377,10.65,0
110617.0,-1.10103546371767,-1.67492805871463,-0.573388195590639,5.6175556662941,0.765556412634615,0.440607080848915,1.93474047501363,-1.01978754945585,-0.19324423129657,1.7837390603636,0.606910821999133,-2.85427542751023,2.37947304553589,1.26814661675691,-0.28361908940932,-0.482192055998123,0.8110054093379,-0.357910684579857,0.752760921550722,-0.0383141473363703,-0.412525822025647,-0.208823118913215,0.344832725150856,1.09143473162108,-0.686512742633337,0.0758089204336296,0.0338647378770195,-0.83285502022751,635.1,1
113109.0,2.09357233983379,-0.0603140171573036,-1.53232925123797,0.146273514931277,0.249291602465161,-0.831533106556035,0.134837229339316,-0.260894675251699,0.823659797564496,-0.087305699006316,-0.968818947622633,0.0244657476797328,-0.305279442541371,0.542476505089903,0.956537112454758,-0.194662861432885,-0.592599541808307,0.21864077511802,-0.114101322920559,-0.246158750404811,0.248224205005108,0.8451325625787,-0.0036688168626459,0.58937978428152,0.362844593911364,-0.44184315236257,0.0007980371690118,-0.0495475921499012,1.0,0
124367.0,1.96772056927617,0.0157840638307812,-1.17570270220768,1.26721704582434,0.353023975258883,-0.0937500317017891,0.0732993404649879,-0.0698224214446337,0.312340491828501,0.328091168963589,0.59502426006831,1.37652255683754,0.354527358587734,0.197461189624618,-1.48095623787415,-0.406091421280902,-0.466602102948872,0.152583280314215,0.0645332580878283,-0.21476380165686,0.225417434170868,0.928694012012893,-0.0294924920624225,0.808718153173788,0.445570344821229,-0.431696004475838,0.0103839251149679,-0.0559585002686239,6.0,0
151087.0,1.32904736508717,-1.11064197289618,-1.96147268743274,0.679088836551782,-0.383925549542329,-0.89992852575547,0.346241328278678,-0.11959180812482,0.954268215458347,-0.84027220528903,1.11866195140881,0.196729612302501,-1.77361757310776,-0.996288118287731,-0.562915757450401,0.253343890354461,1.12980893818975,0.712627573772549,0.193972781523578,0.384686227213801,-0.0110804908826192,-0.612326617857517,-0.0803105820781101,-0.136190472620716,-0.29398674803344,-0.137771997541844,-0.0774903479958797,0.0256627345263189,336.82,0
5547.0,-1.42122855669845,0.0526635374519172,2.65898056543914,0.809172569762703,-0.190269563130592,0.352834730052142,0.692423509986922,-0.117842096147298,1.22281643322883,-0.518653981993911,-0.629579208491011,-3.84143949978686,0.314972022570092,0.881303778831181,-0.975577106116068,1.25669075892725,-0.288549364923119,0.523462678457192,-1.50426862754129,-0.213987995220769,-0.155911480926899,-0.0043464291395692,0.142031675691936,-0.172239839502698,0.326619742729889,0.887845796957619,-0.249268179040162,-0.24522704621016,144.72,0
129225.0,1.85796377786174,-1.4027934178743,-0.965394641866627,-0.848611211209612,-0.926265507573164,-0.36996247451321,-0.658703205107051,-0.0914073050288883,-0.328546200446262,0.838753422091682,0.706400989203741,0.248627835067051,0.346942522957787,-0.169683612572412,-0.608607403796571,1.24404922668779,-0.104755330445414,-0.877800713967011,0.865924858354587,0.295108342168585,0.331965370233914,0.667291644909364,-0.00696537865396,-0.358597373794401,-0.191348887010666,-0.190107638738601,-0.032436581931205,-0.0389605148760096,163.5,0
127996.0,1.87837937914837,0.287728507762692,-0.0650408855222996,3.67427123733771,0.149212939756516,0.769300159934435,-0.473873005022008,0.148542931962896,-0.449980692977377,1.37412828322087,-1.5177051888038,-0.0226449117069132,0.887030523349384,-0.361848947257346,-0.397049540935688,1.33088720302028,-1.15640165461212,0.192260588680918,-1.71711111014148,-0.164404548103497,0.249968852980471,0.784522333175444,0.116847625091756,0.478450476437292,-0.0936229143600007,0.0810330071946701,0.0080446248272031,-0.0249487891467752,19.95,0
141980.0,-1.11197470379937,1.82967158310322,-1.53728447884758,-1.59144227576246,1.14789348708538,-1.06213463433684,1.45383252353818,-0.154650177656988,0.551492844591234,1.264760977819,0.0524677769991088,-0.367956443865325,-1.6799079002885,0.8162500112174,-0.551441362252182,-0.356575032678322,-0.821410933721282,0.357077130973912,0.215762487669212,0.504789359221454,0.0925288000329009,0.70259425614218,-0.268855277967858,-0.807035670103299,-0.0478620773891614,0.146701944656088,0.910023209010939,0.546817663512548,0.77,0
38243.0,1.16066990018508,0.132476067829726,0.595894262081194,0.665008039975661,-0.498619327571428,-0.711245638516721,-0.0078662774923187,-0.0741426353986758,0.0655628995805358,-0.108882673718417,0.242996506616055,0.392082177071416,-0.0802241026391537,0.355080734932075,1.29731029750671,-0.0675811169457584,-0.0070141350672108,-1.05488945621365,-0.603733704044768,-0.121174802606372,-0.201614059104597,-0.605261567108522,0.195072296506734,0.387051503696157,0.083848732990596,0.10328414768355,-0.0174954785077386,0.0212243409335348,18.99,0
81500.0,-0.938331601350089,0.463060357040164,1.65517534557399,-1.0374271741335,0.658850710870389,0.3642998502735,0.722143898621914,0.349541895617548,-0.266688782585557,-1.10324152903739,1.1464872488147,1.17544238014834,-0.223525998998891,-0.0409609154716543,-1.68320621022987,-0.140924094718178,-0.303136532839899,-1.15444016453033,-1.7868647336605,-0.235721946789524,-0.0038457010843825,0.0091379716681871,-0.0451965221157481,-0.27931769031662,-0.106945143963291,-0.0318933603650988,0.0533579948354094,0.0946315663486254,32.33,0
125507.0,-0.899690864716608,1.31080951167089,-0.325225371667842,-0.995848561373119,0.318219604439426,-0.599263574715423,0.723774383279776,0.143814324362575,0.790578197118393,1.04065734344917,0.213836603924235,-0.321661292540859,-2.02376986286498,0.409130131659453,-0.743133105257689,0.174955690022255,-0.669812465184816,-0.0291377344743925,0.177633070252209,0.354477708101678,-0.376215356750133,-0.76208231266683,0.0869947845106742,-0.543529152780508,-0.340833896903383,0.175875015542096,0.649018577738059,0.344619408766936,8.95,0
52360.0,1.20934003635492,-0.218817546137852,0.215572141478489,-0.347333292491433,-0.317824603608161,-0.176454814465284,-0.236547933705608,-9.69699738402449e-05,0.123257628053165,-0.0776849419127426,0.773158855241739,0.860006848948072,0.64105537593951,0.198527731658103,0.572809522698424,0.84081181155436,-0.952796951713734,0.315189371777636,0.626005647698752,0.0990980503153377,-0.105238889429515,-0.409601903567382,-0.0695532000154657,-0.458177817739926,0.200229428817139,0.934039231079412,-0.0818774440795246,-0.0002417005570319,50.0,0
59610.0,1.55594677440009,-0.944696450028276,-0.0904723691321433,-1.31097399527632,-1.08296535734933,-0.761354274155252,-0.667903111076452,-0.297648036004737,-1.81617721855659,1.38051880857282,-1.12207451534513,-0.81182090234454,0.645038388232358,-0.432592430985399,-0.376408955191824,-0.84681286484916,0.682595642684462,-0.188719695134164,0.236524073898558,-0.311601332995551,-0.236527470122683,-0.157620157879366,-0.154322385745989,-0.0988068499057187,0.750473448605798,-0.0340533388891109,0.016292320393321,0.0055324676134559,19.0,0
145126.0,2.08466802814856,0.290218305256519,-2.73117917926769,0.261520501656466,1.23914143662562,-0.702325478578953,0.645317882150951,-0.30008183223662,-0.202661587005075,-0.217276294419651,0.954384713374664,0.776217676846152,0.273026648577477,-0.638463455494308,-0.835520289959918,0.0390614760990426,0.498500007354116,0.318634914678744,0.32944242294221,-0.111569186647926,0.0603536110526774,0.336965459362932,-0.0902370699563723,0.206721226964511,0.42597329851795,0.691260099643912,-0.102121083569119,-0.0625627924121353,10.0,0
130106.0,-0.341697950694239,0.860889771910085,-0.899439434392473,-0.456229031833513,1.32607495186727,-1.07347329015919,1.23485549238048,-0.197596201305817,-0.0505819652933339,-0.744445939372377,-0.912113135024686,-0.799884555565703,-1.27292311796852,-0.77543615962678,-0.527633057995038,-0.151937879544694,0.789425032950316,-0.102500186727359,-0.194144071004017,-0.102119064044185,-0.0847165671443201,-0.0367895749778326,0.0448841121063311,0.5926376311848,0.0170499249418768,0.480546418745683,0.137594124521403,0.110591941334517,11.99,0
68207.0,-13.1926709562391,12.785970638298,-9.90665002092758,3.32033688288942,-4.80117593230105,5.76005855618556,-18.7508891580107,-37.3534426378925,-0.391539743919107,-5.05250236713858,4.40680552357904,-4.61075647740608,-1.90948796970811,-9.07271093398351,-0.226074450896345,-6.21155748212485,-6.24814535335983,-3.14924669470095,0.0515761185277783,-3.49304991519446,27.2028391573154,-8.88701714094871,5.30360690376998,-0.639434802306313,0.263203123457008,-0.108876929971315,1.26956635541013,0.939407362758877,1.0,1
151470.0,1.9863529624365,0.1944761279351,-2.23613286426077,0.72702747988822,0.613993900078382,-0.877404720288964,0.248633160344174,-0.189135378729432,0.92177218482923,-1.03327295566,-0.519279244083815,-0.156363575120372,-0.660902667791331,-1.89723863991859,-0.0461833930353377,0.0463874071401983,1.59137165673579,0.435962200857447,-0.0954200810173906,-0.151267300279946,-0.169864480874697,-0.291051107286303,0.0804576301538887,0.423636647216905,0.180649278555822,-0.318081223188169,0.0072284201207036,-0.0008450815198296,30.0,0
143750.0,-2.26989484854962,-0.674925489568279,0.334914312030333,-3.00719942713384,-1.10161010899588,0.14601114009726,-0.826236795005056,1.07737268214647,-2.31242050395713,0.535129732043455,-0.16321453601703,-0.568100246474143,0.0264511364957563,0.112688794512678,-1.18522809002976,0.317907253251601,0.208669599130879,0.803583394150461,-0.461379667660487,-0.189700215710183,-0.112404198869858,-0.185898206139079,-0.141751639504149,0.261938214637962,0.794370846389227,-0.134171343204372,0.242785493121942,-0.190499056835622,100.0,0
61179.0,-1.06403910532336,0.660112435560866,1.48029883130928,0.150239416458986,-0.786620135114508,-0.214780066984106,0.523056926611688,0.485516186045021,-0.639036380600485,-0.870119971965224,0.969319916380138,1.21349595149734,0.181286543698413,0.265202252216665,-1.1332357973595,-0.0444234763373388,0.0044531633457525,-0.0893046758817729,0.632745132551943,0.135671547164502,-0.0263890908680234,-0.318136629333165,0.236795162327805,0.54991206973738,-0.19611744134744,0.206162026252496,-0.0905176244541507,0.0444911688893672,119.99,0
115228.0,0.0377108400542569,0.821213781038234,0.279699709719401,-0.588107943973792,0.382371249048134,-1.05035177801144,0.964765807378535,-0.150607358957779,0.0379682995352159,-0.403824717377411,-0.971247847990686,-0.13941369301663,-0.551340676525643,0.228751835917793,-0.294910533943021,-0.125483275051425,-0.320475153123461,-0.768960960844235,-0.15218221113106,-0.0811244338347759,-0.261229430780834,-0.593124502029946,0.0830895711321556,-0.0354229781838442,-0.523235938491116,0.145269960391034,0.246741295415124,0.0955904693969875,3.57,0
60334.0,-2.35353955700013,-3.61995016968397,1.26558062545199,0.389726512000304,0.434333748412835,-0.265386188534203,-0.250492390339798,0.0471454346296295,-1.57013026750716,0.807034105706548,1.14718875292001,0.16039192445754,0.705216049361975,0.064502891387315,1.4547188162191,-1.88912574929898,0.297451209556036,1.89822585221744,0.847502378127736,1.47869634035569,0.293758916119228,0.0976106072540708,1.37569399693092,-0.299147784300205,-0.422680416462025,1.27673346166083,-0.277557983428738,-0.0245789559312342,459.06,0
67976.0,-0.430032684388124,1.03188913245493,1.45753839713407,-0.232128614175786,0.193280896152118,-0.365035950090489,0.639940514383445,0.0686568127778906,-0.719868165769431,-0.160580882078711,1.09959665057903,0.833882458642816,0.57880847361578,0.2044039212033,0.108793560252244,0.465250956142081,-0.797873882253405,0.18129490525401,0.42472187512431,0.156007203948153,-0.191501585835722,-0.496266714458054,-0.0815804957038597,-0.005916188464035,-0.160220207009333,0.072465775340074,0.264705901816748,0.108636456893157,3.57,0
37077.0,1.21487657306239,-0.072415606707129,0.344248372838092,-0.232459833145216,-0.394747632235168,-0.364017591043109,-0.220649492830684,0.063924861730109,0.0254383024671508,-0.0580445641023114,1.65716228287665,0.85267503938926,-0.247554526383715,0.509103109951008,0.714740405280687,0.172227846032645,-0.263147230834418,-0.420619352273148,0.005302734144056,-0.107535497009913,-0.0343174822840758,-0.0924183641404216,0.0667229113603045,0.083954725145861,0.130228843337811,0.973457139583635,-0.0725961156923837,-0.0106097277759205,1.6,0
107696.0,0.0703486781241619,1.34300590189136,1.89691968101744,3.44787220900225,0.239518757142128,0.155442701019826,0.324539128712213,0.030406779888796,-0.0071707378904649,0.476764960988977,0.0817461372679467,-2.45235249643624,2.29938082439656,1.14019242397769,-1.42633119784222,0.89985355525912,-0.0182088218723429,-0.193494131632438,-1.75320074378294,-0.21499914821055,-0.196462692131259,-0.301923628740982,0.314985861046945,0.266775525361277,-1.28032866693217,-0.499504098724584,0.139350436230757,0.134036137733267,4.72,0
62415.0,-0.557674398364698,1.15380974753072,0.243258160855754,1.27850263313097,-0.175370128178038,-0.332710546433165,0.715055121507541,0.315386187297957,-0.524677027331049,-0.168459003133513,-1.41540381474836,-0.21134404120294,-0.298821127762983,0.568878510308918,0.250607135124885,-0.570279672952141,0.212294892039496,0.132057449305973,1.06848289099834,0.176724997777317,0.129137859228574,0.411323883933343,0.0671995011315398,-0.114756026779896,-0.305474504182689,-0.230215517838976,0.310465996932824,0.198018420730318,85.0,0
82004.0,-0.55647033873022,1.26830175089539,1.03988894044117,-0.0714270416797626,0.170391729915866,-0.810878413288899,0.675653848549799,-0.0330112106088629,-0.164379220567911,-0.197677207920259,-0.525331735106067,-0.235726466055212,0.0915024493070684,-0.504229120782111,0.946088561056569,0.470863654403126,-0.126387470018433,-0.0263052548313157,0.0176678066108748,0.239415931573187,-0.321428012085752,-0.781409366936812,-0.0240534125030566,-0.03295692450017,-0.0582495264266968,0.100250749349237,0.35446643988591,0.151300362595676,0.69,0
172658.0,-0.651023919640354,-0.365974374198502,1.81251490906735,-3.06668638317841,-0.991158670189511,-0.518829389238994,-0.363033984035257,0.191277445427898,-2.00152504397355,0.807562135952886,0.273427342294166,-1.40392068959455,-1.54243607580003,-0.18294674254994,-1.1798290354993,-0.0371560764839097,0.111247001796735,0.762550331357668,-0.526533187505039,-0.339081241725718,-0.162076927137305,-0.0734760562271735,-0.368054152234636,0.0051344906431472,0.554323169127212,-0.138092921497015,0.266317512990082,0.0981892178044826,3.3,0
120246.0,1.89475362118304,-0.252269862126482,-1.72167895915683,0.446299929267949,0.399495873811974,-0.101174177063309,-0.0980092080705367,-0.0120850965472851,0.540606213879302,-0.285862217939266,0.292073101912308,0.470014327772654,0.0974017130352444,-0.972918318596576,-0.202288270202146,0.936149959083444,-0.0505395473644414,0.911577345765312,0.290853911968773,0.0098372699233443,-0.0780493493868984,-0.243776305094478,0.0006118473867388,-1.2393193958877,-0.136973141658725,0.265226242280961,-0.0399240758346716,-0.0343780123143516,81.7,0
75956.0,1.25454889739189,0.229975578250747,0.504952994606688,0.623962189519653,-0.494448807505947,-0.992974929646695,0.0561454877959312,-0.197965592430499,0.0667999228755053,-0.0628994998862613,-0.244153318697751,0.291340272722558,0.172159708578237,0.268445454787058,1.04836281550267,0.311191100272778,-0.416207058285465,-0.522644773786856,-0.117337455358111,-0.0961221297071966,-0.257518362276278,-0.758621998405733,0.134980517087484,0.370942593918424,0.212015522858891,0.0950177564856742,-0.0305846012142062,0.0192004315800009,4.86,0
60061.0,0.16929903523392,0.409995037144064,1.145910002778,0.380294441738241,-0.798053816704229,-0.221149529937975,1.5957214637555,-0.743364796640415,0.0595162693625482,0.231060787339911,-0.110365943177033,0.132444084919026,0.838698997320495,-0.482173138832032,1.18822762252584,-0.0014908377534645,-0.583511258510342,-0.264454149564565,0.488683174099067,0.180059617260774,-0.135356368127649,0.0155891286011211,0.37151546321134,0.416279862991635,-1.51905003733233,0.0022761758001047,-0.198305079913832,-0.316475036119888,204.8,0
138777.0,0.109719922652673,-0.20794818320103,-0.848087654387591,-1.10110738478027,2.19037790844603,4.18741146881774,-0.531350113848028,1.24988890466335,1.04264851337634,-1.28279629628401,-0.476363693208277,0.130720396151382,-0.395209949186778,-1.86873933016649,-0.892061090151989,0.29957436979802,0.666975107335686,0.118350677295118,-0.363972802745357,0.04292542615876,-0.0815906593870045,-0.142948680951808,0.465397328310234,0.601853492260182,-1.48256864231073,0.104864152817318,0.211870373699523,0.198485838763359,70.0,0
138245.0,0.250380994526717,-0.832392269299915,0.714467369691432,-2.62496679385405,-1.09594997147384,0.0280532926505042,-0.0203557373302986,-0.213554595298368,-1.64987465380717,1.31561220339282,0.182994062904007,-1.09006773266936,-0.564742473199831,-0.559733479991454,-1.00022581152407,-0.204349534104274,-0.0609571310820915,0.739654191149028,-0.0687679672379834,-0.390480139226946,-0.0890533745050809,0.306707419889006,0.0135757029571904,-0.443942292267827,-0.585087377504811,-0.280194001340487,-0.164244591145278,-0.214722076185102,100.0,0
64210.0,-0.772409600517602,1.05881264712354,0.0922119778881987,-1.22796956172179,2.60362284081041,3.35097722865483,0.210893438457922,0.912755287640009,-0.641923220448792,-0.477280007437699,0.0063037823848944,-0.408104355842436,-0.103613345653381,-0.274683375639621,1.17252060038039,0.6557936711035,-0.437133228839614,0.336391852519262,0.398701212839414,0.257799497816746,-0.320212874934133,-1.08187597423828,-0.209599240851884,0.941059013425585,0.32614220428829,0.147794491050442,0.126066863116933,0.130583709013025,0.99,0
72035.0,1.20727182251452,-0.0687068190195201,-0.232905656243335,0.0592612626670797,0.34539804730079,0.348274716258545,0.0136027820047927,0.0300584769705103,-0.119788080185069,0.0413857411237923,0.0056969719581744,0.633895262699245,0.770608397435985,0.293856743864648,0.447760494959567,1.03418640777402,-1.29911222203302,0.391930679914905,0.878725624169095,0.134910851334918,-0.37000767584729,-1.26027711379639,-0.0853598780135517,-1.39209077089617,0.288583490677993,0.183387574256231,-0.0534890381724688,0.0045582872632004,70.97,0
81514.0,-0.867937303629961,0.769088997017903,1.39537893662992,0.809970221167466,-0.474885243802573,0.910542059863619,-0.184546861835096,0.866311371543053,0.172947774900286,-0.611446383532887,0.0326120202896791,0.373926677084117,-1.59083912297735,0.216314978290329,-1.47068041425963,-0.430889460404645,0.316543206358478,0.0767609251979889,0.302697502418309,-0.340977452314282,0.0560124155511883,0.224875338721459,-0.178327900635924,-0.316302555138845,0.160077682859205,-0.300582354417687,-0.156842130248808,-0.0681546868206327,39.42,0
47439.0,-0.691887003161694,1.07981758814457,2.01978544099933,1.03241304078357,0.295335481451551,0.801242626338725,0.392415501567757,0.343083824992293,-0.65499298150023,-0.107197769396647,0.986108782664737,1.11881926065523,0.571493600290024,-0.0686339047572294,-0.283749872062886,-0.766451421986973,0.195538714869597,-0.198286229633009,1.20839101797878,0.243717842143894,-0.194374507883468,-0.246196998772631,-0.253913610189961,-0.293240611910239,0.304808470081191,-0.300654946256558,0.366319924242263,0.13141397620369,5.0,0
64600.0,1.31789046389581,-1.10195523176985,-0.66373566091776,-1.76117466311679,0.965586980802331,3.5520353020248,-1.52281215270321,0.914948515258979,-0.550149173677878,0.639019842928479,-0.0760767257510033,-0.758629098132778,0.366050898757406,-0.312184879858602,1.2995677168869,1.80867844934191,-0.447040993135566,-0.407928838129991,0.576176165715676,0.338521801910691,0.364388583764555,0.728958034908924,-0.190168889214003,1.05220471943752,0.568316640740119,-0.0405421792394651,0.0294997843985491,0.0293906820900829,70.0,0
146924.0,2.04772001963992,0.115970188797662,-1.77264570041091,0.24687242531917,0.601367149156537,-0.422341319187949,0.0920220611412494,-0.0867571672393057,0.218619807885212,-0.215118742907017,0.964232466491118,0.870180741319694,0.224701273637026,-0.702196096492583,-0.501275586884602,0.568982043322223,0.129026290687935,0.236078819456715,0.425929272556513,-0.123958763330699,-0.325252854742475,-0.856996194946296,0.29683176639607,0.261984995608778,-0.251253086116909,0.167463794442631,-0.0655082772612825,-0.042436958865179,1.98,0
117096.0,2.00567734502671,0.0803645553384169,-1.88300376102534,0.377827457090336,0.316749892854141,-1.04499425175986,0.147180772194982,-0.196686816012227,0.445475378627165,-0.332817198706974,0.984202968076753,0.283561437218066,-0.682804809452183,-0.522674186827253,0.304212780299804,0.557773937145182,0.147118028983772,1.22723070906646,-0.0386030656714128,-0.191965721355642,0.222547346904136,0.71852967146192,-0.0799028467190875,-0.42551618412076,0.238280167966435,-0.100534936706943,-0.0125088637992745,-0.0409506217395135,18.95,0
167395.0,-1.61401971017438,-0.476256019167827,-0.906054424996843,-0.0148718371852519,0.708231720956176,-1.77088103945861,0.937161447422863,0.145521349434639,-0.294742450041017,-1.60331037334292,-0.852903972076672,-0.490195754073445,-0.655050064716664,-0.364026014540019,0.490221362007361,0.411970795564962,0.567734816839067,0.944586841617413,-0.691530319420528,0.491549874440371,0.578655101742632,0.831496179186644,0.233265234035048,-0.0588424369086413,-0.239876699879618,-0.242836064888949,0.025081758232977,-0.0068023521354199,209.9,0
86226.0,-2.0997462196885,-0.971440740495413,0.759720411644863,-3.41617592018784,0.286765454367204,-0.0237744526362896,-0.0274551646108812,0.899155461293656,1.66519742229277,-2.84922261663603,0.52575557303017,1.67771089750659,0.143761257848811,0.252342571022717,1.17945750950671,-1.79751805682709,0.932074618388974,-1.93833481126656,-2.153848575033,0.190986352868513,0.41405166083673,0.974267106407421,0.234275632241926,-0.619667081271495,-0.0498762101546326,-0.992758385976769,0.329842741194025,-0.0162021671711956,130.89,0
160429.0,-0.205348770658834,0.643129331192988,1.03166734839548,-0.718434859400659,0.225053920564106,-0.797834682324314,0.672695636013627,-0.122463072299433,0.0346309758500701,-0.727666104357161,-1.1282136955527,-0.0555112562666537,-0.0005247481680583,-0.0487037234803427,-0.130370723670098,0.124273198132933,-0.518689335006633,-0.204750819128011,-0.151618348702839,-0.127650127714275,0.0826338371973368,0.333202838761571,-0.115291835453454,0.0185129945330992,-0.619084719785972,0.465170186903565,0.122057637666427,0.17579112001555,1.0,0
130489.0,-0.647736701340097,0.969897828212311,0.771818826956085,0.0019536527547507,1.39173856392257,-0.325415102270455,1.67057435362307,-0.24950603442601,-0.78836268087386,-0.337602292061194,0.0337003111756833,-0.538355166398809,-2.02679436017057,0.708687311925963,-1.26766449507426,-0.470416011820196,-0.548363000417138,0.294760330448758,0.215024268235127,-0.120264728723637,0.0178341903661606,0.173466032402867,-0.686938005862937,-0.501374581576284,1.21138905213743,-0.383502694789509,-0.174192353880048,-0.200533299241635,19.0,0
84102.0,-3.17857369206736,-1.09192204956284,1.21556131116473,1.3921192148116,-0.392619869939672,0.174902721859876,-0.691311062977368,1.1573868922191,-0.403905781923849,-0.765517362310023,-0.0165268206929803,0.496919224465327,-0.198270586883593,0.596838280741524,0.350149932311835,0.706299791967609,-0.276092086755553,1.261433831349,1.14802123531228,-0.203431511895741,0.0926238301163699,0.19057361038541,0.628339548743287,-0.359836932687109,0.502711805766628,-0.21853606445564,0.131551329776881,-0.808690259902138,40.08,0
136773.0,-0.454075389940009,0.570947361687518,-1.29262942605219,-1.49570232636932,-0.805209432026679,-0.48707896804068,3.32722428907424,-1.04574384461307,-2.11341389111813,0.139852974232292,-1.17953268047528,-0.417801278338337,0.705990898627461,0.330439073927989,-0.835876443399615,-2.14997104334422,-0.0841121535908333,0.71876939198206,-0.77190712632739,-0.749976503991851,-0.0900932026303691,0.585762560847735,-0.416326332814478,0.0124175110362148,0.352305829263654,0.952115540291828,0.0301311043760815,-0.0218963756709364,395.13,0
53701.0,0.915188570836804,-0.516618611259033,1.10439480166723,0.899724070801047,-0.942511774249951,0.229000616334229,-0.491522885202096,0.133725505750223,0.785115570743238,-0.36311922364247,-0.365055245297963,0.98122127613392,0.892417604254824,-0.521087386270821,0.373417474429258,-0.154049506938189,0.059019797525108,-0.764931530087268,-0.441541732865956,0.157920305316024,0.0157629732047719,0.052386980320176,-0.0511010373110479,0.151780618976464,0.167794426728383,0.330901967809785,0.0170215289972374,0.0459111159969798,124.75,0
116977.0,-1.03585866337859,0.741430469803832,0.701876828751198,-1.13498784922433,1.24133069703797,-0.637121871996762,1.06095819032591,0.0173287404936238,-0.356674285287854,-1.85979850528883,0.834907849129627,0.705906051444397,0.107002002722725,-1.48221577902962,-1.39284732329239,0.354569398336375,0.533383154545123,0.58037352809722,-0.0848144830681831,0.0757093937889193,-0.166998713420471,-0.515380145729941,-0.393137554023163,-0.505705053071497,0.84804761784661,-0.0458300212328779,-0.0163424415443077,0.0685496184519586,36.6,0
139156.0,-2.24977896644618,0.628794203017175,2.89670831360163,0.231428024383887,-1.25070060850196,1.24254460443536,-0.284562695256465,-0.150163841943612,1.90551755442902,2.93091775578662,-1.6457666818489,0.240870697893482,1.09054938250557,-2.82397286136611,-1.21072040360364,-2.56925295486043,0.130443772346403,1.52882692334261,0.0695442319329103,0.752009290431578,-0.725179823559676,0.258004615096645,-0.488964852130766,-0.101864556567505,0.835306962626073,-0.197601275203843,0.642546283430643,0.235848779575072,50.0,0
81826.0,-0.415440500077616,0.995677974209615,1.14506378277416,-0.174822300344379,0.427677397955936,-0.0110585512417014,0.509306406661954,0.242941628905325,-0.612071941273482,-0.381755367830472,1.38840828217969,0.504889102411154,-0.0829898842769915,-0.192615264020461,0.48681803662736,0.389377825902217,-0.0742537155895065,0.0346931640340056,-0.0353947948292365,0.100024922803239,-0.205979766320675,-0.53630968886013,-0.0310056740951254,-0.363918414665056,-0.22387013031529,0.104960204453064,0.255962248531326,0.0813957167378046,4.49,0
119365.0,-0.648815744083344,1.08572876153009,0.644292481465726,-0.484424154366823,0.0351476596851641,0.68531691106387,-0.511474144423649,-3.5723044845162,1.43290398157755,0.151526587067371,-1.63339545125633,0.0283107400035299,0.165361286528356,-0.691408519957826,0.293445323598428,-0.0632995734036668,-0.674547453372766,0.656054856181044,0.213016735540579,-0.666798473022731,3.27476736312202,0.175637012471609,0.18215009723503,-0.671469963565519,-0.582489028911939,-0.21251941862171,-0.11702775411508,-0.309973997130984,19.95,0
117440.0,-0.252850429557775,-0.384180973318038,-0.0569353834741432,-1.34588958972616,0.311836139564605,-0.795405989271755,0.26428500645409,-0.118343468968477,-1.14391415764429,0.537825216973944,0.203346659535727,-0.436980916471349,-0.965867674890558,0.633239504635773,0.0107806701904097,-1.57612551980672,-0.385791917324024,2.07464768807181,-0.20956610768355,-0.571756989952177,-0.0129202615248347,0.401554983875414,-0.0005864466733337,-0.417953286267755,-0.192386758004175,0.245579983979554,-0.0639793665070818,0.07841934831892,33.69,0
168260.0,-1.29015543778342,-0.929509569221261,0.418924296967188,-0.778817647486612,2.66157407326271,1.16895233105009,-0.18432025910584,0.325974883488481,0.336768548823117,-0.392963103806228,-0.644382943998,-0.368511224474657,-0.962955615555547,0.0061862446492821,0.903076072389093,-2.01116381646751,1.28934288103596,-2.15064903226498,-0.136956045506876,-0.077924951965324,0.19139423319035,0.966391974042984,-0.330564185758344,-0.879753332333663,-0.191272023540132,1.69819856505474,-0.190981215232152,-0.052556294000072,12.0,0
170972.0,2.23237758459199,-1.40733374139052,-0.843096347392805,-1.54837923235069,-1.37611177714577,-0.753534129263237,-1.12039093033376,-0.122784843171994,-1.43237629159244,1.75383962709099,0.746717266990819,-0.289584987413572,-0.173361252513289,-0.0863495028481205,-0.831627001747844,-0.497473843227106,0.389963544877879,0.279866540002258,0.0540582477003013,-0.465463344335549,-0.10790287813655,0.157673420933672,0.235649842972345,-0.0112655907906818,-0.242164086882235,-0.179423375380501,0.0044252044932488,-0.0613190099077984,20.0,0
71735.0,1.22758789349483,0.418401355713933,0.495835787790998,1.10332428905522,-0.266642220405149,-0.860895991464722,0.199391929558942,-0.260103630235251,-0.138100198496842,-0.0420393589310327,-0.149474870018438,0.899116245618618,1.31356390729028,0.0782845686749157,0.882360170355104,0.114246118025828,-0.548169280069218,-0.322048443838784,-0.382250947514413,-0.0511533279104292,-0.0373783857501247,-0.0256845474294344,-0.0373914333016049,0.414492583178259,0.584014126679977,-0.443634677868917,0.030105533791701,0.028995453514735,7.49,0
141487.0,1.44743458080402,0.138511183635237,-0.576768746002758,4.24487022367047,-0.102371423150805,0.578114987371433,-0.701464590994561,0.369376729649194,-0.351267603151895,0.161401713773405,1.00912477307042,-0.180862634373815,0.125546518064188,-3.43097834029619,-0.361421339544459,2.999298180107,0.886773431995449,2.39897191611555,-2.10108736045659,0.209728844087776,0.189460105978499,0.233639104982466,0.0106652506766296,-0.630912006329531,-0.547101109385506,-0.0451407490684571,0.0493892975579404,0.0692335501352738,179.63,0
60973.0,1.20375965486606,0.301392279626291,0.744852314402693,0.745212892868164,-0.664936197073585,-1.27160820529501,0.151829058445826,-0.296816600694244,-0.137679985748013,-0.0993671438309712,0.424227938869215,1.05487113269754,1.18117269506872,0.0830046685067096,0.889098597930547,0.103811600348691,-0.283704881173861,-0.831593954972787,-0.329483220804179,-0.0284130480418568,-0.205216822517619,-0.573238792587346,0.181864567735008,0.93939502369333,0.174999218356597,0.0572586236768396,-0.0240250336798145,0.0282550028380156,11.99,0
50394.0,-2.6103340979457,-1.5515800843295,1.36889776565634,0.024029866646125,-0.190418473572306,-0.0905376340200738,0.138036976441804,0.625251409836108,0.0270579017866089,-1.3931839004735,-1.89662301858921,-0.236500588246589,0.169971506987653,-0.0478061867052909,0.243625205665495,0.936591032230041,-0.679821681502187,0.649762640657103,-0.388476662365777,0.946482382700854,0.43332307274587,0.111677064997803,0.27844814084044,-0.549563905394689,0.586036261889596,0.536173002533702,-0.182736257145176,-0.220746945437134,312.0,0
121118.0,2.11327421996461,-1.74075044829308,-0.805548590842589,-1.38785036140912,-1.17693481478115,0.195807886417446,-1.18523595178383,-0.0305984598389167,-0.735299293730652,1.27186462924311,-1.62392247879394,-0.189788326894399,0.99815107331363,-1.03825716851373,-1.50213789529687,-0.928573470354764,0.807697065692765,-0.802499002500398,0.572570736676215,-0.216457111108433,-0.68383315787977,-1.49988362668441,0.418897900777398,0.213301503001985,-0.488290399754059,-0.621747689705622,0.0251603247100032,-0.0218326640880361,100.75,0
24390.0,-0.957632227503322,0.82074619927749,1.20400281784668,0.160435609886354,0.522903453219203,-0.579122782434761,0.409596821741868,-0.0493111642321114,0.834137902996907,-0.467818808354668,2.14929882802636,-2.04715468458454,1.67502819707424,1.11598750133684,-0.466842764715753,0.641361032503871,0.349573976877872,0.746719502072257,0.156705606008761,0.022918312813145,-0.373231106008432,-0.803670149478423,0.303077245935353,-0.121862198995001,-0.104829871646787,0.0216248361187632,-0.079706327895313,0.164633330928314,1.78,0
28625.0,-3.73643183089048,3.37088823217593,-5.46039840879093,1.95406150503865,-1.96072943852438,-2.20818959995644,-1.17151754851003,2.65915293043286,-0.284688267085217,-0.983156915714178,-0.21476901213403,0.317918453591073,-0.0994859087296981,-1.62307420781655,1.05810626268126,1.73206670495254,3.9532908107496,1.72425697576902,-0.649187299835077,-0.0191741496842914,-0.0998957068835192,-0.543020199108229,-0.0406420692771791,0.0520038197734385,-0.12055405978687,-0.379438450382983,0.136216616977623,-0.237986782081232,89.99,0
144897.0,-0.395398099466725,0.694187918866666,1.37758630879027,0.9760035328001,0.552556393888971,0.57641080244561,0.656468875236751,-0.104555418617798,0.136871338514889,0.113343660265874,0.25917993474155,1.20887875927828,0.492957976114872,-0.524603180643714,-1.67921987504176,-0.795971534301182,-0.201543873090625,-0.203297513481753,1.57569478165959,0.0064271016735135,-0.393543089637513,-0.733175813004534,0.110422753682014,-0.444966749223399,-0.823791120043681,-1.05718052211165,-0.171808617522109,0.0159421452996793,17.14,0
142316.0,-0.061256725633596,0.149844882710571,1.01476697957905,-2.3467156313952,-0.116598320584231,-0.122954386166364,0.214821400946541,0.142196784650559,0.919803647271547,-1.47547583374816,1.14682670527513,1.46729178021603,0.606138756462749,-0.0387613066059344,0.423459776951758,-0.40103680515807,-0.449747277234442,0.391978724410626,1.30800858857565,0.0576466911276495,-0.0614318383039794,-0.0886971566199192,0.0462047457155224,0.713051107706426,-0.341771134903116,-0.499794384460793,0.0754971336242238,0.0372204585627359,23.41,0
155554.0,-1.04006722316026,3.10670266443901,-5.40902719870311,3.10990342442989,-0.887237039790953,-2.49752183582566,-2.07334746311485,0.639818099305764,-3.01333057190308,-5.9548382969224,3.58639450927204,-5.51714762692598,0.683652475018798,-8.5604228759795,1.85609491585409,-4.87824808848093,-4.33599801203682,-1.3771910852015,3.0573817418767,1.05439010295385,0.773960867519738,0.214868420362258,-0.184233022038014,-0.284091370881042,0.493466608549931,0.732328821135949,0.675066703315442,0.337076231470716,94.82,1
29475.0,1.28025616735932,0.291621156896734,-0.0682019723251865,0.935400205410427,0.103812779299825,-0.496318566492859,0.203946205921191,-0.173371656586667,0.0685788241286479,0.0166453192781342,-1.17566983113692,-0.191083720141383,-0.0499931384801939,0.380868859732253,1.00301488280543,0.303437436684609,-0.718639397164452,0.147323914100882,-0.057563313905881,-0.105957228692212,-0.0226155364488629,-0.0488257488279086,-0.211251049400947,-0.460584242868253,0.788161115221623,-0.276396595617888,0.0092287902107517,0.0133646176479035,16.14,0
2839.0,0.153685356497593,1.11161353434498,0.715679350980929,2.64160674916488,1.42211844439684,1.48203618196738,0.822636937722865,0.130143907830246,-1.49345951297549,0.949577679000702,0.421236012303222,-0.124919776328348,0.0078098059192693,0.463713568025584,1.84879215204312,-1.75702603997801,1.15864733370085,-2.09279141696057,-0.753296752616274,-0.0274505895090221,0.254429207936009,1.14416961576985,0.12822350501724,-0.952785435566174,-1.42075522973116,0.180561035254009,0.156283531371615,0.0098147044360435,4.51,0
35398.0,1.05147042252351,-0.0823062870118914,1.37811893736533,1.22159146142498,-0.787408051353261,0.48508779604575,-0.693684936295262,0.327520389120819,0.522859200109764,-0.0952364991614813,1.41587671982534,1.64556559150944,0.497124514088744,-0.242323964312108,-0.352143730430295,-0.106434095226201,-0.180255171446058,-0.157388616837177,-0.361749404567356,-0.121883208810216,0.0377657067614506,0.341338601096055,0.0296492212581575,0.23848657965931,0.304655898222848,-0.411123998614878,0.0893301404216716,0.02809659121023,9.99,0
124413.0,-0.107283283780541,1.06125286901152,-1.09850323987964,-1.47440519775153,1.66449705551646,-0.8503690680887,1.719095429038,-0.445302918259588,-0.0936992410787059,0.246916346750299,-0.238071332036428,-0.414356876423559,-1.23785113012531,0.781658349658347,-0.644063569295537,-0.212471361965718,-1.09563637037332,0.544976455097641,0.542402442582612,0.0928632106352224,0.131645274534132,0.760814900308306,-0.420302844565594,-1.07528049873935,-0.207008970785681,0.115317817133007,0.32771517463737,0.0813533444624779,0.77,0
112882.0,-1.552882871198,-0.995500843303742,1.61767759356498,0.815535375219072,1.55677816717276,0.519682934957326,-0.0138571646139042,0.21647785028292,-0.20819726845227,-0.0676675401090168,-0.512598300791971,-0.507268134439091,-0.562158610253428,0.119832675701505,0.795452681930332,0.473834608896731,-1.10560383989354,1.66521567149267,1.1026990406178,0.766299294257161,0.329247781941781,0.506460119391108,-0.100150754535035,-1.48716841755638,0.758977731996234,-0.216536923638366,-0.150970164579388,-0.131332553005839,149.0,0
125557.0,-1.42255042020387,1.20586655020713,-0.745642098633065,-1.14875855947392,1.02696311486296,1.7564435630316,-0.16165466590179,1.58438293106709,-0.423978994921924,-0.640730307087679,0.857798393587357,0.66272224260956,-1.16773325422305,1.24164651141002,0.124596010501685,-0.80278001236049,0.804259699085911,-1.79099422768401,-1.12742079772975,-0.243003107171897,-0.0445962129662467,-0.150628244719035,0.236009990054311,-1.03513437528765,-0.824650682061537,0.24531863396667,0.269484716711319,0.132466202461553,13.99,0
137284.0,-1.3408659941629,0.962395160646876,1.44451010429451,2.16347183079185,2.46954234830709,0.473225399027254,0.886631904183721,0.234342108333563,-2.3438463306303,0.445418861235837,-0.104826182436324,0.437947357171796,0.699263840347734,0.0945999584709593,-2.43779094658224,1.10438656704365,-1.33987475468141,-0.141472171052597,-1.31021081528588,0.0772349132296776,-0.156697807975473,-0.802777849260897,-0.276711402672951,0.145606568688188,0.840850063742714,-0.249040270854115,-0.059018487849152,0.0566668664037598,6.02,0
67612.0,-0.990246533260553,-0.17380171950885,3.12008049917179,-1.48630037773618,-1.2828933554211,0.835839579362975,-0.918045443324293,0.613897460128333,-0.0136545923441534,-0.0818281233786863,0.694944053264007,0.261316960645369,-0.56794943756065,-1.31579970331026,-2.37116929477951,0.543778316262413,0.78798958318266,-1.27277308509649,0.323752427154779,0.111610433869767,0.246232385079889,1.02433029180125,-0.365777946938335,0.272644266356443,0.396728806133304,-0.124628940637611,0.222518158405923,0.115477118549196,1.0,0
164102.0,1.98032606873539,-0.330871041360347,-2.69315799481356,-0.527683289692666,2.33699916706227,3.35190561727277,-0.7116562993251,0.875411752088896,0.608676472861569,-0.409474532090409,0.284164435374721,0.127727078470305,-0.186071904370055,-0.889396059368299,0.796213583598465,0.398318184311948,0.440236086711621,-0.0434510523375676,-0.378461890234192,-0.0662122549178817,-0.107291447060568,-0.29175194928615,0.242180901598633,0.630139313204007,-0.217954163323516,0.420452696611852,-0.0218615323037582,-0.0334158160942065,22.03,0
141196.0,1.68795580331122,-0.549916183261275,-1.93593618537781,0.393659373326907,0.0918493052996921,-0.66991093100181,0.209553712715319,-0.134787961963561,0.838617479804239,-0.73249083022269,0.7243867971621,0.64556588604015,-0.502107238077459,-1.16314707078829,-0.734745850405427,0.351901470022102,0.685001415562736,0.742160549214741,0.541666229411864,0.155804569561188,-0.128979023391129,-0.53590862873045,-0.0274977208985799,-0.609988891900556,-0.105317920081039,-0.0951698899460369,-0.045185171814287,-0.0079033612101264,177.09,0
117317.0,1.99367893014763,0.224901817093638,-2.79732183154879,0.75449746713867,2.07771331282302,0.918359019953743,0.699588764797631,0.0618685042778782,-0.501369969090504,0.430959357078463,0.7811284292528,0.731966286074496,-0.368892784890181,1.1552555283391,-0.174901999691129,-1.30529871216943,0.0913959317635559,-1.04454437551667,-0.79381147049296,-0.349885663496116,0.381810834898257,1.34077913329177,-0.19885165438682,-0.898293220709143,0.743960519474437,-0.113162396652592,-0.0140296188451574,-0.100191085919142,1.0,0
136807.0,-0.698206782322599,1.55956154178757,-1.02410204521885,-1.80750980293821,1.94320313346771,-0.808676263841441,2.31106001346773,-1.07890363895844,1.04356535909288,2.09975072508724,0.190778156361476,-0.435186363856272,-0.918258667360403,-0.20353246339359,-0.541447386761682,-0.567721383114411,-1.46358629056533,0.350757154373857,0.427998822891206,0.863134275116281,-0.131834691653673,0.785116930882616,-0.48868061812358,-1.08127126338262,-0.0664955517023254,0.0463092190583072,0.25543389838052,-0.345902326299869,0.77,0
74289.0,1.22790132525834,-0.799496394157177,1.04984159836048,0.108581013288296,-1.36739064234745,0.0735966111697279,-0.970899753633543,0.0511433262301011,-0.157212800372733,0.528183506737562,-1.3151488720271,0.282254743003294,1.00915947064007,-0.708847617383879,0.0447982759224043,-1.20025622906601,-0.139379326412282,1.2445165954862,-0.652492232515197,-0.350003952375088,-0.429920031457901,-0.655956461750176,-0.0079182499258837,-0.101568859211083,0.213945237587034,0.358283952887051,0.0382066072228103,0.0373525194024501,60.0,0
79491.0,-0.622192595930649,1.22750088344099,1.04900498959792,0.867947365998923,-0.206634204269048,-0.656303358549728,0.286634496808535,0.416784116565197,-1.04369161939672,-0.256562138356151,1.14223627049618,0.59415790224087,-0.406624875338171,0.946008214468336,0.298322796653906,-0.051418536013012,-0.173341095209487,0.622022967049149,0.643025335529257,-0.132860362243917,0.261903344094361,0.614946917078389,-0.111403298322474,0.54343412149838,-0.307083831080601,-0.361925506051772,0.0459905736893567,0.0835032587491227,1.5,0
139085.0,-3.44305594347683,-1.98759787395317,1.28107699716841,0.14447741188075,1.36001866716219,0.212067018311423,-0.38469158821193,0.8797564328319,0.144264825920258,-1.16050848110324,-0.38325888577799,-0.0192540776020464,-0.521890965204858,0.418608887912565,2.05485240598342,-0.546876999684512,0.5272198763088,-1.09277228438888,-0.586643436537468,-0.645142608274845,-0.189461616264343,0.128986263971019,2.20193536950692,-1.13282075392944,0.628102818305051,-0.219604793883521,0.23728749242479,-0.287170301913967,87.62,0
74890.0,1.22714154597045,-0.632269050790309,0.228161947742552,-0.499055121796383,-1.00368063456663,-0.596844327827149,-0.722585253722427,-0.0038400598426974,-0.565843968017212,0.176636049072688,0.123480969844743,-1.00807664254461,-0.419760476415815,-1.07876794143312,1.29977285990514,1.31915755441011,1.21864016775615,-1.1275431771964,-0.109876264519669,0.159377910549293,0.227024738788693,0.472245166804573,-0.0830301765029056,0.0050764001820712,0.325025525345185,-0.14114145484867,0.0324461581735253,0.0475171002784251,71.54,0
123711.0,2.04995234034152,-0.128717518086569,-1.63499585910286,0.651497740223574,0.0218323316407701,-1.41397286421966,0.42797961342346,-0.365407190289226,0.619492610550229,0.179061114934034,-1.19695945532103,-0.584595433164058,-1.8932976750246,0.779079082433942,-0.267786966600672,-0.498379733470397,0.011440303978581,-0.589202542798731,0.144671423851659,-0.330996601365514,-0.0386563815624348,-0.0123067931056359,0.0781180994269626,0.0502826593878758,0.151576629732216,0.381287983780518,-0.0972264550166058,-0.0750275362063982,19.95,0
44197.0,1.3751092009903,-1.28915030765928,-0.0993147464282153,-1.32318404144726,-1.28171281957253,-0.537681414900755,-0.766487426782287,-0.106582538316971,-1.90458301094731,1.55581858290762,0.511164148911303,-0.734184342063433,-0.713569216359556,0.0386759440401058,-0.942931595397466,-0.631126208690316,0.565699986314412,0.420154649063603,0.451468589727288,-0.25424092907041,-0.149081057603328,-0.151849683112847,-0.188431893718506,-0.0175187959909553,0.631948817018368,-0.064481176363002,-0.0077841271263097,0.005631864064638,83.89,0
73975.0,1.42838047845435,-1.11442790263196,0.781875226149757,-1.19655005894122,-1.71756657572692,-0.498020695661232,-1.13327542681648,-0.0253116630806725,-1.73648476734545,1.44425066210134,1.11045796241487,0.262204023768072,0.447062048106462,-0.501259028042119,-1.30899022251197,-0.704919572569488,0.713023674507154,-0.0351107649966682,0.389673110389607,-0.32999426294482,-0.379404155193998,-0.583245986296469,0.11876762206357,0.510080800801554,0.278183126788632,-0.362249414842063,0.0439372042471334,0.0154192623385854,14.95,0
2050.0,-0.701114330975813,0.318834140118189,1.71726880588318,0.431466748909016,0.430381477028957,0.0850221248329428,0.980073583444067,-0.242437920872494,-0.25688682024513,-0.439675019626459,-1.31559732465969,-0.0313522117799167,0.582519506826749,-0.462851597500547,0.0687139927899018,-0.514668768159669,-0.101946788892234,-0.224915506708077,1.40756425703064,0.46561078025407,-0.199764911261684,-0.455533360043897,-0.149808335664284,-0.41536575094374,0.431867768154231,0.421748659912262,-0.166638345663353,-0.151687039691804,98.61,0
39925.0,1.42084478447533,-0.62637161897708,-0.428296231545005,-0.935668239992409,-0.54500801534663,-0.645231168676468,-0.384627979635248,0.0154662328722952,-0.839132006128899,0.907163885073987,0.245417542518134,-1.86290494173567,-3.12629550596588,0.912768490668946,0.171885381470804,1.44069841116043,0.0346908414023278,-0.736172028384406,1.41235273724306,-0.0797758345204028,-0.17576603519164,-0.85941168931236,-0.0169681656830238,-0.604434646156346,0.414033526551011,-0.407557095005057,-0.0518841168018299,-0.0124505425674124,27.95,0
130969.0,-1.13137314385585,0.443118631129567,0.154819599669955,-2.90141658490119,-0.014245933094817,-1.46868993816443,0.101034003946779,0.318844914428016,1.44499706473739,-2.48881868081689,-0.616063169318657,0.881182977486404,0.915086433157379,-1.48291886992748,0.216797357704881,0.464015409661885,0.224699349261133,0.712305516642166,-1.07074984735727,-0.204310405417129,0.250125309500427,0.976478290927699,-0.0526435209041037,-0.119288393064404,0.455819131638549,-0.217087973819029,0.084375095552136,0.0050555193634003,4.71,0
74191.0,1.27787809470786,-0.135964495803985,0.477480644313547,-0.167664865336072,-0.500972602300241,-0.168498152955128,-0.484519352657432,0.0760065293137825,0.247390637355469,0.0285186621853388,0.769743754485034,0.577155500663729,0.139323287738554,0.201012205596656,0.670509603311504,0.913732710445502,-0.936847873949804,0.604359839346761,0.353816521086898,-0.0373440848202924,0.0808619139217439,0.2449204131127,-0.110533076599413,-0.268380492719607,0.295904192834011,1.09622263618084,-0.0649291850339659,-0.0075098644625233,1.0,0
78785.0,1.58210073987126,-1.19767766848277,-1.1474165961909,-2.50429732307251,0.984771817919677,3.2340345591725,-1.49219618145839,0.747692272062732,-1.9844875776055,1.50153562172476,-0.242807330268215,-1.02715225075825,0.498296493743138,-0.176644241913566,0.749327151888366,-0.077728882962753,0.0062051172974092,0.396657093045769,0.128686511743858,-0.208869751442795,-0.269320764933634,-0.522610489931649,0.001929819220473,0.981586296128377,0.549879390876014,-0.190892582381334,0.0332774887110531,0.0137032478393145,10.0,0
63964.0,0.52158050779956,-0.740619221377397,0.325400128036437,1.69309943069387,-0.66050581255771,0.343369029930583,-0.0656204609383648,0.201229765962534,0.484059499327561,-0.692694612812235,1.50698144656169,1.32166944794677,-0.0257765151092429,-1.2166458946931,-0.90740105084298,-0.17619235203372,0.991314747594816,0.204378465767064,-0.383306546364164,0.430701097598898,0.160415663977519,0.155313003643323,-0.337524946906734,0.176668657798987,0.452188805774225,-0.306749727252381,0.0338184333902425,0.0890203160860058,286.87,0
49420.0,1.18043063371883,0.369522876107506,0.281821881832051,1.06618218864017,0.0133297991750246,-0.464784628871124,0.237877020607521,-0.166640235538831,-0.206315755982263,-0.0699906502779612,0.0355894508790954,0.920066760167253,1.1940219251257,0.178404313799128,1.03964547205549,-0.299239249751288,-0.21655506719108,-0.747611690146192,-0.741033567248799,-0.0751494755715718,0.0758819253975747,0.33472230120753,-0.0938379882673558,0.120330719492259,0.651732683813529,-0.303986976963861,0.0360499065970607,0.0215125274128207,15.55,0
136861.0,2.12958108164004,-0.734706218089937,-0.879987313212672,-0.853846274838867,-0.936056747276619,-1.35903370376699,-0.489186930080482,-0.288085976431818,-0.779667902580248,1.02372651988645,1.62758350102514,0.378297839255207,0.221873105731592,0.165399381000781,-0.35068336078979,1.01922153898715,0.0508471062834987,-1.02957772764536,0.501291316581153,-0.0245506863919069,0.444642349864609,1.25709870247831,0.117460149816534,0.597443927796103,-0.0354269028029623,-0.0926171805906853,-0.0326058024625202,-0.0643470299299265,14.95,0
155043.0,0.947645274504077,0.373923161269564,0.538256036479138,1.29828446457655,-0.442571021456827,0.527154691687754,-0.844024541818708,0.250753024442127,0.69664065288186,-0.193708895231687,-0.752935429985728,-0.149265730728583,0.95358165322712,-1.73717487775429,2.13270166500093,0.259237729846411,0.888853526863812,1.41340800106955,1.92949471054609,0.257434864397585,0.264225891320546,1.07191658710577,0.231443872538874,0.452905537194297,-1.72492571001362,0.7402365372458,0.225764758968044,0.132821615744995,1.99,0
155529.0,2.02525157800745,-0.112497767630106,-0.757022426141315,0.210751265886019,-0.330265483559622,-1.12403170647138,-0.013123412084919,-0.249115236463422,0.524197899796997,0.0706549198629426,-0.443030459737085,0.411105741412121,0.197986855070489,0.324699512151418,0.887213617339766,0.366735823120342,-0.519667944049361,-0.909655204049478,-0.0556267772315552,-0.185158783555396,-0.447362433720736,-1.30735056402524,0.552626001335039,-0.0617712693138502,-0.737119171875277,0.0226234529817231,-0.0653048609828317,-0.0470977076829285,11.61,0
81268.0,-1.1022954384476,1.04474787378656,-1.112882782363,-1.95349569919241,1.49335703206982,4.68327827007545,-2.48402486189686,-4.8752828563933,0.426260717129578,-1.10021897231239,-0.756623336582139,0.66876979169933,-0.634200146456921,0.427321939707376,-0.86807829945229,0.498657340784135,-0.273207686003025,-0.252050304160507,-0.339789947059891,-0.107732072735198,1.62267519753649,-1.10511706905257,0.173882807160545,1.03552877001261,0.932921301845975,1.01670779572424,0.181395662437776,0.233144116049382,55.29,0
41313.0,-13.8972058704019,6.34428045616839,-14.2816664432471,5.58100899740718,-12.8871331616131,-3.1461763671985,-15.450467216827,9.06028147442157,-5.48612077680694,-14.6764702497464,5.1483517210937,-10.7495919949504,1.58548896754337,-9.79801207658904,0.733276999106463,-12.675268899047,-20.7406637223494,-8.15366802624724,5.2283417900513,-1.02522792390103,3.05808183846397,0.941180290424241,-0.232710298333368,0.763508019302571,0.0754562386388435,-0.453839571774416,-1.50896825698328,-0.686835738780169,9.99,1
62824.0,-1.61837548743631,-0.0209538614263487,3.00125800304952,1.43302119907977,-0.553800873380539,1.608147032998,-0.7850354338069,0.4599357183355,1.42392744460676,-0.332529785230338,-1.8014466390831,0.27456749729024,-0.0457969016324966,-1.45263948740891,-0.849958555509291,-0.904254880379999,0.576938257375537,-0.0112756969164095,0.823368776847443,-0.271426504369001,0.114475082332464,0.915921730985303,-0.482546420927009,-0.378335804401517,0.382324152904812,0.0546664613762057,-0.323730632743367,0.260065675323262,50.0,0
119387.0,1.95377147155029,-0.674350681988874,-0.0564739938397164,0.588181138043834,-1.00683440273951,-0.192143651079195,-0.876666007449763,-0.0140461081370822,-0.372152654866114,0.974061651019273,-0.511016779961436,0.514054405372202,1.27389700987908,-0.243614420719722,0.958482972911473,-0.954621090472381,-0.551588304441017,1.295458681167,-1.73052109794175,-0.491239391699769,-0.301216223223154,-0.425991425529495,0.448797605169592,1.00116664180589,-0.536732966994245,-0.90949107705799,0.0836065837391372,0.0032323297829725,50.6,0
2162.0,-1.76279194655767,1.38793847324202,-0.896281576897078,-2.65893729300144,2.22987740064676,2.99445224796035,0.116367086211614,0.71915062508543,0.873319658065749,1.10636328342546,-0.0999494236664364,-0.217966872997479,-0.100270014295962,-0.314355400730819,0.688756517585276,0.654227776564086,-1.23446115694458,-0.100876835805989,-0.403912957494547,0.428689183665103,-0.202855390888034,-0.479213508610244,-0.0018969150680666,1.02436359220795,0.0316049491175749,0.679564191637301,-0.632820368228052,-0.226928279213177,0.68,0
74772.0,1.407333357296,-0.562278335484082,0.294980257407741,-0.563226221398,-0.834526752125068,-0.525030323623368,-0.512705021939796,-0.168956644396601,-0.484885605845747,0.472262703507197,-0.953864393158074,-0.234648604134375,0.624391659252207,-0.592537943928595,-0.506103985607232,0.699562016520672,0.471510867329933,-1.665726731056,1.11980126555691,0.115602474332408,-0.0416856721399093,-0.0249780413053378,-0.110549659002455,-0.0737139351405874,0.63633948193176,-0.216021839181642,0.0144101022491979,0.0111427723029988,21.0,0
171956.0,-0.231240666405852,0.946481505381068,-0.210952400938496,-0.468764721620642,0.8776423118195,-0.556662753646911,0.962595578053607,-0.42442922923402,-0.0436684021068381,-0.0229866138378905,-1.23623442512593,0.618754576413904,1.52988554849446,-0.258378443714758,-0.192096994620159,-0.237192500169817,-0.55389920161742,-0.729091999707696,0.620599584741947,-0.141413235338465,-0.149235172669997,-0.390965096348002,0.170329318443717,-0.678644242196971,-0.836709653813629,0.137342898527824,-0.45245944070226,0.116214324000915,1.98,0
72327.0,-4.19873460983989,0.194120636801706,-3.91758567828042,3.92074784640417,-1.87548574659158,-2.11893292738694,-3.61444510993627,1.68788446543007,-2.18987113590881,-4.68423332514029,4.37690666362302,-5.00744082816051,-1.30474507803596,-6.19247526385522,1.00240426741391,-3.31693430074553,-6.18883415213498,-1.04041264854272,1.23304434947994,1.0033504305956,0.801312235949018,-0.183000576489906,-0.440386862411508,0.292539411877521,-0.144967421927777,-0.251743981877142,1.24941367428483,-0.131524643545312,238.9,1
40437.0,-5.68565014081751,-7.23596330029328,1.32964574766047,2.88849070554509,0.849882809714253,-1.01209836077187,0.305156897204928,0.299580629793655,-0.124909407897692,-0.903430510301047,-1.07019856602063,-0.380006191396214,0.499033017826172,0.109887024255451,2.246015632958,0.515400425937472,-0.502014768820691,1.65163267402165,0.374682586235323,3.79740465100866,1.31999143022816,0.481987519012808,3.12024057971888,-0.251331532904861,0.885312851482588,-0.0733495894083447,-0.413924828951075,0.271763819850545,1108.39,0
31809.0,-0.866736822941705,0.793163153061486,0.79163091298342,-0.0193096711642329,1.67521318658091,4.37492200752517,-0.837458529446189,1.62994844322765,-0.119717369776883,-0.806754369060306,-0.943759873972406,0.160260597944165,-0.122734114098925,-0.0568590565962777,-0.0400931257986137,-0.137833065744358,-0.0520831699812985,0.43511280979214,1.28598386812988,0.0277565185308484,-0.138033274211696,-0.418125271076683,-0.257634882201612,1.00431818527327,0.445747724808919,-0.304825091758651,0.0106331397697431,0.0206186019958348,0.76,0
135511.0,1.74430770585689,-0.845909770473303,-0.58242751167682,0.254836762963622,-0.722419042596412,-0.290578251769089,-0.446905484212031,0.0740102849542997,0.916800441206794,0.140423956448744,0.485880080550455,0.493334125397685,-0.83615770111366,0.338136553071248,-0.0447141955271696,0.759618321251337,-0.80539322032469,0.233602760953577,0.34058968014817,0.0210272178164125,-0.16790271568593,-0.740817387346743,0.292880241537072,-0.367346641812935,-0.712569342016864,0.2228109167874,-0.0731181076479749,-0.0373811285060574,131.96,0
57301.0,0.906327828817009,-0.359536713527268,1.23280558251554,1.50670133687549,-1.04760821316848,0.0515372870876897,-0.521267696728722,0.180334000402223,0.73390693862034,-0.160364003628147,-0.260591790098803,0.333579124115573,-0.329579133573104,-0.11873874669246,0.862958040597591,-0.0731783290810791,-0.0006851267221078,-0.288724861665987,-0.996136822940223,0.0048681769674191,0.229270175603025,0.623361832756965,-0.102356751942473,0.424222901946819,0.340620847268471,-0.24275399628467,0.0633476753372596,0.0526010713794466,106.0,0
49164.0,-1.32784915678322,-0.512847510871266,1.00568389402788,-2.17101536693837,-0.183736354340204,-1.36031147234131,1.52792087089842,-0.362114751639648,-1.79235531210017,-0.565647178543205,-0.555984173803349,-0.929026209689361,-0.0375669671477335,-0.0667906783826407,-0.722971803184022,1.30098467827477,-0.200060277855382,-1.52815720624869,-0.915891185004299,0.543184367564967,0.398826603693723,0.422876460636416,0.125575021751508,0.370035700126922,1.05236995106545,-0.334017111889419,-0.136335119225715,0.0564948382177525,239.33,0
68446.0,1.31570234899214,0.423130800790695,-0.0160881030196051,0.486495407261459,0.144628075718783,-0.571028171032533,0.155911879722075,-0.223751114321381,-0.101140169798559,-0.318503716749982,-0.600260429510117,0.63101992962474,1.63591523653664,-0.588936834736325,1.015834267107,0.663308891983564,-0.381838359387689,-0.181274460371124,0.108805574698467,0.0271937327855667,-0.327982360894512,-0.879903146919676,0.0096984111997937,-0.473805892712961,0.370329670867986,0.142791779913441,-0.0158562541023819,0.0249360910624616,1.98,0
118589.0,1.50813149446654,-3.18345279899632,-1.42720764785176,-2.23143957954764,-0.163727639116751,4.36758999372093,-2.27282261148001,1.0986593488683,-0.534074273753703,1.31141745815573,-0.390487058899064,-0.637575704915668,0.644444418756791,-0.844333866682354,0.715014935497999,0.0395084279604055,0.14765686975005,0.565377061260744,-0.759656011324272,0.39413175023909,0.269031844253923,0.451790633052832,-0.0086391243529093,0.717948928459565,-0.607255645045471,-0.0977118186902475,0.0372564534934572,0.0299147037331101,371.45,0
54935.0,-1.1090515168635,1.3397739316276,0.563427761200335,-0.428078421096946,0.147285585879924,0.0004342038741567,0.157888547046166,0.583867363308808,-0.395596413911652,0.0705012912423288,0.0449686858135847,0.129905954108256,-0.33821319602323,0.591410080173969,0.283317097620088,0.855167891464348,-0.883851253638831,0.605263049234368,0.715262362050042,0.108150845352401,-0.2322885652013,-0.783593814001899,-0.126317507975795,-0.874563874091848,-0.0295321242054077,0.121504578114804,0.110399405646708,0.0848283581401569,8.99,0
132613.0,1.94384543272194,-0.31388118493441,-0.910842745411803,0.391307594602636,-0.120653310383882,-0.245538296597937,-0.250841179698663,0.0099734628611017,0.514255414428333,0.247391523045288,0.842566306223533,0.923038310544415,-0.165382306927757,0.340299245352967,-0.38461408311874,0.300601622104316,-0.671657369168703,0.1445111346478,0.144485506771862,-0.138772528500353,0.0263465540444163,0.0981564604782581,0.229843515526865,0.780792201997823,-0.231618049716497,0.168334175716041,-0.0538504335572589,-0.0519690770403295,30.9,0
155683.0,-0.311572208876145,-0.375072267067526,1.91223131478356,-1.2446201894123,-1.88219084188667,0.420348592232539,-1.55741951589316,0.732479338696989,0.719888040451476,-0.448773515855396,-1.8993625645646,0.290558176247308,0.869100176816743,-1.7393175815636,-2.37637142632251,0.780612667440262,0.73036338720881,-1.06397924524784,0.684293570528113,-0.109260981451192,0.429624775267746,1.53292370960606,-0.104191117147616,0.142722424927123,-0.458548645045431,-0.0683371769907821,-0.0806402481052412,-0.0079280924683733,7.2,0
62412.0,1.04454688420976,-0.0330857264497428,0.567609969520719,1.03426088377828,-0.26638951725828,0.257449639506931,-0.256401577600796,0.243809416489759,0.012185303761399,0.146223004974136,1.12346786669283,0.449696386655509,-0.819868381718095,0.614697780073027,0.808534523690093,0.465292155898605,-0.606436228281366,0.0725222143953869,-0.375388969999751,-0.0936436854183702,-0.114357848912384,-0.500226064181539,0.0565807825681798,-0.373500619380564,0.185488671007114,-0.577239445459072,0.032339360965351,0.0249789462783833,56.5,0
171691.0,2.14592217606204,-1.08743736294243,-0.614967208383747,-0.902824259634204,-0.953667494918922,-0.265362199831584,-1.07580139042884,-0.0951841569593888,0.19537298727834,0.702652083575142,-1.33032100540813,-0.365228276879436,1.03308669954444,-0.737682225102897,0.285219961662689,1.33726320369726,-0.144575720569605,-0.876072997744031,0.509512453784216,0.0822009813393855,0.445005669306729,1.38668645171075,-0.0428854555899169,-0.636404769462188,-0.0023465420380937,0.0802250198857768,0.0207884138117573,-0.0487349998625094,37.97,0
10631.0,1.23167042022857,0.112812917542315,0.735621626385729,0.0838833101628058,-0.419782625917324,-0.474267367857265,-0.282770024160372,-0.182220417117151,1.4808500524407,-0.668247798887645,1.16222609570549,-1.51372606608768,3.03777636800106,1.33813466960051,0.62584572607367,0.0248043205103551,0.573539021248848,-0.751100323714502,-0.543989054877261,-0.0447231842573626,-0.238153233938485,-0.342945217840227,0.117430596197321,0.111283666224598,0.0628158172810983,0.890464266275514,-0.0737992314344443,0.003521847722928,8.66,0
38912.0,1.15538676027626,0.0394174525816433,0.655444589571674,1.26261676054703,-0.533233338890453,-0.195347198304164,-0.216012728494099,0.100125061299734,0.42334054237263,0.0147225610801018,0.73712045261873,0.836769995045369,-0.848760372239457,0.189503504217028,-1.04756604831028,-0.22241527825632,-0.195396704372737,0.188621324970411,0.310947577672504,-0.192876043201782,-0.0161168385552227,0.148273941878763,-0.128016917859401,0.333815044721359,0.693536503816851,-0.30212403026662,0.0316816288601579,0.0099579407361678,5.91,0
28428.0,-1.85960217505399,-2.05758394235194,2.39094150682218,-1.43124157127314,0.69112912517941,-0.208915397019943,-1.5606704411873,0.697146680610264,-0.683561213222102,-0.0417436853147364,1.13402394824969,-0.361477140478388,-1.0403049780337,-0.320936945142631,-0.365938120782728,1.01079654526815,0.422794624863727,-1.15778114514814,-0.621817899246369,0.461786923630292,0.645197799383189,1.25545282819058,0.173493677407976,-0.290157456178351,0.0461693043436671,-0.163320056691697,0.0502310081811956,0.11860812255275,61.06,0
63867.0,-23.782185131067,-34.5285456136632,-1.87808168162871,6.69325788113194,20.4056570527104,-16.6715884972934,-15.7485138293254,2.31868839300503,-0.398531404139637,1.80026525743794,-1.36576820875227,1.11810004384049,0.81138089580364,1.95546757145932,0.610465699665314,-0.843344702949032,1.69425017807825,0.451897376396135,-1.44967885991656,9.33526761365485,2.95003620810049,-2.71466854816609,0.202690893003111,0.3258309273386,-0.725065024023189,-0.634699796776323,0.821086744500011,-4.83063020961287,200.0,0
118129.0,-0.717047901479212,-0.230777187375727,0.671265011403594,-1.05593777084209,-1.48523345115907,0.344567409221693,1.01320971571452,-0.816940904003463,0.129299949707693,1.50115880067278,0.720332976569934,-0.206922608311314,-0.43278164147862,-0.627911388208891,0.199801468782745,-1.282774448804,-0.868408038721605,2.24695695442815,-0.53640407006521,-1.11979158570516,-0.191464129655669,0.686095034508464,0.0372619056207865,0.0644844227244679,-1.04737233406586,-0.43807040005082,-0.784215658897327,-0.399294309698015,230.04,0
42137.0,1.15410420405426,0.103748261222035,1.41912173412975,1.3347316983302,-1.04530681547347,-0.475116610564638,-0.48746869493765,0.0003871161882487,0.617578560304086,-0.169351435492476,-0.231471882006382,0.926318953169086,0.835863803783784,-0.384152951565264,0.51071743860221,0.13785020800402,-0.332309606855341,-0.134037274378969,-0.490719508250182,-0.101388821299462,0.0204599386632006,0.261875030537357,0.0318797373320902,0.727676182735891,0.376055574033155,-0.421992361982272,0.0762438263965741,0.042756895471513,1.18,0
133648.0,-0.371638938415993,0.448394392988089,-1.24300765008112,-1.02947223080362,0.762228708517193,-0.865315311678866,2.3713263566133,-0.419900083937644,-0.407721124677027,-0.669730629392575,-1.08798549627801,-0.539882403161518,-0.772381299940858,0.842180360912868,-0.0020082778805274,-0.588401315385699,-0.398557646785255,-0.238211948858454,-0.197173342531176,0.392508832757022,0.360486014879707,0.807993083057535,0.298534146779646,0.614095911292383,-0.217457961444052,0.0599486426278052,0.31355051206192,0.288835227253314,221.51,0
13366.0,1.27974308002781,0.304300290268681,0.334028414609803,0.512375369819903,0.0708064633340013,-0.14406041547311,-0.140314135819435,-0.0958511783746213,1.10070747854209,-0.271088351716109,1.72067686525279,-1.62936492193648,2.18869897023484,1.78626122111314,-0.364753383962397,0.702818170702522,-0.251895662612169,0.474688629113506,0.277919541678076,-0.0885543935371354,-0.408899571494302,-0.955920090651716,0.0319734059495389,-0.558522126327064,0.280612152041127,0.0892721575315244,-0.0594600897923389,-0.0056694419159032,1.29,0
156881.0,-0.32903334771046,1.49016817296459,1.79116890779823,2.91107736927825,0.154033886505719,0.288918582912324,0.340845413041669,-0.713450050137012,-1.33840975162405,0.700305389244591,-0.762902770694708,0.51306108514954,1.33929619432801,-0.464543701103359,-1.01258615465792,1.09981928591313,-0.891862105543031,-0.609728545391232,-2.03570096602232,-0.33972845644671,0.685965204109809,-0.460296196974628,0.328044749181264,0.328233667249531,-0.823394031182895,-0.476371256845722,0.141238844135611,0.0799501510772601,19.99,0
154260.0,-4.44833417157072,0.192701588647133,0.3378105197003,-0.32925898814842,-0.637152931720495,0.282121703510062,0.338526012306431,0.116031995683899,1.71674620606343,1.02579031727445,-1.16117525496702,-0.252521792571698,-0.0903046205632054,-0.655904896801601,1.26640878430488,0.344152113740437,-0.620917240533885,0.282841438806185,0.502638100629178,-0.772161235215444,-0.499132631569321,-0.191302107184776,-0.369494042606949,0.504376794585028,0.476367165650408,-0.489046335131842,-1.5950719635848,-0.356218354104416,94.8,0
93383.0,1.6439868027879,-1.68277577261382,-0.70682608658902,-0.738347224585833,-0.526308966895526,1.27842150855334,-1.21080169071491,0.274707002199224,1.36206138623712,0.151778521173326,0.814814940013288,-2.7947209296553,2.04531434073726,1.05814517418372,0.72232251524652,0.484843830854838,1.54650540253791,-2.03119180782828,-1.09670962306249,0.291246838408963,0.449005843722166,1.20680287985377,0.0810100610468959,-0.357899095573187,-0.499322861369749,-0.0595151721581332,-0.0006025245486225,-0.020013829810274,218.04,0
53211.0,1.22922532431689,-0.0234776533699935,0.285605146497828,0.642109115998472,0.0010549732995823,0.385186532696504,-0.186836135560854,0.0486260231194598,0.557302836940046,-0.289242155885707,-1.15873274616959,0.758214119035614,0.95167576317072,-0.402532251383532,-0.162247214383935,-0.425690333923632,0.0028391739003555,-0.851172638575877,0.137623602454693,-0.0612519225896178,-0.123217287861854,-0.0386394658825122,-0.158277185699334,-0.685280940442929,0.617199423560381,0.489562048572177,0.0065924163111682,0.0029660297728894,11.5,0
48132.0,-0.520237858514895,0.699603924844203,0.947859758818284,-0.690610697991468,0.402078816820631,-0.806640581109565,1.02660230427688,-0.228573506062461,-0.653994680359923,-0.585040029058642,0.0924163287643371,0.523196144385772,0.823379766055208,0.148317162214047,0.819710348131244,-0.396339378463315,0.0644473816506806,-1.39752151404228,0.143186001331692,-0.0431072849184954,-0.297364151184453,-0.836749241842589,0.252967805249128,0.120706160872611,-0.276156690226221,0.68826578214127,-0.156923141909522,-0.0256635097729358,28.98,0
145843.0,2.02722310371626,0.183973444786156,-1.6288951159451,0.791870486873838,0.149182594585993,-1.22975404448477,0.167212590852465,-0.347112396661391,0.672539394777766,-0.701658213987215,-0.397383284277374,0.641489354437612,0.827995945366453,-1.8982446323061,-0.536044789670145,0.0634954370643721,1.18747613748824,0.0485680968084396,-0.133352977064905,-0.115523059025544,-0.0186793829115593,0.311604014604367,0.0244801809001468,0.0055970037656278,0.122468329143482,0.632486377298304,-0.0344823902893955,-0.0274577967570315,6.99,0
124952.0,2.16151886415963,-1.0626380687863,-0.923409299465363,-1.25154128729299,-0.420460729403924,0.534431244695143,-1.1396750698051,0.202191913615117,-0.0868460400424017,0.866363004818881,0.0555342387930877,-0.170065205705855,0.119971175592698,-0.274694074834416,-0.293200563011444,1.73402227334472,-0.457417024047857,-0.709092182959358,1.23625659249303,0.0483922954374078,-0.054102542931827,-0.243633727722611,0.279725881138551,-0.391450590645827,-0.399644049973599,-0.470259491477049,0.0016543739191576,-0.0521406808201317,25.0,0
152059.0,-0.0291479499795561,0.166274372531657,1.19217462404845,-0.505982682362357,-0.400329183290708,-0.159719000667361,0.071317152656544,0.273626683957025,0.74186974269255,-0.655769739762207,0.347695907760567,0.0056926952129123,-1.72915092082819,0.219419786686619,-0.449824918410978,0.289071240439493,-0.684309335161351,0.920640764616259,-0.237717151185515,-0.24029891502056,0.326372000272814,0.982061617782799,-0.0632801861766569,-0.0102846249373238,-0.451457159481921,-0.302419701929078,0.0968254829981583,0.0466850496429137,28.75,0
49317.0,-2.87196479740748,2.03009418933294,0.726023719369616,-0.577497689910981,0.107638460568308,0.945527737016035,-2.0748977908624,-6.433228494848,-0.444236679672681,-0.40919814362472,1.31108328205724,1.29681199145305,-0.454054870454584,0.834306661306776,-0.102023582041749,0.524277721364452,-0.166508705647042,-0.28090063865634,-0.796149033448652,-0.655144964575283,2.42072917827482,-1.18824157694323,0.803067472185658,-0.079298039095482,-0.476409684885541,-0.0578288127565545,0.0738817053271516,0.168637528673665,0.89,0
68204.0,-0.806308471163704,1.18533345998653,1.20242144292716,-0.196321728118599,0.163735358487006,-0.633848079964801,0.711520708783629,-0.0870246259108101,-0.143647762454578,0.0995147552153381,-0.757115689507117,-0.0393436127989852,0.443628139259987,-0.0625250840523449,0.88154861301715,0.305462700154543,-0.613309812590726,-0.251689195942281,0.183693124877832,0.200497046162574,-0.287655919665231,-0.671550004641048,0.0120635628323313,-0.129644191291486,-0.0543356441640636,0.0979863082936392,0.264878660814534,0.157794533060404,9.42,0
70131.0,1.11923048028703,0.346015445585136,0.0529292974188273,1.19950459897147,0.12236389820254,-0.610260587129079,0.494719777494427,-0.180807871125303,-0.348238801174025,-0.017505854168369,-0.02991767883655,0.508484661801032,0.229278803695699,0.525428568534441,0.924236739110779,-0.31951539831184,-0.0844399824157809,-1.15862934720403,-0.523566970417661,-0.0723382425978399,-0.294821055893224,-0.930083695635107,0.0980045873557845,0.0372746957955236,0.381656593258378,-0.65317716956871,0.0079502228842022,0.0269638688363769,50.4,0
150104.0,2.02933684740112,-0.650566831919898,-0.722216976454079,-0.800765598501434,-0.592909602115,-0.424044649980686,-0.56939302324949,0.0863619801779785,1.509579275937,-0.302815672318295,0.424430075354071,0.743896184566279,-1.05889007493001,0.267040945833313,-0.382621643719414,0.072869768279526,-0.390504358252609,-0.173305869708189,1.08140086266138,-0.252460451737103,-0.415364484701831,-1.05007409311964,0.433189937524336,-0.494899286677379,-0.641085820459819,0.212802737779152,-0.0515951026572997,-0.0682820026557542,1.0,0
171474.0,0.0475760350356081,0.998158346991979,-1.26760672972198,-1.45867249306804,1.72875703341207,-0.683540309840997,1.55819238994898,-0.241527198995738,-0.470577436095798,-0.285469576292759,-0.54242693777113,-0.224333958228371,-0.775592527405041,0.966072871736818,-0.710559298458197,-0.0421475712647026,-1.1100616845065,0.635085210903969,0.674269056565142,-0.0736758171357494,0.1982448472251,0.735713953235449,-0.43154524072663,-1.34893370920004,-0.180156016510322,0.155696372519366,0.386957823150086,0.243003730198504,0.77,0
107425.0,-0.0075316636872791,0.569646587725181,1.40600201331194,-0.715872586655798,0.48504351659577,0.0037561608382776,0.615302768979504,-0.45799844778442,2.01719024285013,-0.491111792225726,1.76570443834962,-1.63089035436944,2.09687114585568,0.973942576177232,-0.729754112875014,0.234322422946643,-0.607056601595902,0.796926823926807,-0.195131596386409,-0.0875827908464258,-0.21983421783129,-0.0708056630447163,-0.0194129085673234,-0.506429428337748,-0.702552697424646,-1.11603623023972,-0.488843493836831,-0.394033263218895,11.27,0
153898.0,-1.8252933608157,2.60009250145567,-1.72829288937495,-0.619930439203068,1.03466872761263,0.805969838673027,-1.2775566185798,-6.48631410998222,0.450561263327203,-0.349469212437254,-1.10437666342357,0.265553128387093,0.539888743911437,-0.905959534608327,0.649089891079132,0.265314519657642,0.741485033289001,0.961594934596252,-0.0735800545389584,-1.41515967864687,6.36547557574523,-1.19384270109824,0.616300270481598,-0.194008468732141,-0.12546257452389,-0.102890289735777,0.320281660778824,0.187874324016344,6.29,0
76390.0,1.30330679018633,1.02399822007656,-3.18758756485607,0.468383253256784,3.3539982052192,2.43141216427408,0.184496759272544,0.622723329857725,-0.556253059293684,-1.48558655905388,1.02162137113417,-0.735357980776307,-0.334760182030131,-3.20768954165833,1.27589019026494,1.36960658761148,2.21575010290534,1.7973369803912,-0.464011260424262,0.0782089524162222,-0.265557090059069,-0.823360999436766,-0.241899477097619,0.674553770583797,1.01224012975333,-0.278654440747496,0.0412619143988473,0.089910114219461,0.99,0
71659.0,-0.927644257922429,1.23969947041849,1.0740133480385,2.95705616513639,-0.20384721745577,0.614464866251973,-0.107476274740708,0.440301278768146,-0.598384783846969,1.51222112512736,0.95952265268655,0.316053461339058,-0.993763251708265,0.293189784209818,-0.433960419360908,-0.593857392458193,0.494808649989678,-0.240165715809596,0.940433881909615,-0.073280938448482,-0.0020202627817561,0.160246663951381,0.203548978293184,0.191841506237562,-1.57943103018006,-0.207712938479293,-0.252949949784547,0.0029801550468068,15.13,0
145462.0,-1.88446185678075,-0.283174032954009,0.0289020946725494,-0.438654755565009,1.28186815539077,-1.39394982146621,1.28720471613986,-0.754667227350934,1.00702276315782,1.15567062743844,-0.554457450376966,0.17112127000774,0.437311968956283,-0.732454910123575,-0.119505833950018,-0.23507781186368,-0.722471225798408,-0.996581588769846,-0.0059046303439581,-0.456808635342516,-0.789546106932661,-0.36037270363935,1.07986317672952,-0.0752516169787429,-0.0646100283263625,0.174894743897326,0.54931046745655,-0.338295120233741,17.99,0
52433.0,1.21468709816127,-0.333026614043173,1.06659412755014,-0.0420892626476865,-0.961936624369569,0.0598427740840272,-0.785062170756448,0.190604624855224,0.794022855087818,-0.22740268116309,0.82397406581611,1.25252366744517,0.450643461379395,-0.356169069284051,-0.426066630076625,0.435094926872954,-0.470290581888814,0.161659779428691,0.647329654056926,-0.033184950800022,-0.0889584248259754,-0.0577862204684281,0.009783714644739,0.0971213253616347,0.143735592140975,0.992646913896042,-0.034059513057212,0.0022719797060568,0.0,0
43452.0,0.989768355360316,-0.962979262919277,0.597821826771743,0.583948522605379,-1.04505441496957,0.321459987557923,-0.635945197442243,0.095018637977934,-0.415130778883031,0.588331766513507,-1.05185450693962,-0.0946246269184882,0.186527714621933,-0.192019833682607,0.625024334006847,-1.61098464996125,0.0986832194025867,1.13939819236246,-1.38359863048528,-0.2699186267869,-0.150298718897481,-0.099348102462948,-0.196557816198399,-0.290897296623638,0.4402772985314,-0.186123359285999,0.0647963577283922,0.0528667633769174,158.0,0
136717.0,2.18514582087536,-0.815317812998219,-1.41735745759207,-0.873373159588824,-0.644966767062498,-1.36633492443978,-0.318833119241068,-0.392937877253346,-0.41846096732751,0.889334795921817,-0.875491819748169,-1.04224035588656,-0.474343269795985,0.16665610841831,0.41673689536327,0.959657376339198,0.136491564600368,-1.16429352742547,0.474999169259437,-0.0218113733983236,0.430841689489384,1.17555131175904,-0.046021834099147,-0.0666789318250973,0.190341696356228,0.0753198399209374,-0.0487185045365802,-0.0640435318042734,40.0,0
36111.0,0.656795439369359,-1.54476775113026,0.896500372009733,0.98529364811007,-1.81787123015836,-0.113350648250144,-0.596478215902466,0.0109011218738361,-0.262501412472004,0.601167301899406,-1.06196271941626,-0.343195362911911,-0.291153309212711,-0.196058863130315,0.550864961727114,-1.14405940100423,-0.113472021499644,1.70054109212918,-1.34432686474729,0.0670122475787513,-0.0523374740160643,-0.271570751175617,-0.280072105296299,0.367274266336199,0.252882861639332,-0.272921972390791,0.0283105526435913,0.0951149556037862,327.0,0
4788.0,-1.06720631326889,0.810897805361529,2.25762724191377,1.35008252529125,0.210708538672258,-0.103450338409325,-0.000700689367891,0.0794868506628239,0.981531949266445,-0.373016621696075,0.509403950075153,-3.46233228654478,0.0425642691509324,1.91755686088944,1.27775670347962,-0.339173361142037,0.946478566975348,0.104219982967502,0.245770915085255,-0.181644559385316,-0.263709207328299,-0.639153916311896,-0.127913320467326,-0.0523031367590534,-0.0998043049373214,-0.453451043306879,-0.17513951738255,0.133600413141366,10.0,0
63248.0,1.14496436503469,-2.00522135140513,1.14543678907944,-0.864104501381974,-2.23168099259996,0.629994732614706,-1.68509077426498,0.317762851948138,-0.566562416107178,1.14839128148966,-0.182534506363449,-0.0385783221227513,-0.510641756410544,-1.16096032501673,-2.76571773824562,-0.977537892160239,1.08377001081162,0.212033068495546,0.9473847718161,-0.137002330627896,-0.366990939557698,-0.573828756956669,-0.0981791332046691,-0.0084564758291748,0.306530479451216,-0.218798611940573,0.0642059358987059,0.0363191719354156,142.0,0
33438.0,1.08925968115273,-0.369673740138647,1.45103539262105,1.55786816800171,-0.692081081740729,1.47138555927135,-1.03374948579346,0.447689823227016,1.59521230835073,-0.467443605575762,-1.80901158606025,1.16878174904758,1.00925178645286,-1.32621695265718,-1.40373606650245,-0.618825229078278,0.227502677651136,-0.528380852041479,0.123310379817749,-0.0862149932020375,-0.0778687119084179,0.3583203866439,-0.191363087653142,-0.694490282484934,0.629616465704126,-0.147388518410025,0.129845284532029,0.0306949905178981,17.99,0
97418.0,1.95444766198447,-0.46565054618298,0.0999152286981455,0.346744831330099,-0.71861784490814,0.136708697672691,-1.05728115836294,0.0974403526279324,2.38890747889347,-0.231890161572705,1.40433725196446,-1.440209400687,2.18729030206443,1.2084585572306,-0.675153290480015,0.951367616852601,-0.344747593650923,0.905020955380453,-0.0505736975828416,-0.15845219336493,-0.0881979197835289,0.120510298629325,0.250513683566631,-0.516451207677478,-0.578884210805618,0.450975618626147,-0.0422278103239066,-0.0572148730070638,15.95,0
59691.0,1.05425962733522,-0.0635015136573312,0.957038515859698,1.43799923453851,-0.424718175411297,0.634277247995671,-0.415079324840893,0.269940941004369,0.484081906010384,-0.116221570802177,0.985496805994616,1.79685939454682,0.535097070405806,-0.358389989324193,-1.49364808236607,-0.659954754663893,0.140225180205497,-0.492078778892553,0.0257594946210971,-0.111577526643721,-0.0170889254363966,0.302404204781789,-0.103580389450572,0.0771393662516722,0.608255879652326,-0.279473045664768,0.0725186695705635,0.0162759744128345,19.85,0
155673.0,2.06725525287675,-0.252979109958765,-1.64134812631436,0.213216855361993,0.376651966714397,-0.390908847349063,0.116733108272977,-0.154849047775341,0.761231112095162,0.0671930223308004,-1.63523954211306,-0.336683298842004,-0.825292518956747,0.386006776496177,-0.0196126488345219,0.0171914544613951,-0.408567492893224,-0.507009444878089,0.478706694917561,-0.182708893780172,-0.295647655470757,-0.822160194429196,0.220874252378223,0.0727166483699079,-0.124956994797152,0.283519655945122,-0.0906428066323513,-0.0605592884163165,30.49,0
155784.0,-0.221500954413433,0.903997341591409,0.1878051417904,-0.872067391962204,1.49674595820114,-0.105715259351377,1.20965249261762,-0.168190776736174,-0.507458119555411,-0.825925652151359,0.760648444858929,0.213038937814323,-0.191892034664087,-0.933768905682361,-0.796518254810903,0.41818586756129,-0.0001547283444686,0.351910907874819,0.319561275133534,0.0387239189999903,-0.288068489730617,-0.692332363518152,-0.130611767741676,0.12642795358851,-0.403660036740889,0.115333688982591,-0.0841116268714698,-0.0601399485513157,7.98,0
40146.0,1.49763994094277,-0.962107053463306,0.33813652370513,-1.52086204681384,-1.27370269112474,-0.495561151510904,-0.973331685884121,-0.119452107098467,-2.1829887321616,1.59016361036276,1.04035969121555,0.0527704746268281,1.13078371468758,-0.26157390748529,-0.18127108287113,-0.139991551808868,0.101077148913405,0.480046104528695,0.163710831255911,-0.261597406849157,-0.175880922886193,-0.118378948268812,-0.0269359140223017,0.0109654350506121,0.423094438674642,-0.206248021596223,0.0297156526117005,0.0092389267862029,15.0,0
54249.0,-0.190796527991094,0.269751562383255,0.342067783080529,-2.13956783032553,2.34029004160311,3.38431145928249,0.0468834434624313,0.737550071521367,-0.0054475637429406,-0.483085773308652,-0.214019413919569,-0.32092623070666,-0.0270253337208078,-0.14791525693535,0.857428177034481,0.966845483328216,-1.31966000423415,0.197487838690358,-0.251302115301384,0.0917468570928465,-0.110649056880431,-0.353076873119247,-0.0039451948259557,1.0298169312681,-0.762813590381307,0.579890606891455,-0.0797930257789256,-0.0670058926320548,6.5,0
143076.0,1.93992558254789,-0.322162143968392,-0.0292671988615409,0.623025108948846,-0.934518051946666,-0.835066876755476,-0.507357598960301,-0.157575400828227,1.26792061010131,-0.200844849279981,-0.416025479086072,1.23063768788892,1.17923470705864,-0.39835326348802,0.318432951451185,-0.103472967869956,-0.408682192247433,-0.0810439035192879,-0.40168213415959,-0.156429532249722,0.236688792795275,0.9881609885151,0.155029500228937,0.51642947824326,-0.116005427972587,-0.245503106880826,0.0491825142581956,-0.0289953267619914,12.99,0
98502.0,-0.309540893307481,1.05886661161819,1.95072416208779,0.836644464679249,0.389885515967216,0.413671355294647,0.383238339146064,-0.092538135036435,0.997466043696463,-0.141262092227961,1.57947556603706,-1.83648686138933,2.43522277700384,1.20150690669437,-0.402236926635993,0.118934788652072,-0.204497511629018,1.38529940870624,0.481885172481879,0.225021874198869,0.0746918419756171,0.890320412142843,-0.404746063118419,-0.377116920147213,-0.0216238346300297,-0.423223907117901,0.25666550544734,-0.0257014547888824,1.0,0
35422.0,0.4480926056733,-0.922810486436002,-0.0132931364539827,1.56404043661252,-0.734068162904538,-0.760530719070281,0.699542733489764,-0.282067971215943,-0.0551894525091995,-0.136120563613808,-0.409401510060267,0.0833071689880732,-0.226472778697522,0.516476348319805,0.978819198122394,0.239519824641218,-0.420273753049688,-0.219442728590157,-0.458337797939581,0.660541320874466,0.0656266273794009,-0.740807165866947,-0.304281825501542,0.372358382570642,0.306718034819362,-0.578690947135821,-0.061109421528297,0.0961781720621234,409.25,0
157262.0,-1.26731423488386,-0.204228055696208,1.02025872923128,-0.737253908939912,1.87544071994031,-0.838116362077931,1.02583711373009,-0.589128404835957,-0.232846879177564,0.0850909454228729,0.840209464345987,0.849298894663903,0.609256990372674,-0.276679150328273,-0.916781562031843,-0.0843446014286113,-0.949557348359508,-0.35710160762876,0.469057806305996,-0.152992420481302,-0.333794083078411,-0.429469400621099,0.0299706695905928,-0.363569373469791,-0.129575323034723,0.139758303628878,-0.481545645368928,-0.254181486512033,1.98,0
163426.0,-0.966900037150247,0.391812134853944,1.52853260572399,-0.659976164574172,-0.143035970961695,0.292967654491013,0.229061567666939,0.0184164255846973,0.804502072519278,-0.683087870141073,-1.00737303548036,0.265552648945791,0.578276011157853,-0.566563121928891,0.603158117327848,0.334269192927736,-0.776018778771594,0.290563599674781,-0.358001550487425,-0.333583967214005,0.126713331121057,0.543851267201704,-0.214695801878971,0.699444764482083,-0.542491277539041,-0.503192401065227,-0.0591278954486696,0.140372302661477,90.71,0
76120.0,1.12594373873715,0.193692855272273,0.535788537348249,1.00266065016437,-0.28205328013017,-0.224861383695743,-0.0998151553533456,0.115429002568769,-0.14147123944199,0.13554273441755,1.64322265071405,0.777699011783705,-0.635541843675652,0.675404123438691,0.617498152621033,0.0439513290484999,-0.343469203516028,-0.119783895782991,-0.515296346677224,-0.194329565629098,0.0344700043875158,0.0903544605983903,0.0264693713524574,0.203575623867737,0.392810829816311,-0.437906913910916,0.0312116628820299,0.0135751947474564,7.48,0
56697.0,-20.8652387116764,-24.2664408257614,-3.77637215908573,3.43415349807797,5.29641647391643,-5.40751822855753,-1.57587103175023,0.29593667525611,2.13807066010496,-2.02946585963446,1.866938294834,1.92679990542229,0.969197309101901,0.939333687650425,2.63217436100372,1.99811990907542,-0.65684203282632,0.0141736827395588,-0.827966162928251,-1.95449374211733,-0.872969079251975,-0.503270281227422,1.44757412472001,0.280159347842819,0.890905838191949,-0.22488717352877,3.48163283233826,-6.62137712208029,152.83,0
147195.0,-0.955921326689859,1.02427946853144,1.59360888763375,-0.589189935803949,-0.148428192247967,0.174824970600091,0.0423107428429639,0.641029770620613,-0.314313582604719,-1.07911952816002,0.210568888726739,0.695409133680955,0.033183019054835,0.378755993161224,-0.0257381553135756,0.409489889363386,-0.609360356925688,0.714940297311195,0.907243805359265,-0.106487383671435,-0.116521979775672,-0.446527324090958,-0.281536008815376,-0.528019953279088,0.358939187308239,-0.403836806315583,-0.0529050573747576,-0.0018181448988518,5.0,0
86153.0,1.36088967486713,-0.566985764118431,0.357704436249584,-0.845959526269107,-0.925882103412439,-0.583371075695257,-0.623903096692339,-0.0068725942380937,-0.950403391183985,0.796487904928841,1.10666409156266,-0.351907423797726,-0.604497284560444,0.21376442027566,0.183941630117003,1.5299820621793,-0.0903182778434772,-0.956921217306228,1.0642868265085,0.0719708660069873,-0.107392683248182,-0.545615393976815,0.0945270593414573,-0.041541853723273,0.206490190451023,-0.512935171214182,-0.0058454640305491,0.0094789226789245,24.35,0
27779.0,-0.309196649702192,-0.966371719769628,1.91633654307462,-1.7581364478338,-1.0339550717478,1.31638960284205,-0.94402246738956,0.524079448041552,-1.31514700256519,0.696333927711244,-0.563023329211407,-0.477991322625566,-0.688731626639479,-1.11113947976983,-2.86975549004674,-1.4003357859497,1.27586018586046,-0.166508122311364,1.14526015627302,-0.286350376575794,-0.478594343023354,-0.695019965239597,0.0125247998645935,-0.852601013567925,-0.331272658488341,-0.347113121920473,0.191997689259223,0.119751574435666,41.65,0
151029.0,-3.81821371829341,2.55133767783118,-4.75915831591909,1.63696695878653,-1.16790008391088,-1.67841338780471,-3.14473247208576,1.24510555037845,-1.69254135414833,-4.75993137385013,3.64225693939881,-4.165202322571,0.703069875094878,-7.62431631397779,-1.49801239964762,-4.07999232998846,-6.71717654755023,-1.88754964911755,1.35674828969143,0.164453445972909,0.837685440079622,0.761712127064149,-0.417694265920243,-0.469712471536136,-0.225934235750846,0.586415248500604,-0.348107405939032,0.0877768724326224,10.7,1
36099.0,-0.775416829210515,0.126946235870209,2.42764116232746,0.117770141639522,-0.0807203584110263,1.58399138178705,-0.437260492802393,0.864392849801694,0.586419626137582,-0.845645892601371,-0.0505072639941316,-0.618541535234047,-2.43201091629739,0.101697988389129,1.29527539702338,-1.22482250603388,1.3064865758411,-1.8157071611444,-1.49735389817215,-0.287863613466063,0.127551355406699,0.528753040291057,0.087657260745441,-0.653995153538022,-0.706469837275888,0.384845061840534,0.166633362047882,0.112053691620676,12.89,0
117187.0,2.04666076157611,-0.754289797011617,-1.52615243230197,-0.936660552470156,-0.15618397063509,-0.190291562474342,-0.617825984162931,0.0085806174275905,-0.537652973149179,0.337480121805333,1.11681310678657,0.150279473575038,0.480447740453979,-1.37969349898155,-0.481517139308798,1.7386542690854,0.78324516398205,-0.831634248064831,1.03380851674498,0.185544406735641,-0.278024489066165,-0.994372948804433,0.377695105536849,0.0698694756987017,-0.509287146623279,-0.702811666113644,-0.0082227133369194,-0.0144371602662421,69.99,0
133318.0,0.0095178085523473,0.795454480084325,0.225040148662468,-0.602866629180495,0.508091237953961,-1.06184946757164,0.999766156328632,-0.197573002091214,-0.037113196426334,-0.41287495543867,-1.05434741057653,0.106131400906755,0.06705848793916,0.100661834943021,-0.393332648819239,-0.0513525955340962,-0.463440210965275,-0.699742149337587,-0.0297168972726459,-0.0048857658728553,-0.26200121898492,-0.599639120149154,0.0760133084149988,-0.117484807336282,-0.463758716889292,0.147150382246187,0.243112230971633,0.0974460684578379,9.72,0
59861.0,-1.11664088074819,1.17700554582074,1.1417638952375,-1.41164647840874,-0.215439225481433,-0.63883147071164,0.513584597518916,0.0844353645247413,0.587936020496068,0.197291966108576,-0.0723048572511436,0.393949070951393,0.534181548466416,-0.377879445361943,0.757750547869591,0.2770101442744,-0.476453904472722,-0.936908014903071,-1.21113768045091,0.376375325475388,-0.171911392628964,-0.161374641182638,0.0591720657618205,0.118628436688997,-0.145402417807284,0.765992629244863,0.519725895317416,0.256045129607606,15.37,0
1512.0,-2.90377410511404,2.7637663674973,-0.14522318760085,-0.838311803820123,-1.17682134044017,-1.14706810712059,-0.332262513728884,1.25370246301902,0.519517951757548,0.492781269082498,-0.897880484393166,1.06582855697613,0.820234424358869,0.264102925735837,-0.41341932989475,0.191730652711211,0.118337671812739,-0.662289081378025,-0.425247053056454,0.515143843406043,-0.232902338415715,-0.480998579611452,0.130025511248951,0.41107085131272,0.188069111879207,0.323759704961626,0.557874661993275,0.360995093674879,1.0,0
67803.0,1.24848085348073,-1.28888966215983,1.46239068162952,-0.398249067966861,-1.74704375866378,1.05660589555705,-1.8825791152485,0.644137053313162,0.778928243507487,0.446837034622163,0.117242842983405,-0.514014507203958,-2.07088519304291,-0.782801091711776,-1.57304213870446,0.654319564353394,0.916847121042049,-0.960443541303937,1.05813589102776,-0.113128284972671,0.172881493800494,0.764136396999888,-0.0888735328304758,-0.281159665416231,0.352435520681189,-0.0064019672233747,0.0852945926570901,0.0058309822774402,3.0,0
66824.0,1.18522840353998,0.363214709878948,0.413729295049469,1.25102810394957,-0.243934727712187,-0.836648409088356,0.250599725570382,-0.277617181030656,-0.207836361350611,0.016626016130892,-0.202724924395813,0.841576639994705,1.30746499915947,0.0821019326648068,0.80166316996888,0.0935786258501792,-0.544100655761678,-0.219405951764741,-0.491707236861231,-0.0082139220309672,0.100372869253904,0.342841533971318,-0.146701173443518,0.437886730215685,0.70710572504098,-0.28804303674423,0.021623763641022,0.0293143515026394,29.99,0
107813.0,-0.289586643759031,0.524505956311536,0.960022554980028,-1.04112225319687,-0.184782248763329,-0.735200969218683,0.0575929558433031,-0.153614017768866,2.68156275105396,-1.16800648178658,-0.18788105244864,-2.91010647564033,0.51603458064959,1.47736170379953,0.287829484430558,-0.0843638101959264,0.100761766225006,0.873860172493975,-0.485768844483897,-0.355488152661231,0.197678087101176,0.765426632721736,-0.122697565820492,-0.175694241522202,-0.386462676033326,-0.788350598459893,-0.318276575682477,0.0885297582728772,1.0,0
75317.0,-0.143442554595971,1.29806258771855,1.67910280651842,2.77686277430778,-0.142384282210735,-0.0365526721877255,0.327016853245101,0.194693284737113,-1.42933765700173,1.15292490203235,1.19922779759081,-0.187572168841485,-0.935664963417207,0.637004494239264,0.625925792061856,0.181575371446423,-0.166059070840789,0.591071035599659,0.908598961961745,0.172366763203964,0.0319757709801559,0.144479599232713,-0.0178736649750464,0.492902583220439,-0.45458381499692,0.0939506635314411,0.334063895078367,0.129540675159261,0.79,0
141892.0,1.95236866615437,-0.0126860478765513,-1.77648599133945,1.22840424828092,0.517468415059907,-0.641076387456541,0.489717913339728,-0.187646989057452,0.149353426473291,0.449822021541495,0.200333829004198,0.242340472023799,-1.51233022729927,0.961046027681357,-1.05438730271517,-0.378141971387682,-0.434718650189745,0.10740073064961,0.198026806841997,-0.297686285458549,0.082226385146182,0.305050760875367,-0.0694068599347174,-0.447479349324686,0.422582182041153,-0.484035974687802,-0.0326039066763376,-0.0732590411965244,38.31,0
39644.0,1.20801522975246,0.333547039808053,0.197253914467793,0.50104777162268,-0.0614543159625597,-0.526398450585752,0.0785198273436347,-0.107937669001756,-0.388502999342878,-0.155718987689238,1.54413003899065,1.4552499793278,1.40359542531005,-0.346408842423322,0.28751750849293,0.71631516070488,-0.443622338169595,0.158932267362351,0.201886662110736,0.048948158405275,-0.234457439647067,-0.687487862859754,0.0484936700845432,-0.0032363358813484,0.264895268962776,0.0916629874926264,-0.0223354609453888,0.0225446225859754,16.99,0
11018.0,-0.954561710933045,-0.429265150902871,1.79357778724168,-0.574656556839916,-0.0924729317150036,-1.06781529203262,-0.885287384349258,0.0065477613869132,0.0602415315400032,0.622114262259213,2.40272967405621,-2.84964812000697,1.28251237546851,1.41060141976247,-0.358695799836877,1.01434108527803,1.00037085630372,-0.326745181530191,1.30130995095889,0.157402362948924,0.0749291924840979,0.463236322864454,-0.0923034899303182,0.503687549069245,-0.639507178441899,-0.343360849247205,0.350424831358618,0.19294180228345,15.95,0
139654.0,1.78723078487506,0.096055682805015,0.357243643441746,3.72496069621892,-0.227795283247745,0.905943753987947,-0.738598570943298,0.306602899981384,-0.186674395371138,1.33115228277695,-1.38381755385641,-0.281295241216069,0.128616211584789,-0.306000168078321,-0.0873971263341686,1.52438091724974,-1.08080098492107,0.0503901493277215,-1.82132215997237,-0.173991227569927,0.0382977208774179,0.0406653736239419,0.342794299781891,0.538132565879971,-0.527170441940795,-0.220231699676927,0.0208165129678838,-0.009124413728543,42.0,0
50186.0,0.672112867640291,-1.21612039181348,0.836802033325487,0.472904686840493,-1.43717391334083,-0.27592187799427,-0.253640324876609,-0.0417217039580868,1.11007282875834,-0.594243178502144,-0.719073246116102,0.807113861873185,0.437151512161444,-0.574371890940636,-0.313038528025535,-0.102956937509487,0.129534295835696,-0.632880591838126,0.373481940930735,0.517635650071635,-0.0598807343340629,-0.526206287311008,-0.170583994596018,0.4980098177548,0.0477320997537584,0.910949963308147,-0.0838051113818924,0.0639451937121225,287.84,0
166598.0,2.10670875984417,-0.0754540634004337,-1.38392940159071,0.229784148460429,0.263869745885809,-0.692001140783289,0.158348144588475,-0.264010823009901,0.582668722207635,0.0639984988165088,-1.36057515780665,0.240693270951021,0.255905145587209,0.223049035447267,0.136201298919359,0.0552262051749816,-0.511881279641668,-0.717929395161792,0.360548107541751,-0.201642491113387,-0.332585137460229,-0.810578343983744,0.251962385245677,-0.77360867085335,-0.209849502085595,0.248020160660579,-0.0681833841639845,-0.0680470034211036,1.98,0
74249.0,1.0319048531026,-0.0729799630213147,0.890605340696626,1.17489121312738,-0.655616934970411,0.0342209528391404,-0.442985052771454,0.254301952513313,0.146716944442447,0.173702292663721,1.47811372012698,0.443420259756814,-1.0831343374297,0.576278172972597,0.867755819599939,0.343625827649213,-0.445725101326729,0.312465711015449,-0.774726304320845,-0.151519228243271,0.225689525547455,0.564610760034682,-0.0493378190908967,0.196961676370475,0.333881792427586,-0.290833325834169,0.0424588983025267,0.0242598158313426,41.0,0
126775.0,-0.946502887002834,-1.04581008318972,1.3101341820483,0.179027741647828,0.764385102587022,-0.643189787955807,0.445691166138854,-0.573561533009097,-0.831776828515011,0.941124469563066,-1.06270416203636,-0.0373198852671711,1.16500265993296,-0.751894481712247,0.0331301292365034,-1.79806324144165,-0.503364671488409,1.33081556279972,-0.87485043455303,-0.34701449143533,-0.294656813562908,0.191032682182064,0.539573887973128,-0.132589064677569,-0.581007878770389,-0.738346825734651,-0.130186249578151,-0.173360504797837,73.0,0
68354.0,-1.31599264999304,-0.558499573932791,2.70554520629632,-0.890889578014457,0.43294632217039,0.448576500873413,-0.259037794615686,0.428576668011367,0.265826590331358,-0.689417332538979,1.30233643695639,0.229282375961696,-1.24935870226673,-0.162452774314552,0.125117624416158,0.0707052032075607,-0.153745383946004,-0.446627310297696,-0.827149835951158,0.163776681273967,0.0938963174758821,0.18740454313446,0.000174202676921,-0.255225194661172,-0.106135125246637,0.894936942330252,-0.197432839068814,-0.166930127766485,45.0,0
142840.0,-3.61385045502803,-0.922135693038651,-4.74988736419275,3.37300132781874,-0.545207025424103,-1.17130106266974,-4.17231457141019,1.51701594293521,-1.77583268078792,-3.75405392305562,2.73157578227581,-3.48937464729063,1.54738008909916,-4.57126773103714,-0.517958568740869,-4.23908653141223,-9.25063451000699,-2.4348278029986,1.98738627690236,-0.320540972806239,0.7867870185412,0.893064859228385,1.03490656705841,0.097671080445461,-1.34555112500186,-0.788328913242689,1.05544197476733,0.0999714026087802,144.8,1
166752.0,-1.23682093279915,1.00050979594094,0.212540029162149,0.933160858096009,-0.366623267670313,2.07442346958883,-1.37402959001955,0.533117990446072,-0.0594371579765381,-0.255862188808844,-0.587048445769177,0.523319149797231,0.586356555557822,0.447724664443971,2.32676846787651,-1.44659585397416,1.67880964270845,-0.833052919547916,1.34996393644287,-0.376356989708695,1.19108003347582,1.17482216066632,0.385062294938117,-0.259844991670007,-1.1302982812644,0.994535323815609,-0.11047423650073,0.0406657655340067,28.75,0
115472.0,-1.16714106701137,0.492193539390065,-0.592873648665039,-0.353271315213505,1.77956366021641,-0.435939684714297,1.12748244562438,-0.314030751983784,-0.652176466740092,0.271626543523182,0.301544502654606,-0.0351264527496433,-0.796004042664041,0.671935896516341,-0.644365167172649,-0.690116403110577,-0.23202464539527,0.115736979343967,1.4159972804412,-0.461012568650597,0.128458095842068,0.678292386940851,-0.112813217835459,0.307803261351049,0.301350493287421,0.786291093983235,-0.368512735254925,0.116471550097772,0.76,0
123249.0,-2.07851959794229,1.64676037275926,-0.405246318264486,-1.95038855182458,-0.921310416639221,-2.00352848872512,0.023065489697564,0.988376671215306,0.310082489230478,-1.31377647781798,-0.735925587242556,1.58849818369482,0.825973723703474,0.451962124244184,-1.781364180002,-0.178625530731157,0.264374203920542,-0.963383013039783,-1.21825594227796,-0.176261723505137,0.234067745805884,0.74909257112295,-0.0746652167587678,1.0487540535356,-0.0159609680262752,0.707997927631932,0.155741894629958,0.119422999272378,1.0,0
53114.0,1.20506984427002,-0.494132731688971,-0.0710407743030795,-1.41440265742971,-0.74691862719837,-1.12108315618847,-0.0816508073411113,-0.0776476275839709,1.47119600358292,-1.04054997040117,-0.179259629485438,-0.371676026886969,-2.08561480698905,0.836840120203658,2.12516364181413,-0.725302404255698,0.289962232827478,-0.536199475618473,0.470861145144181,-0.164173454776844,-0.155258868414788,-0.513148250075065,0.047208557793245,0.0536539886860725,0.287482767184196,-0.148058634454736,-0.0101470714385806,0.0137263836059529,46.88,0
38866.0,1.37027511200317,-1.25889558413491,0.346224512231182,-1.34461306454481,-1.2158651846849,0.230287755214729,-1.09439403474535,0.105688097791871,-1.76210162349757,1.40379864193158,0.828169149001139,0.110807066122785,0.433873164790091,-0.43454660179064,-1.07645988467838,-0.930072700696899,0.837452720392282,-0.28163390691079,0.220194822546941,-0.285806114522794,-0.301760974136321,-0.384426136635378,-0.008329650127159,-0.306343345011486,0.379219503528556,-0.214858029933099,0.0459913865466492,0.0079226249407339,47.2,0
37794.0,0.766878507018257,-0.555936901305557,2.15233792115565,2.91779769145885,-1.01203904493504,2.26738244151786,-1.37509361415083,0.83848523967523,0.830679481897837,0.274273303340823,0.551594860126889,1.53081984938865,0.119084742642183,-1.07982418652483,-2.12713030630959,-0.289652830713262,0.381935543429706,-0.522138712424159,-1.00741234606719,-0.0552245989077002,0.220794642769576,0.99674897035239,-0.138043591485763,-0.218261582548851,0.276623366452615,0.283176077856334,0.111391028763627,0.0367735153461253,80.44,0
116301.0,0.471400438079059,0.251364846868752,0.0068232834731753,-1.54764904547764,0.0113614987542472,-1.23639249050137,0.590138291188537,-0.459828640367534,-1.48984754428834,0.329870034626526,-0.527374279789158,-0.0917880735672637,1.78224641787275,-0.369881211950078,-0.0748341086929351,0.630937529107024,0.101350149281582,-1.3043636892969,0.676073538649308,0.156590730709395,0.564393522343181,1.70646678925887,-0.187830734268296,0.152203053759,-0.37734774341891,0.0059535157317958,0.118334452688901,0.0970938640819899,15.0,0
169814.0,-1.36804806519912,0.867820974878846,1.78688072363147,-0.788019692067194,-0.0624542828681799,1.47663971895606,-1.01012780049134,-2.1786899187632,-0.345375568805441,-1.32844604066168,0.211149074764639,0.672992861760194,-0.0523361328144323,0.15335352325523,-0.165806542166366,1.03777573973127,-0.899970019840872,0.844364085090779,-0.0738640630477395,0.625423422535301,-1.22172530993317,0.499701697108169,-0.120055415982653,0.220109610993683,0.227792617200907,0.269093579305322,0.037466970157393,0.0747532988647595,56.27,0
138468.0,-0.164595954466062,-3.74855623135517,-4.23649814214009,1.13191443789213,0.002378931289701,-0.64786312202156,2.5537024213185,-0.815144750908763,0.120434319785639,-0.469256236067127,-1.58361626902983,-0.526230776265241,-0.91466535045578,1.32455169492297,0.234668165094959,-0.601436563166574,-0.278690528568806,0.1126144869372,-0.0157998849579905,2.19664110633132,0.969433990236539,0.158992337764054,-1.33451928443662,0.197301056021186,0.455848332773759,0.0025543654060794,-0.320245635281259,0.125206280897102,1225.56,0
144253.0,1.96126291959379,0.0733261711921795,-1.92283911297469,1.15633486654145,0.649997021748051,-0.851216248857892,0.637696157361013,-0.311192692577563,0.0854370499952696,0.347249538214342,-1.00969597956282,-0.458834450564457,-1.15221355744823,0.967133526154655,0.498409688963398,-0.228282032354208,-0.431519580116548,-0.302020346598536,-0.402804838081672,-0.212843222167962,0.0512698148884798,0.0344280712935578,0.0567859426942226,0.55540661292677,0.291942241088417,-0.619416936517698,-0.0429413084829719,-0.0456182576048784,60.0,0
55082.0,1.29949908589648,0.728372949637814,-0.561601980944959,1.10617382440529,0.532228734948863,-0.699013545040476,0.356924312630695,-0.256732379023588,-0.195002511473123,-0.597589929511915,-0.515240052970691,0.270611641569743,1.24598787927818,-1.32752819752881,0.995362494893153,0.695027647886109,0.304290476172797,0.60008455665734,-0.274857367753919,-0.0065669837839689,-0.093987906203389,-0.139423929082472,-0.237080196141863,-0.545881812820839,0.841179699371822,-0.278729471142448,0.0382779547477491,0.0450493836088763,1.0,0
73949.0,-0.356439874776302,0.778858547705947,-0.0334197274160384,-1.21213628002886,2.45528450881038,3.36783010231606,0.121116883476571,0.936659271839335,-0.521707405780559,-0.250539415619899,-0.180032774591058,-0.245138834589493,-0.0541804299264625,0.290720473292332,1.04070035655919,0.527156285804304,-0.891234721482518,0.0980205706518059,0.38689475820869,0.218307164258358,-0.281956944993911,-0.903610022252436,-0.0572616630728472,0.983303381867842,-0.0357520745465064,0.0864086314136375,0.267405769622451,0.114154213515071,2.69,0
151024.0,2.09805577499984,-0.958680646170859,-1.34695689030338,-1.03173832848822,-0.565665991073056,-0.806579826315405,-0.47571608917971,-0.211973835502587,-0.645074210933594,1.01600458802284,0.690458502799173,-0.198594512379209,-0.0987481985999365,0.218564344312117,-0.220028530022472,1.32741743138748,-0.266019611029103,-0.646998206629319,0.847896142071806,0.0781872425075435,0.407057853505321,1.01388911323951,-0.0393529145495397,-0.368872363921526,0.0563746547812515,-0.0372299903018868,-0.0467208363010085,-0.0662246039015512,65.85,0
159245.0,-0.354896628728388,-0.642649350390269,1.41747629592665,-1.22593776348557,0.250187322740562,-0.0576993400280237,0.420013101489807,-0.634559140621759,-0.0176764417406483,1.03694509009291,-1.19325101613379,-1.04921312019064,-0.654218249882073,-0.841745807329585,0.204349793363496,-1.3182797513991,-0.681095096789244,1.12580709627532,-1.04959325680084,-0.59455330079445,-0.635136118481183,-0.772687184026202,0.079797306817643,0.606059471559552,-1.49231776757098,-0.282128551251607,-0.414819904314308,-0.447294452366536,74.2,0
124501.0,1.77608369519408,-0.847941340220355,-0.122494605018422,0.327067880727922,-0.90144959298238,0.297088196367162,-1.0023040155169,0.351651935563649,1.4988045623589,-0.0116072836450308,0.628403269735568,0.401348554291897,-1.29262603405814,0.231111732269376,0.466826472990518,0.659920979063734,-0.802914181157878,0.890538599165783,-0.120445019901824,-0.124612503852103,0.158904676661261,0.350789853008576,0.255732320189207,0.65676460261494,-0.493053749927083,-0.462740830182825,0.0296975056553436,-0.0196285464382158,79.55,0
136028.0,2.1510150016045,-0.0704770454250889,-2.57198147036998,-0.338707702659438,1.00201864485655,-0.596894132208534,0.500955543183375,-0.201453371157485,0.256297417497548,0.230262223307635,0.0941305198165795,-0.291526243126586,-1.82907334375119,1.31252887856507,0.0168362378383833,-0.166227713360173,-0.65445510683701,0.370515031217705,0.645157044401691,-0.305289919001751,0.125406464617291,0.366471784937651,-0.0854712012514183,-0.10576037541605,0.45833664135464,0.247255622710699,-0.103830886876623,-0.0948712623985395,0.75,0
164804.0,-0.802388914880354,1.38411591476446,-2.10088221690269,-1.76368456186931,2.96093933508731,3.13149259112974,0.309241942854175,0.963388928303998,0.603579707306127,0.432107759857514,0.228378993355314,-0.118859954244609,-0.428530485293639,-1.03408453535018,0.217150803387977,0.131946164405473,0.316167452017901,-0.439954466070287,-0.51896305385459,0.557637924027843,-0.456194498816211,-0.994616692854837,0.164194148792243,0.576866564634195,-0.214768314452455,0.182394158948496,0.657425009728348,0.33867946221012,2.69,0
72272.0,1.13791244581523,-0.137267375126462,0.0558051140053559,1.15821099731497,-0.0476964461242205,0.470053788384646,-0.240710002590588,0.349473424762074,0.54942830950322,0.12963319612625,0.014232403855749,-0.669246294221435,-3.21564512123491,0.846151715774279,-0.399457143621125,-0.17743925183527,-0.0584235590767276,0.128096303533638,0.197320842361529,-0.325199830512559,-0.121824673499854,-0.334686407325247,-0.135737170701943,-0.732442783150098,0.613562243240897,-0.278788464343208,0.0117934241369609,-0.0051082595264213,23.99,0
74416.0,-0.464374143155571,-0.20258044821111,2.09273867864642,-2.72869824596722,-0.546590737568601,-0.2321736227991,-0.125059994665013,-0.253106017379783,-2.18987861501777,1.00598166807629,-1.10927342895754,-0.760950698717718,2.13954614049479,-1.25289400793794,0.184569470079651,0.0771830880755287,-0.341729237437193,0.446471143937818,-0.656459733414736,0.042412095313917,-0.144450339144596,0.264018091801893,-0.442479477566187,-0.435246270841736,0.558926630766614,-0.151099160328222,0.155027068528353,-0.0981233311649138,11.8,0
38034.0,-4.3525092145254,-6.3932036865131,1.74148670841169,-1.15824812553624,4.3978234848311,-3.54058616081865,-4.02974897765344,0.672637750957007,-2.10115481898273,1.32939094617631,0.795211380692662,-0.366042879066264,-0.120426080701569,0.137927445597487,-0.151005903392196,-0.20697365178548,0.25797695727852,0.27961021148829,-0.615045486610603,1.20858293870338,0.19241715460771,-0.992652196866137,1.28037120226466,-0.424479765262829,-0.188809239629301,-0.622994450884556,-0.0972831600320225,0.227155976676349,74.85,0
73376.0,-0.93047342473924,1.07434090912193,1.29963214091613,-0.865172853380171,-0.363690761098135,-0.49255517237247,0.305100782753893,0.108635774486514,0.474768254996686,0.249263995076949,-0.167424978430402,-0.212059063390816,-0.413453074570186,-0.0779496299750648,1.38767410838248,-0.0154907415853836,-0.073359987824454,-0.695557289250055,-0.277134028508672,0.309157401295195,-0.131235315688332,-0.195235686470587,0.0297082809631616,0.10520387469789,-0.251049249884025,0.909408953688254,0.283096233081638,0.202969128976916,7.7,0
31718.0,1.26284185284082,1.18752836835104,-1.92362649915904,1.34278622386069,1.24601023049379,-1.04726961076876,0.616627448976054,-0.154016818156162,-0.56266585185133,-1.363241440488,1.68236783885849,-0.37113558039022,-0.653815730311692,-3.11691308163283,0.494103314172841,1.5001682613396,2.18903871079859,2.16889510279249,-0.232742643110617,-0.0357998776282409,-0.219795123143871,-0.592129156283374,-0.316088215473922,-0.837672870819484,0.918383043863261,-0.258449418119942,0.031320427310609,0.0771447244526076,0.89,0
123622.0,2.04608724880263,-0.321140307437852,-1.67350719985597,0.372929512251777,0.695688620913534,0.557361728751112,-0.0488736766694188,-0.0001285229353419,0.730512357647785,0.1017047464573,-0.509376483662177,1.2546113285954,0.665154256337051,-0.178502755109451,-2.13954701496019,-0.383837761877882,-0.487135220107437,0.0587045214466683,1.03165626412057,-0.106772019241156,0.0446291586109631,0.494153293280899,-0.149893700985411,-0.239062805259539,0.457869720099459,0.558672032740743,-0.0558886891555016,-0.0806404554919134,19.95,0
29785.0,0.92376442016477,0.34404807190464,-2.88000365579163,1.72168007534123,-3.01956477860235,-0.639736122583852,-3.8013245024591,1.29909588513018,0.864065471140902,-2.89525166830126,3.02816223099618,-2.54917730779636,-1.56043182473423,-2.97131675769274,1.07889539651163,-4.70201182527384,-4.90809850732764,-1.5088732903485,3.0016850593747,0.170871765618069,0.8999311755668,1.48127100376248,0.725265549161058,0.176959582872624,-1.81563797523647,-0.536517111308732,0.489035020411905,-0.0497285787992942,30.3,1
158027.0,-2.26937494863406,2.46896387958507,-0.552642600075627,-0.988644659117133,0.160638344611072,0.236830491934834,-0.922422071570921,-4.4312266201294,0.149168549443,-0.227034492872218,-1.82019661818979,0.158328577270348,-0.35385758462076,0.630045288321782,-0.409353791676874,0.201282263236349,-0.0468619105025272,-0.327261322718866,0.208884307203662,-1.09095008228502,4.34236306228897,-2.30014012987148,0.592053677644645,-0.752815715798393,-0.145816859928819,0.249402378844361,0.261954109699018,0.179065190459022,1.29,0
162419.0,2.09416626412045,-0.226142170647038,-1.52420731791814,0.0596636184991214,0.322457730448959,-0.302062678546339,-0.0308496847465256,-0.0435781087488823,0.556195824052867,0.282510609151852,-0.234500874790311,0.0670751448328757,-1.15431400403931,0.670518991548444,-0.436259772065372,0.468426322578061,-0.856025683042772,0.14062333957362,0.851771230076821,-0.2627011529645,-0.323709179460608,-0.894058152258509,0.209918257659365,-1.13431007759954,-0.229121562172483,0.249893940995259,-0.0846509937869302,-0.0838816952834767,1.98,0
160650.0,-0.594359497754205,1.13582950149961,-0.0766028885057305,-0.717340274432937,0.640187703756356,-0.122754694318526,0.284280540446,0.541150515522353,-0.0584144360779177,-1.45457394673598,-1.68285986881823,-1.09789405903988,-1.22701319823607,-0.696584095523605,0.262902611564022,0.816902222715302,0.458405047546575,0.699734019224704,-0.142248363565986,-0.244719545962544,-0.0123138965219735,-0.150146940873443,-0.214007855917719,-0.0750010783547568,-0.196714438748302,0.443565939164366,-0.0318031227464304,0.102526905668741,0.01,0
45899.0,-1.26866090516724,0.201894801987367,2.05793740026228,1.8126552151004,-0.0615124417613276,0.626509265139715,-0.220081291703176,0.46744490336655,0.444934409249604,-0.505107037586161,-1.03881049316657,1.34707191994745,1.02753149621195,-0.935930488899855,-1.49617351093298,-1.641844562132,1.11914576572685,-1.18042689381787,1.32927632858316,-0.0350701706508966,-0.302700080953828,-0.236769960394162,0.353169933797151,0.117963611863597,-0.270243070119439,-0.466804257681397,-0.121928744341672,-0.176057400454952,17.28,0
158410.0,-0.355086010454109,0.557211609475756,-0.0643195945816235,-1.15593630595875,1.69022954567011,1.30273984549219,0.783750284279578,0.432186371297428,-0.414700708104515,-0.736662167529518,0.930644337811607,0.282768020631233,-0.833874611780163,0.807933032284398,0.566700799116795,-0.814006352162966,-0.0868425488731363,-0.571315116924567,-1.01781619364902,-0.210122322914573,0.46328886470513,1.38217830461919,-0.219139430934251,-0.713693814375309,-0.276963484116437,-0.111984244896101,0.188136035255751,0.155533636700525,23.5,0
79196.0,-0.633596882001245,1.19500968552781,1.2589488167702,-0.196650837464205,0.194722587771381,-0.639789717480396,0.695591802577577,-0.0496294659493367,-0.235189736303278,-0.0126547931205083,-0.744426697334217,0.038719515702388,0.573180288690503,-0.0476531270456662,0.852610004899794,0.302664571290796,-0.609108682439328,-0.261780360837338,0.169747641373738,0.267760282263347,-0.286753298427311,-0.67347635797677,-0.0790438508475737,-0.124514700818544,-0.0605184447597301,0.105531314307987,0.376580625444181,0.179528836858871,5.25,0
63092.0,-1.2133086674898,1.51654147964048,-0.0463296281845142,0.346177347244177,0.0690151198679628,-0.266528949559998,0.100463950219974,0.930868702844978,-0.967119500298445,-0.421725077121336,0.486713612933432,-0.172474983569006,-2.00944526298941,1.62034972913361,0.205300232400266,0.0060515965308218,0.0501016934381743,0.255224442873396,-0.0497561527441962,-0.478991601128115,0.233550201324489,0.202010527966158,-0.196639287103502,-0.351113047681467,0.304965627747439,-0.319846794661111,-0.509327708273526,-0.136100859986088,0.89,0
62091.0,1.27525126311338,0.179546408893714,0.188189634222392,0.31070193074549,-0.0166684814456881,-0.194124281872905,-0.0559873747097781,-0.0076572876950676,-0.16346858462945,0.10321172965965,0.749632961318734,0.804302219646181,0.411214169775053,0.379186596540371,0.387910735872604,0.73862433059525,-0.976315534469085,0.218352531973395,0.481852730275132,-0.0527105551361933,-0.259563435196468,-0.781330485742848,0.0212500879557991,-0.50123247446001,0.298815930410363,0.128259128484456,-0.0337585024813615,0.0005680082766677,1.98,0
46853.0,1.23486692466151,0.110232628161608,0.370884955209662,0.438753582798426,-0.351658002291581,-0.500380346508219,-0.111881505410408,0.0184783888868007,-0.0418976978016505,0.13152535068427,1.01603734335295,0.420458596807989,-0.703245782737096,0.614047883015934,0.464944671749286,0.643155972650035,-0.737922530574488,0.183900303955031,0.301843994216268,-0.129494195147701,-0.237393425235375,-0.775922826734251,0.0924357957714863,-0.0345993367682374,0.197183333214736,0.100809689129468,-0.0403083406225167,0.0038051183871359,4.49,0
76361.0,-1.11789507334981,-0.127266980554533,-0.12925362359537,-3.53838230692365,1.38482287932606,3.16847181603274,-0.316836011205546,1.35093915661609,0.681262748051395,-2.04277889054027,-0.277161635517468,0.295275812962412,0.0832071735423171,0.380163405266203,1.59803961921313,0.52994129322577,-0.918213383411055,0.817771307099579,0.325449671365555,0.224123639905066,0.177637730160092,0.0140063939579154,0.0693646442763121,1.01794694358435,0.166798035231737,-0.203673455663968,-0.0578422696231541,0.0240883181090595,116.63,0
74530.0,-0.412123545804304,1.13397039319332,1.58572072152744,-0.0443223660801805,0.0284065730746981,-0.860385025629433,0.798367625857,-0.136408446459442,-0.580397041915612,-0.350030747885792,-0.195849805445342,0.594470012633741,1.24773772547792,-0.100010111419447,0.714935231383423,0.143231413236144,-0.464472785301324,-0.499404416002239,0.0067026115259253,0.178491833393653,-0.213390845090095,-0.495794596199121,-0.0328893880752101,0.393777249721332,-0.151661245182654,0.0673606343199516,0.272654041291663,0.123626764357719,4.99,0
84204.0,-1.92745281973369,1.82762056700016,-7.01949468454197,5.34830323951426,-2.73918788004738,-2.10721929638307,-5.01584797563431,1.20586815982046,-4.38271250852199,-8.33770697381781,7.19030608944843,-9.42484446049178,-0.223292646427513,-12.8754942229841,-0.071918160688794,-6.2999613976222,-12.719207160428,-3.74017615583058,0.844059610296466,2.17270905626492,1.37693832294098,-0.792016725563067,-0.771414187530036,-0.379574271539528,0.718716522008066,1.11115125599517,1.27770725705846,0.819081152045361,512.25,1
49025.0,1.22921877782757,-0.0948751467155395,-0.163408142312596,-0.982765756049021,-0.420045715410051,-1.29145090657078,0.268751949285634,-0.18567625710519,0.736482199503678,-0.763543587267474,1.50574338339854,0.936520615402594,-1.00398263324043,0.954479452116744,0.826553975244932,-0.472089005004984,-0.307000056538942,0.0572587215622634,1.09680831868762,-0.122264075922556,-0.317411558531928,-0.981609287530437,0.0762031499784952,0.275225299017148,0.449865226119973,-1.03186719657499,0.0150615003831732,0.0140288928901858,27.94,0
55535.0,-0.327244527593454,0.789658255892325,0.751048966472544,-1.02328882783454,-0.195929106854505,-0.292457017967016,-0.12487267710084,-0.936580819332247,-1.33357759069391,0.1472654178872,-0.705566804529287,-0.983181165189277,0.78363206308831,-1.32145853538708,0.967105973486477,1.37037760180319,0.919130650175908,-0.692659782309814,1.57964046547158,0.0922282933608908,0.705557409446441,-0.524570350810969,0.0527898686270565,-0.545169547923395,-0.576933012448409,-0.442067581925974,0.0918926799152724,0.180398967817565,15.0,0
80537.0,0.402004868675182,-3.23357719018756,0.144100897784484,-0.884023892456527,-2.40070042987852,0.206879356787922,-0.904615359943686,-0.0245428391646328,-0.946875391175417,1.08819722171905,-1.77328604408535,-1.76359205721285,-0.625244749338722,-0.505777954495631,0.495415804904132,0.0665376104341752,0.360630062949195,0.883188812663631,-0.161790155037222,0.790472391716551,0.226774619568199,-0.18752037753488,-0.620804931170071,-0.442755737973037,0.197239070523862,-0.0504622228462101,-0.0443873203385744,0.120257345503525,592.41,0
52899.0,-2.1215573570941,-1.99062704907877,1.55162664395454,-0.456067292881397,-0.813510780627077,0.107657157238178,-1.047652382481,-0.0657581201202297,-1.57080958755692,2.07888519989793,0.466992911528027,-0.0412540980299881,0.944419078347442,-1.21784688248993,-1.10519105539539,-1.50209951555933,1.2787704106686,0.513127990040785,2.67232634691195,-0.8129054565644,-0.482475946619556,0.341099829529675,0.381064037191165,0.0766019396205502,0.208590536834663,0.169115470821488,0.15273304812088,0.389537768744519,88.33,0
72459.0,-2.35802436991892,-1.10594030136992,2.86885814991017,1.61877115189879,-0.292532333527695,1.45179731161099,-1.78931725568686,1.47266620714464,0.919481495001373,-0.764693902198289,0.361144599057768,1.292125887143,-0.570568152343467,-0.572922332941322,-1.30677882319293,-1.06147767405447,1.08673565881694,0.0455521791039023,0.478002697292268,0.506707594243623,0.396537787426195,1.06598976191496,-0.213293833608333,-0.225532453514698,0.317105919637558,0.0659265172113829,0.335831779633519,-0.144251188480503,59.19,0
120066.0,-7.88058922007512,6.55001947104031,-6.17259100576301,-0.769678926140506,-4.55340776859241,-2.07786828710517,-3.8876515020375,5.69216390379563,0.419513229793527,0.972019151573811,-2.5709144596224,2.44101590922725,0.870907453699893,3.34828900149033,-0.695387775796555,1.25732047369428,1.72351144247259,-0.476355894583179,-0.58234091536175,0.29403519702441,-0.144865305567471,-1.03469303091037,0.828410895420697,-0.017477221290903,0.514838970423832,0.199277830155476,-0.200415048406601,-0.164711361352254,8.99,0
56094.0,-1.97363251796315,1.31830409365121,0.364839927310467,1.52202426174783,-0.899555872498604,-0.119631606959658,-0.538910153569691,1.36835077108317,-0.558750690433842,-0.769724411378943,-1.355783217568,-0.385408595324011,-1.82001413426304,1.30653572059303,0.392162267704324,-0.752966879081806,1.25086664146849,-0.340154766340603,0.792589455368804,-0.460146168648711,0.121739295226357,-0.0123386517203215,-0.0633263185266506,0.0582501252086567,0.103124293986725,-0.206666200284411,-0.465625936643206,-0.181366201428089,19.09,0
81438.0,-1.78902512253283,0.544706016205323,0.891216495980627,-1.21580536706287,-0.587355778278788,-0.601155416521971,-0.202586239218358,0.566677337284698,0.42723538214969,-0.100261212745751,1.13150106452854,-0.339095693206612,-2.52992504341393,0.755290173503462,0.375781857943825,0.724648310388859,-0.340407790293527,-0.10102385867007,-0.817332898172895,-0.687807265114601,-0.0321080789169351,-0.162633094871529,0.38579509441391,0.203098198421626,-0.418815037035524,0.693899248472337,-0.474878345558669,-0.0984973224924035,15.0,0
68966.0,1.11958425146373,-0.241876266432032,1.06890935051997,0.910244629869692,-0.992656879824769,-0.147769265891769,-0.591227625836347,0.1682030380097,0.925708269893232,-0.231660588405762,-0.40218194882292,0.126959666366536,-0.925995987726823,-0.105681561858376,0.39840534681078,-0.359340495880604,0.332669756831245,-0.624862154846312,-0.540894761215309,-0.189472308783804,0.103722815670352,0.502879316736494,-0.0297947928866372,0.458120952634817,0.343515351009237,0.52134304541777,0.014518168795328,0.0183365728588593,15.52,0
42303.0,-1.37378353874835,-0.080674447757472,2.71180901057671,1.34712792998936,0.256678338945909,-0.351184967435168,-0.428361505999383,0.200537580488542,0.281152614367137,-0.453011558335727,-0.954828898249724,0.429873762696069,0.266425762462195,-0.598452287373037,-0.173526483036225,-0.619362723837407,0.256818943994858,-0.0824661551522735,0.936687245547883,0.164346357071727,-0.0684475202923797,-0.123802461397255,-0.130061226697822,0.403627477909891,0.310351500774871,-0.336794020531927,-0.0844757059505355,0.267645894310871,1.0,0
1366.0,-0.722356943204629,1.02917787737581,1.08447926382227,-0.863463722534207,0.279742091121301,-0.437384858625304,0.734814366994853,0.0231871401885736,0.29032647415436,-0.347828559454748,-1.49726806750835,-0.306320536580167,-0.278796518473263,-0.172717921254785,-0.190989010961466,0.229203676696685,-0.588624823515574,-0.292374825158115,0.0649893223825746,0.149016122452917,-0.282505841518604,-0.575762018143996,-0.170050898891057,-0.448930531790493,-0.0620815088359699,0.350951655784841,0.406299113471132,0.23177189260001,5.0,0
26676.0,1.18860280763307,0.135141309723359,0.597975812818421,0.565232287623316,-0.587187173225152,-0.797991140273119,-0.0711052657574092,-0.0366345817555217,-0.131315856177435,0.118541789639649,1.55513753060762,0.780820026543936,-0.452565455850459,0.578835962542537,0.388500249389825,0.470979439697299,-0.562190661350186,-0.0326069532385904,0.095655009818692,-0.11569772617346,-0.195399078855273,-0.651218849050732,0.150734530809476,0.512968488027429,0.135489969040479,0.0658707070742656,-0.0382061829148545,0.0107741124697927,8.99,0
159791.0,2.07679649400238,0.254204569129951,-2.01034162407624,0.321304915814296,0.878498103574733,-0.487014400121664,0.303234396333192,-0.242406881776055,0.567794694937409,-0.651641578318807,-0.796441809834782,0.644099343166074,1.17729812288247,-1.15837995718818,0.320331095406554,0.173105114288351,0.360928668652341,-0.0786324332011895,0.193266514267064,-0.0854094789621935,-0.353386534291464,-0.835043987214786,0.210629469009917,-0.08545526457418,0.0180673471132871,-0.574878862075926,0.0076689612431025,-0.019463217525768,9.99,0
132128.0,1.83178126964725,1.05625889730262,-1.70976677629596,4.38982246258491,0.916519277339415,-0.538276602454305,0.360170942018102,-0.138507041064194,-0.832392293136558,0.0717499031568143,-0.430483823409632,-0.442582120430985,0.165129196280441,-3.23170922682267,-1.21156883992216,1.37539338676717,1.94653577225824,0.704605157479821,-1.89530998544325,-0.147216700882979,-0.0700637174351362,-0.0112146819310892,0.012601233697371,-0.271795936845082,0.126320796418572,0.0977105795861131,0.0130212453653525,0.0228825748867302,30.31,0
51049.0,1.01137169920183,-0.546478740657957,1.05001942151983,0.0767011106762416,-0.786221197388764,0.77245741416023,-0.87750983233492,0.429106942181041,0.619999816410986,-0.204540733473136,1.59701848061754,1.22994289863233,0.122607906382687,-0.106515903479236,0.495237274592132,-0.0287717981055961,0.0533620107311525,-0.530688642114767,-0.506729839388941,-0.0200752521183372,0.206117638785217,0.693632689217108,-0.0184873787603937,-0.17719191410297,0.0233336174611843,1.14520979337837,-0.0135778152480115,0.006002998835749,50.0,0
55232.0,-1.76242208842222,0.092539739519334,1.06483482610588,2.25081584178672,-1.70162595077271,2.72156509251141,3.33988545020584,0.134901091332737,-1.4340094507781,-0.169894264352831,0.58932135195301,-0.363001655219704,-1.72312940561795,0.12280030433446,-2.20096738634094,1.1228530247215,-0.764467577069242,-0.880019710060695,-3.17894693338636,-0.37023555032705,-0.114680774174155,-0.344885008372473,0.670451533074975,-0.378852077378388,-0.297479211808092,-0.504931954807816,0.236707124441197,-0.0186869045154532,684.59,0
53360.0,1.42135856789123,-0.650112324195852,-0.291484308806126,-0.939902515592099,-0.525090299254667,-0.184560363726116,-0.543225370654998,0.0262263095652262,-0.861957352964853,0.913165300550341,-0.135288883106741,-0.76495232004389,-1.2667934429289,0.617332841589316,0.416847017362323,-0.713436306485965,-0.593876560631079,1.95695647217591,-0.0214460843840057,-0.51273088846295,-0.424750660435283,-0.874200465299206,-0.101295983222042,-0.840858477437437,0.3401626885981,1.09943879027981,-0.0841826708884052,-0.0188701952454474,19.5,0
76208.0,-1.2401610482028,1.14221631157069,1.30905248959254,-1.75271179145403,0.0532692758052376,-0.627752168819608,0.853507273772004,-0.395575181145282,1.47741043822747,1.73259812541972,1.09041046866806,-0.401735307334418,-1.52234464948597,-0.600510036590659,0.161118957020194,0.652994913338463,-1.33683070025864,0.240172891562612,-0.477238031649977,0.796523699828499,-0.397129886800886,-0.355067542636761,-0.119525500124873,-0.0145859032749545,-0.108572536940305,0.667403930100609,0.183160115934092,-0.283527315793182,0.69,0
121098.0,1.91652891406863,0.18047453741299,-1.33446308958086,1.56140636280196,0.202249031438906,-0.605423738792454,0.0600036823690264,-0.0785640951563869,0.428330555255429,-0.174043533871177,0.984694016488448,0.917515369991443,-0.340336567546629,-0.93888879422628,-1.21755046585667,0.0135176712303968,0.583526159792233,0.614469469405218,-0.216609282043663,-0.244125226132199,0.102916390516633,0.578490612717108,-0.0054816199759274,-0.0731235306975544,0.267657637591856,-0.480990839966199,0.0355499288585586,-0.0322775045169768,10.64,0
63014.0,-0.403989322960137,0.46722861266858,-0.735019036493683,-2.29783027780233,1.7698533666372,3.11712123825452,-0.73866313659888,1.28704851659855,-1.6735310345779,-0.356668274288715,-0.0269133934416419,-0.999571575431973,0.138637150336151,-0.750764438319842,0.734971054709887,1.84519286044088,0.621605706904752,-0.506618551099037,1.00328941762007,0.156810880576859,-0.0326418462393155,-0.496817345986227,0.0698228069472382,0.89297038701224,-0.477001137673295,-0.57496431892051,0.0453518719368793,0.115848308337853,8.83,0
120318.0,2.03191923641544,0.54276715095231,-2.46697923469271,1.24827623558029,1.34996133187202,-0.369090309152862,0.599271397620109,-0.197594603471617,-0.212888865688294,-0.21002966285797,0.876881878837626,0.938445923276104,0.427046012875951,-0.97062509266847,-1.07241397286002,0.0637642421322745,0.548561640063349,0.583491808036869,0.0234831001538107,-0.167952457743947,-0.0122864388101451,0.189084912525931,-0.0611745744023977,0.116551639996298,0.537155037155663,-0.513807877498181,0.0004227412757409,-0.0364722928140605,1.0,0
129948.0,-1.36689646401814,0.390165641635767,1.28501804224211,-0.495105245527957,-0.761402206704662,0.683502665657924,0.762320817711595,0.660226508539485,-0.493606934141054,-1.25189257052509,0.723130359071363,0.521949565417629,-0.313907912715584,0.579772159203169,0.409826133623256,0.439720808707414,-0.507346398409514,0.734760305142438,0.491742003482714,0.389774178319575,0.0903455520553796,-0.356042872377874,0.366540250921221,0.628133421043746,0.359698803313468,-0.463341057992187,-0.138824910988644,0.0253716742480848,234.75,0
118801.0,0.209606501532012,-0.0987249261094628,-1.22718731850556,-2.63693818270328,2.11266540904992,3.54035786998037,-0.711074180842046,0.985674646886365,-0.673962753049841,-0.446294498348656,0.234799723237824,-1.08789923881852,-0.113613452032102,-2.07457282544217,0.318522398056266,1.62610197018098,1.15952083674767,-0.455634259924813,-0.144115283887196,0.0916515545995401,0.31040289550183,0.78111143269846,-0.0865552983458575,0.594503366505052,-0.339263525764834,-0.151385921581888,-0.0362603659976204,0.0256638451193853,19.95,0
150234.0,2.0368591705105,-0.107407410331567,-2.12793648522263,0.0531483495892921,0.999723141931307,-0.109115413186986,0.485505748520731,-0.260512977597348,-0.0541185806553927,0.210561516105623,0.25663210021769,1.46990419818172,1.40841845661283,0.265388953325435,-1.19155464843899,-0.151651098184697,-0.74529698767295,-0.198040985173359,0.806971131345938,0.0100911137837536,-0.0046497501633609,0.105059728556614,-0.062377817954893,-0.047035783194834,0.317417894014981,0.552066312352274,-0.105306297951715,-0.0782759274679356,47.57,0
69817.0,-0.597208491288696,0.928721823189362,-0.139676683161347,-1.26167225160704,2.42116984360129,3.34270579958078,0.105852453314833,0.947530626784238,-0.329901446031789,0.0583805658297211,-0.157177187575793,-0.235302691442419,-0.0531405936393337,0.220188952805358,1.05695180791464,0.506907629809885,-0.90050601107613,0.0824574913234084,0.357877945588758,0.345279683930718,-0.31275979873129,-0.924852226562777,-0.033445997061321,0.979170277925019,0.0191212555578109,0.091508963113811,0.374108403376167,0.175779320925584,3.56,0
127163.0,2.10143853569798,-1.64597528211461,-0.756645665333566,-1.60911513126708,-1.32313485584034,-0.154790234920763,-1.25859146092736,-0.0368809574623237,-1.41303580827667,1.66332531723036,0.800595590446936,0.240685487660752,1.04391137908089,-0.472482750828437,-0.793124653887376,-0.24981256026347,0.147058918258342,0.462635493941492,0.0398652885675735,-0.20772903608941,-0.0437896325786973,0.198716457313942,0.215634502359211,0.764414270304244,-0.304748604326166,-0.242026876197168,0.0083451743412486,-0.0330148823006746,88.8,0
117758.0,1.94226510485669,-0.304517180832373,-2.2137706003267,0.0974118912345859,0.599985008160474,-0.12396219573087,-0.0110630449726137,0.0169016592935478,1.0208688048993,-0.670075531632954,-0.156046590085814,-0.0218214145740403,-1.09212409417377,-1.09062701782124,-0.554945970844404,0.576387473943347,0.452272118400308,1.01489574695692,0.847307788702798,-0.0788697088296503,-0.253482727477418,-0.68287183593199,-0.0320509620343987,-1.58799871741059,0.0133629698325175,-0.0206928892897005,-0.028346222249018,-0.0372072793500382,73.42,0
59202.0,-0.858120677947616,1.24776495025635,1.31402567941232,0.0446110355373275,-0.284507707305429,-0.6641746093662,0.323297427860168,0.439914511619792,-0.694672451549175,-0.604193767129722,0.0844076530461772,0.674958278281964,0.713662540577331,0.370861736179635,0.963005073484397,-0.0985489357821887,0.133035844857152,-0.951290040708785,-0.479222365805503,0.0163653446249021,-0.120917730413912,-0.378718177990015,0.109832159786559,0.398701202799921,-0.260581611595369,0.0801572071426587,0.159973758313985,0.0532772400074621,9.93,0
81821.0,-1.12791587792139,-0.89667149614422,3.15841669900663,-1.04714426115189,-1.29814459533096,0.390501909485906,-0.729076554657878,0.457523537358121,-0.21462265999228,-0.389060121161003,0.158735634977595,0.986968263833214,0.0292141168037133,-1.21726358961961,-2.95660058991117,-1.7436298416245,0.396270729120962,1.23762418356316,-0.323876005214257,-0.231882057077293,-0.361288758384257,-0.441365259315017,0.0102893286394128,0.585777025381712,0.138684665644673,0.967962215860306,0.0049958652388521,0.0670639373105208,75.0,0
129082.0,0.412211867026476,-3.64063504225233,-3.7620972741162,-0.183396677464618,-0.574702141380879,-1.08300797187972,1.70098639371729,-0.825110550722194,-1.04449358990305,0.500109460852835,-1.04242736297419,-1.1851342850987,-0.708720233550821,0.802014044337219,-0.268289083188188,0.311339927590412,0.533395144016798,-1.36015595995284,0.528387298308165,1.9203377723891,1.0476445014224,0.789749831063691,-1.07965860202439,0.706882074623314,0.420233884309937,0.174023908922013,-0.292741539672039,0.0822587488768479,1000.0,0
130794.0,0.123498030733108,0.202177994807984,0.714970363056634,-1.70272377098442,-0.200511575252715,-0.217324312278836,0.150614711679113,-0.0225196130837577,1.06449979358332,-1.02129961891863,-1.0419590453685,0.528397152513126,0.88465122242609,-0.610166117977109,0.187163802986642,0.0758449946353985,-0.584301488710192,0.136778072339497,0.0143219969308971,-0.0773180601307528,0.286987991351915,0.993049794410335,-0.101903507316184,0.769039192419847,-0.410366426961871,0.678121277416378,-0.11515189170865,-0.0016686226423912,23.99,0
117239.0,1.69831014111832,-0.448059587360219,-1.84017035721613,0.413185103808445,0.104308454726246,-0.742485237626501,0.258049902455723,-0.191758852161413,0.696606003601957,-0.753434246501339,1.01344810096833,1.16234162805994,0.344013150924503,-1.33041382431896,-0.843585053167315,0.263797556612032,0.69152916006968,0.58151689909615,0.480220465754225,0.184973354061467,-0.115129550875878,-0.429739516753735,-0.0092094804147698,-0.429889325384307,-0.0926354432132679,-0.106660420309348,-0.0372298083259474,-0.0063049968449237,166.36,0
135834.0,1.93459138527342,-0.435593763497406,-1.37271326471226,0.206799150002759,0.336758756423076,0.177631595946416,-0.0905059443608294,-0.0642359780054459,0.471651258006327,0.205031444905832,-0.229830837304262,1.01484438018109,1.02868240089574,0.0914049191156944,-0.425360750423613,0.643751019395636,-1.21060723919712,0.45849994122835,0.638464125395792,0.041276963818066,-0.0181431272015971,-0.0514117963817837,-0.035864094862096,-1.33912096206082,-0.0494490294902691,0.280882177036637,-0.054054535899123,-0.0623072881624752,81.85,0
151468.0,-0.370961971698291,0.097747128506425,0.961351744900127,-1.07961910270102,0.555671016116952,0.199437314054134,0.281246575058229,0.200299415409168,0.570627764954346,-1.04625176938217,-1.66258378920261,-0.324367786214445,-0.216661554902089,-0.153052487380749,0.490179054088543,0.45060751859109,-0.810233165770194,0.119903696208056,0.0749464680691642,0.050453545660576,-0.169665403905087,-0.638803112548046,0.071288599037108,-0.0747109776831382,-0.110543713058675,-0.256423651822168,-0.0018161539834814,0.0248956753837763,49.99,0
155232.0,-0.912040199084126,-0.21997527405335,0.708134753960182,-3.24203466429067,-0.241677690076289,-0.0646526817394759,-0.368601148063904,0.447140778546504,-2.7065786796157,0.348081388884394,-0.586143000326744,-0.618430721836041,0.612631316067191,-0.119427673035377,-1.49645127709182,0.158476963076143,-0.170714851109888,0.801572247738523,0.0113709926808153,-0.353922053292476,-0.127058688403447,-0.213931754575165,-0.487065546771744,-1.11212463065217,0.855709778400146,-0.0741597351497907,-0.110690631962064,-0.0679497463122835,20.0,0
139268.0,-1.50249691217281,0.697860801611547,1.44070099616041,-1.75459349764765,-0.185884883464698,0.517159116702055,-0.0188255586398513,0.340071871658947,-0.786060737215633,1.17214123171607,0.280298008069642,0.138196282577011,0.443964872246918,-0.384103338054724,-0.106420173069063,-0.701081247264536,-0.872549078803795,1.87963297817041,-0.625986472843996,0.100490317234052,-0.654809396078081,-1.17058397533025,-0.139813445781359,0.209554064114194,0.371845184086396,0.137352717369753,0.578921972060214,0.388823774553896,33.0,0
1425.0,1.25957442653963,0.343698093265671,-0.0687569497350761,0.865318115583713,0.387398560128594,-9.836674880503e-05,0.171240677511529,-0.0810490770321048,-0.0700701124449482,-0.0488250651247599,-0.802885587149185,0.370452077284746,0.827712639997383,0.227436759186463,1.15584542026165,-0.0317301539940198,-0.492923734092258,-0.413036706102768,-0.417704112096702,-0.102194214374817,0.0083948487178446,0.14374860247768,-0.182208267877832,-0.735273876100841,0.750371630641662,-0.249071764799478,0.033598780531415,0.0100607834229475,5.0,0
121247.0,1.83899913293896,0.0763216957008687,-0.71431640996022,1.55320043172719,-0.217961449899325,-0.672286731035176,-0.158583649715781,-0.107688689213844,0.689858507160291,-0.389302099314316,-0.354207490343065,0.592202470005572,0.723754780322966,-1.33564228720385,0.512802461278744,0.646770917072192,0.32202532349246,0.15102955686332,-0.696425020615296,-0.0810382265289177,-0.238885788243836,-0.627521231750214,0.323033280974251,-0.176684068605448,-0.393143875807052,-0.984917796709901,0.0667460748408434,0.0117936873646897,56.4,0
42497.0,1.28620873732046,-0.824774245853075,0.829653115339722,-0.85897109655106,-1.1423453894583,0.251987197723958,-1.21333126131036,0.254026257249307,-0.600934316075571,0.735048392073043,1.26342589632468,-0.106833808443645,0.0087743891066347,-0.18885130230247,0.720076918121798,1.492539511339,-0.0204729238907364,-0.665697090520837,0.275401369452703,0.0906266090488078,0.444080682054128,1.19521031566017,-0.133938531118242,-0.258744981962178,0.35458750288816,-0.0176266426536805,0.0455872111223066,0.0107401953428238,24.99,0
127120.0,1.78052980098661,-1.25878760157308,-1.25846276108468,-0.388690207001035,-1.09003057620725,-0.984871058387771,-0.674294853648428,-0.179951564425973,0.0882977910599104,-7.41113740404531e-07,-0.336372396663087,-0.894029425382314,-0.106220357802582,-1.99890867325511,0.433573155405646,1.64209294604748,1.45624400063792,-0.468368394494789,0.0731217050416591,0.371207093188508,0.350976809779989,0.690089598953523,-0.0443219985381007,-0.11043151014107,-0.241824023571444,-0.103021190529196,-0.0038527897803542,0.0189128000129846,199.0,0
171997.0,-1.05068312773023,-0.134008989903908,2.00439949989347,-0.718915440338502,0.99251935171707,-0.0954972348636891,0.210866705645407,-0.0251205477677504,0.243131162242541,-0.762727105312549,-1.30277165713484,-0.167042300353095,0.365060816825759,-0.616609183148421,0.114482198281072,0.239247520582226,-0.722695769312323,0.252929107422399,-0.151459051342549,0.288463562563844,0.183975679574239,0.562661097404416,-0.388503272882271,0.545811807638224,0.65998931023902,0.688710795214053,-0.193749014636991,-0.153191873341096,24.83,0
130762.0,-1.10699808821432,-1.03569780656086,-1.09932812490493,0.833698526704961,-0.773253332281551,2.46650493970261,1.87611407512526,0.767034263511608,-0.277469224316897,-0.957061138781065,0.313738877649366,1.2125098310644,0.433150163182514,0.492593855995434,-0.635564130704397,-0.473684512494425,0.0186536259719516,-0.733374674329289,-0.621222261973975,0.952339745109383,0.370379063319261,0.137507720343217,1.99165776742892,-1.7783084131411,-2.2147698559506,-1.25876171867537,0.164110284539137,0.322312395571157,608.88,0
41751.0,1.03649399525098,0.111472947505569,0.328891854047043,1.20237604378531,-0.290497979361994,-0.651059940008072,0.263853205557848,-0.150388826787888,-0.0939781822409055,-0.0719320945920971,0.167802930081795,0.531362239893265,0.210341248565019,0.398662249850424,1.12655721838728,-0.342001293202038,-0.042744388279047,-0.726038427518484,-0.877321707697648,-0.0189529130578771,0.124246843257045,0.285018781434971,-0.0972231229311215,0.423978669831753,0.553678660112737,-0.327679655350813,0.0185787609194186,0.0336448298244954,77.83,0
46471.0,-4.62446833758553,3.74587126731887,-0.853309854309841,-1.87622362212383,-1.87874734870934,-0.789017402654667,-1.07875533226499,2.06517770047215,1.29509143921139,2.09633743960926,1.25176137280404,1.35226496843552,-0.21073750866966,0.639591885208495,0.100211548762909,0.664570823435134,-0.0144159512089615,-0.369409772356492,-1.18163233918408,1.00964278534562,-0.206171288896319,-0.190599789837083,0.302187783609748,0.199129291316731,0.149730418885025,0.724594886256462,0.467292664281372,0.0688474329551999,3.99,0
141085.0,1.95568406269429,-0.466490815935701,-0.297695739653317,0.30063535553574,-0.560193192644751,0.0070383938157127,-0.723495447678049,0.0905230884194178,0.914512036040563,0.14652473238961,0.600641775289566,1.35562690822091,0.854708722300038,-0.225687234775747,-0.364150352510292,0.514564853132958,-0.836692206484177,0.415039800973315,0.0674503440785208,-0.126084565757765,0.207144834114536,0.827703518380161,0.107949645003981,-0.316660089185877,-0.258500134638196,0.571813125549316,-0.0156294822858629,-0.0588160129616998,11.5,0
121068.0,0.242678264634569,0.532200346318434,-0.0486891956003682,-0.402616411114863,1.25963225237326,0.35457453707297,1.12074665596028,-0.0875506581113485,0.121979816054319,-0.488540782887278,-0.240643519393453,0.0543618592062851,-0.71748247478875,0.366993797670016,0.747470641439643,-1.69593040862819,0.631024274481473,-1.84649294556074,-0.723933901428179,-0.21620414718279,0.0222355556984824,0.46195155758013,0.0719851732883093,-0.983433883122643,-0.81673192841205,-0.405288619393807,0.0067225170348892,-0.131702358630166,15.11,0
53937.0,-2.04260819938332,1.57357807373238,-2.37265243271278,-0.572676430720841,-2.09735276458226,-0.174142123011242,-3.03951978687359,-1.63423295064356,-0.594808638750073,-5.45960189444545,2.37853722491518,-2.33027064686235,-0.24623272486659,-4.05852343611281,-0.316983146603949,-2.52266081131673,-5.60340034818128,-0.778439963776289,0.860211793588662,0.825565985313424,-0.723326195587733,0.501221637302624,-0.696892260580304,-0.600513726439022,0.127547028812739,-0.786072220292301,0.606097322391548,0.171696507911815,261.87,1
123282.0,-0.477059076564421,-0.0747022955330304,0.295795554121646,-2.00303912437515,0.0390794685240245,-0.469560074567106,0.0265372970328997,-0.0292774066391411,-0.827585060247774,-0.460516397052539,1.05599413146291,-0.0859046383474715,0.787760421633663,-2.34879611477965,-1.04783036148694,2.12887786659765,0.681611607622363,0.006375765670791,-0.185221090331613,-0.0656623710512127,0.293379006893226,0.900468950357721,-0.0605451052222226,-0.488425340025917,0.201506999687547,-0.185461817672423,-0.224763533644862,-0.0167206021941427,44.0,0
5680.0,-0.348230275313456,0.397211494606673,2.3494089717125,1.17339607717642,-0.133879151919586,0.454457664341579,-0.226819085138412,0.0541966458854069,1.73578906380816,-0.236501347225622,1.40247548938815,-2.3302219844642,0.698721420911221,1.12676486924786,-0.954594466447617,-0.0426437095559825,0.295419450713229,1.13288214675307,0.779783930078815,-0.0500071025705833,-0.139747380360029,0.105727459711277,-0.144609071437144,-0.0688402280401347,-0.374897929960358,-0.455427013107502,-0.180041450787017,-0.161515183388726,12.99,0
137326.0,1.90532464337074,0.335215742499716,-2.59691144767728,2.72388149216628,3.19469325124863,3.97269664498518,0.0138752904853406,0.815879315013359,-1.29748823465416,1.4791203350894,-0.539066455868028,-0.202875847379066,-0.367124215135348,0.610897970873944,-0.952473767145524,0.24152314531316,-0.589334196391602,-0.918066970598922,-1.40773727878368,-0.201694975369099,-0.0114805769070758,-0.100357990964116,0.118428311329787,0.681762670527886,0.250723963846834,0.0390662434247934,-0.0466641560418795,-0.0633321812065504,25.52,0
45059.0,1.14342658058642,0.235989224603967,-0.076280560684616,1.17764738455166,-0.113111820825022,-0.936324837341793,0.417738118351656,-0.155530931891075,-0.0654752380654149,0.0321416394128828,-0.122584793228231,-0.444651617114948,-1.68211112889054,0.939486834471218,1.09078045449831,-0.524616701315098,0.177180994322404,-0.721368865896391,-0.734342766634893,-0.230650008142866,0.0543074518462794,0.0912719756998374,-0.0863924828190288,0.378940093286384,0.66935447516679,-0.28520970727748,-0.0080103422624006,0.013372066564845,35.9,0
78009.0,0.758644719540495,-0.789840777069244,0.805595503353291,0.499705538831106,-0.807800162815808,0.633092331171492,-0.585876116950088,0.413199562912933,0.378325022856594,-0.0689283223220325,1.6293187966494,0.479160882235125,-1.008053139205,0.487413875864222,1.35014084306055,0.337203337511763,-0.190767482667492,-0.238776851145963,-0.855639626819087,0.14594963523947,0.195070935912888,0.170980859660065,-0.0277956070261172,-0.284782587235039,-0.127083190113311,0.419203636078362,-0.0167998773273653,0.0369153679901879,177.3,0
60014.0,-2.23637582250454,-1.39760556557411,-0.84495168145238,-2.75183130985851,-0.942125185065337,-1.55638681373323,0.294820197634934,0.450834319562211,-0.643866023538881,-1.35060376309967,-0.585374747672611,0.393795827796794,-0.0848730306723906,0.996951182866428,0.766053028922243,-1.80584156979492,0.460171250443439,0.378369437338829,-1.11804265028876,-0.766511086007352,-0.495869190216192,-1.43781892713909,-0.0538217588359,0.0722767707131887,-0.262520641053277,-0.526847416681524,-0.0857022338006765,-0.557710821242429,252.0,0
87893.0,1.34524422668998,-1.43118514274416,-0.606863059666852,1.72884420022324,-0.799972941110331,0.622427365258048,-0.408817344712679,0.192047473181697,1.46038843151431,0.047395958279063,-0.493979777243682,0.756286284090959,-0.863187725188836,-0.232950079171449,-1.94085216563924,-0.131339173023597,-0.401698080380862,0.802402910492938,0.204163706754391,0.283117700038817,0.433994291410683,1.0259299083776,-0.372161830019841,-0.446002012939745,0.194909897196931,-0.3080327146716,0.0101857223239844,-0.0052580558788147,300.0,0
125990.0,2.09241757488248,-0.931314983364646,-1.55308908647939,-1.13136947097926,-0.197801190155509,-0.373116738250839,-0.390387723758395,-0.119016860676543,-0.702380602524314,0.946785893467412,0.652111814645588,-0.0849617374425831,-0.0931724189541352,0.216542682669945,-0.520426279524441,1.25381390172537,-0.175598045985018,-1.12110326477862,1.2009522886255,0.120352990153205,-0.0081829574766379,-0.274004153356934,0.214649519971929,0.257476685323312,-0.193262006248734,-0.458270661035847,-0.0563600834819634,-0.0539277209143852,74.0,0
78314.0,-4.0021734142046,3.47634811472743,-1.80316076276421,0.199784144151639,-0.728981920717785,0.174621476725352,-0.881268202489402,1.61467211214865,0.697444876718653,1.80146473643291,-2.06244383296794,-0.222937799770759,-0.2655700266476,0.957779959439486,1.46608128653094,0.0959083340777903,0.18337975621829,0.193563596875296,0.411187829834836,0.216939637097394,0.132260588474281,0.109061755734219,0.0788983882901317,-1.36443714819887,0.223119703472277,-0.261102445288445,-0.523609830854552,0.336195955654344,2.74,0
69529.0,1.04032907850179,-0.68461600488572,1.31131928011859,0.70429782741603,-1.43286664898601,0.0295234139587406,-0.815918823474541,0.084422970044963,-0.857329758559762,0.805298702358974,1.20733347705098,1.53014401954865,1.58403390104577,-0.415311087702275,-0.43080719132852,-1.11802774978289,-0.404103027149094,1.66520345039709,-0.988980755485094,-0.263410267810893,-0.250648752637724,-0.291313767219265,0.0038316245767423,0.523458486665364,0.223819206854246,-0.440332518905766,0.0801425720599298,0.0539821466878345,99.0,0
26474.0,-3.23741174531245,0.276322431945114,0.887077158445404,-1.39961150894362,-0.0089342660097143,-0.372216778190271,0.840949141941764,-0.323839199892417,1.21208077979027,1.50761215035772,1.66916345573211,0.398328425217659,-0.484927308609735,-0.53289331609765,0.416229917760172,0.499606551814356,-0.891046955360343,-0.445484630386497,-0.66715230821286,-0.680736310901707,-0.52833029580129,0.0752747776518744,0.446445885802195,0.0718342650573813,-0.131823399997549,0.7300570418604,0.27328814487465,0.221317807663782,100.0,0
66379.0,-2.05933883496115,1.71511338377744,1.04565028614178,-1.65618863144238,-0.516940456378245,-0.510032407327795,0.207364561095067,0.518131680210752,0.724137192815371,0.939390890231797,1.57258342522706,0.599801656875801,-0.698975970188246,0.0586784374227705,0.172865998863572,0.405153959789418,-0.518238282243851,-0.365976624917122,-0.98003138799085,0.565563408470909,-0.156673707089024,-0.0637717567810324,0.0490429120351563,0.221171730658606,-0.237978432914151,0.7176380970523,0.507236944452866,0.178095129859932,3.84,0
121898.0,0.226156091087862,0.921554089958959,-0.0835868309714796,-0.136180385005862,1.0517505226761,-0.594875283044403,1.10999393150592,-0.32941763536055,-0.0808294755759707,-0.600034232025475,-0.874006403263765,-0.881988148661081,-0.959988774301941,-0.876066278766042,0.335049973076483,-0.0717415954125032,0.609016230824196,0.0751231993038345,0.801037770702452,0.0068322386745156,-0.292101309983646,-0.615677358416805,0.0632752060950128,0.467711284369413,-1.09995044673377,0.147942986568813,0.0153616440218045,0.022303031532545,0.89,0
72884.0,-4.39331412118361,-4.16209493468737,1.37460217947102,1.68082171800011,5.42023947592697,-3.56581017402374,-2.92734564661828,-0.232565337776359,1.09587403826977,0.694424974176111,-0.753097393681343,0.198934597015417,-0.910389712830747,-0.172433039355342,-0.293478104930812,-0.456381611824005,-0.112562135152424,-1.07969304509487,-0.610537767680209,-2.16305538033912,-0.602782660887176,0.0392777864113788,-1.74494450660423,0.294204766135665,-0.789438355539293,-0.560779466658798,0.973594490276382,-0.506911948414752,2.0,0
139454.0,-1.44499211192123,0.0602250635240172,1.07975355009696,-1.37139577108928,1.00295816984032,2.08012419511154,0.543693942855829,0.689264861023597,0.294989445356831,-0.973665803184205,0.5259732927126,0.345333358639459,-1.05031606018261,0.145272301212261,0.0083858525833172,-0.563009267901923,0.0825176860844822,-1.01828333917543,-0.187797764017473,-0.0248845159656756,-0.379133037302285,-0.954809071827037,-0.0561794962299216,-1.00167877629958,0.223320573941819,-0.197763621444024,0.230818923361088,0.0985566348069492,138.98,0
156850.0,0.450484868347712,-2.91661490808266,-1.2541165968588,1.01369372337897,-1.5624980124062,-0.45635288655503,0.488717042333753,-0.25260225385222,1.40651427974852,-0.556240046252507,-0.880373358670225,0.0731905610168704,-0.504121077478457,0.355973790149635,1.30025285035261,0.240676555907067,-0.54374890014132,0.540390849275898,-0.651852234509008,1.32795692858366,0.705137597911001,0.395831229241926,-0.560210205538179,0.0077411237933374,-0.397300472703965,-0.640984461035311,-0.092733324439708,0.103584659259512,800.0,0
70955.0,1.27737114671938,-0.90027505370802,0.62008216554203,-0.821561041680477,-1.17812230034646,0.105869970733408,-1.04474320491997,0.132182928629218,-0.618408031460415,0.802990386652451,0.362742515664293,0.13954621359986,0.338614812893928,-0.0330146233670005,0.689201523982962,-0.390654854822226,-0.78990728371592,2.20217481666476,-0.46810779487473,-0.332684724978547,-0.193921734565171,-0.198889788606862,-0.0978759356616755,-0.461428769369843,0.127916016103343,1.13726082467634,-0.0370633146060785,0.009259150531348,56.0,0
54485.0,1.04421624688652,0.0077658447935637,0.196878305533618,0.945980079869232,0.0059428910223793,0.280362086448946,-0.0837806907639325,0.25846841790233,-0.0881696148028464,0.117472449663509,1.5315384651749,0.34616673086639,-1.45016185005769,0.915652855268238,0.875780220529628,-0.278576926019355,-0.0367751750313247,-0.392222614104678,-0.807775588921692,-0.209569763199121,0.141615748264769,0.343229905642019,-0.066521740627528,-0.309051117540053,0.451901266387711,-0.285918209953769,0.0276904639806137,0.0067512909100057,40.0,0
29327.0,1.19269970706369,0.2724508235569,0.168372350732322,0.447151544114303,0.0665707021860274,-0.0808691662359816,-0.074672739009233,0.0812939437388707,-0.265808833303573,-0.168807007495932,1.62447018600832,1.10186034253429,0.557918624363087,-0.157576417655637,0.627947365682972,0.460631159751347,-0.118753878773115,-0.191898071859112,-0.146117253574918,-0.0655038364648161,-0.225231534653983,-0.632813076870229,0.100822431075954,-0.33798118153908,0.16965210374321,0.125707382056997,-0.0084552363203487,0.0148007488781434,2.28,0
31359.0,1.31836895090284,-1.45596981272226,0.82780647340043,-1.15579162406002,-2.24344608809988,-1.00527753424619,-1.26319780711024,-0.0786036920232786,-1.35094342760735,1.44270102906718,-0.534045173844827,-1.76818169594377,-1.28282046753161,-0.0966006241215171,1.02706587445514,-0.148367797941124,0.598858758647453,0.441474642468136,-0.577948025338678,-0.28249059144662,-0.0112445494029575,0.108340704477005,-0.009050021832946,0.670454133358339,0.205640841924549,-0.126431721173088,0.0250939490498989,0.0408079154159848,93.0,0
42630.0,1.0766151374345,-0.0068564517432998,1.35791565596662,1.14110847483799,-0.75068778621407,0.387640486339587,-0.678576954838199,0.300445318282108,0.379781073673518,-0.0410994570893327,1.5591479873746,1.5992329889042,0.639407968731321,-0.144013412394491,0.0836290748610567,0.0829833236965981,-0.342881155576771,-0.0335643385303734,-0.512488369636076,-0.125353788939901,0.0904004383199555,0.456808950524083,0.035126698002628,0.237057180467491,0.285677671601149,-0.401754945845768,0.0880059359380406,0.0276777755823072,1.18,0
47725.0,-0.766520642928935,0.975134062800427,0.950619298891538,1.10300124656709,0.566016693504845,1.94677846341924,0.0087741321501294,1.04110227369033,-0.919332455910617,-0.503093007368669,1.74518170920721,1.64349833766372,0.431149742591698,0.53113239796421,0.201376611225752,-1.89252443988501,1.4200707101663,-1.70590482159427,-0.182850926542019,-0.145579985568914,0.234865810644327,0.890034096599685,0.0690814810174132,-0.989211855214818,-0.567354970679558,-0.194737351224179,0.13600023424524,0.0840776541029192,28.88,0
59777.0,-0.648111942337018,0.417961821783315,1.37705372552314,-1.20971438424031,0.0395312849248888,-0.598933804693362,0.724930811039147,0.0811222446457708,-0.400447650307755,-0.680929885325314,0.687057779854054,-0.164825310614721,-1.267353185064,0.505028155326599,-0.173293538629296,0.883703847464268,-0.94567906436886,0.358092094527509,-0.269501970841276,-0.0401567027857892,0.0242430353522422,-0.212063491899453,-0.0145716651269223,0.0146400594330271,-0.316904284142738,0.704378232406422,-0.0269000637494563,0.098337434886348,54.34,0
43868.0,-3.12800208817632,-0.92298711581649,1.0359974407141,2.12414655549205,0.334818446898432,-0.147921867713965,-0.611111951458399,0.829814911261664,-0.649176374940798,0.0547317124834242,-0.0190185159288784,0.79155203442705,0.111469772716067,0.156933682478608,-1.67760384560996,1.17768915707283,-0.77794220756427,0.586646951507829,-1.04966878556196,-0.278215066684309,0.279687086978421,0.471155105178826,-0.936303970508381,0.110328537064886,-0.399089451011261,-0.153773698549281,-0.300098584560295,-0.660282725627528,45.6,0
143180.0,2.03454586723198,-0.312700354596196,-3.12886545989497,-0.640646080211352,2.73474468601804,3.11981826489378,-0.0747793011174198,0.647926373203632,0.436553438929078,-0.0526023051231189,-0.1371777653317,0.451845465937242,-0.376642148276978,0.688976486281506,0.109256365144943,-0.879391506698435,-0.169773433213197,-0.75486767564556,0.104034960700894,-0.163363663514546,0.0032833371225441,0.102775562211286,0.0589390972947629,0.728937376734115,0.392804603726343,-0.201450757302538,-0.0198876499539831,-0.070510779086402,19.98,0
2923.0,-0.145408169153188,-0.223494076300164,0.989613758085541,-1.61794400775772,-0.90675054037378,-0.517113259072965,0.0565663533653126,-0.163399652605034,-2.58101615075819,1.27187380053687,-0.41871135098819,-1.52233464937775,-0.454412995272116,0.0305339099480464,0.819332848213136,-1.18990225670272,1.17399078638448,-0.655925166529913,0.487524432158077,-0.315990429075996,-0.410096444790708,-0.874352244547961,0.229494751770603,-0.0055710797321323,-0.811642117233583,-0.513423230489399,0.067896908101925,0.151185819339043,59.95,0
34348.0,1.42725867545088,-0.365306505052874,0.110894369103749,-0.531352646565078,-0.765857878147196,-1.07570887142771,-0.214014921345545,-0.345328339515866,-0.890878102695239,0.556648486781986,-0.341918595697138,-0.022521625439656,0.883703285491281,-0.375139749610409,-0.328768108436481,0.482829879082239,0.571502352778538,-1.77200649580636,0.808697643224824,0.100682092717692,0.160049087102806,0.562262766068767,-0.173919717725196,0.474107659561497,0.818892790237483,-0.0683948716180542,-0.0034459145181726,0.005764149193089,10.0,0
113699.0,1.71083233563724,-1.26885312750339,-0.434118481763821,-1.49219162901492,-0.726370193230698,0.592228307734283,-0.962189999436126,0.337895539816157,2.40964972251622,-1.17046118407407,0.0271891340117446,1.14653226020357,0.270342756022365,-0.127216504184603,2.23266147203844,-1.08876364150961,0.460389770553031,-1.19130841575701,-0.627477820388922,-0.0779766043701655,0.190895159148251,0.71861117722472,0.25995233931048,-1.0041262976277,-0.625527408290819,-0.257346266250085,0.0886002904944228,-0.0274588620424766,103.42,0
80193.0,1.36680956642625,-1.21735967112101,0.441456646491161,-2.90071916830082,-1.19950899271873,0.333528386132235,-1.22936545013492,0.238691958726697,1.27163961415848,-0.763519626072175,0.563307505568461,1.49728039418179,0.691206052183455,-0.320532580651791,0.637015499734327,-2.39844877234339,0.0968934452572762,1.76318494793385,0.726278440934151,-0.488327976900634,-0.380225386853012,-0.232727017475515,-0.0780895324375155,-0.832406054744208,0.500994204558689,-0.72395622327083,0.15025831812677,0.0160010181027547,0.58,0
79650.0,-0.404516868459387,0.804248027491849,1.16797589552962,-0.295824474317263,1.05136010367059,-0.144761207429954,1.07210019233234,-0.201944166029354,-0.195102687476986,-0.468995015684912,-1.93253070562432,-1.23229682951645,-0.985235131742879,0.138255104237896,0.596301981507069,0.613427969948379,-1.20680599624045,0.484175879588193,-0.387273481896766,-0.0747264550055338,-0.0893230058552476,-0.214001483399472,-0.552136553069111,-1.04938769051521,0.898295215625992,-0.347707547640153,-0.21405909027196,-0.265050608528462,10.6,0
163683.0,1.97356339158008,-1.57749565955103,0.133114832750111,-0.626635153629724,-1.62442129141718,0.526240593323717,-1.60737996504558,0.24970245672359,1.07370273113659,0.440807731056225,-1.6823688884439,0.378225487140301,0.426341335751179,-1.1263405967512,-0.986440809810476,-1.50709795903244,0.281389287457488,0.846946726072137,-0.376436875024448,-0.439860734911762,-0.452047350639829,-0.56188476421239,0.368136850484542,0.653524990745512,-0.71710013740944,1.13097400461533,-0.0201397079208862,-0.02951078483782,63.98,0
134275.0,2.00826095410817,0.147239894760733,-1.74365115486472,1.18584897336489,0.658762128927594,-0.600166330922984,0.523581418325337,-0.236817148964845,-0.0017471947078522,0.431887598560225,0.336775299034365,0.779057363503883,-0.469919704525741,0.745416044172356,-1.1684943767803,-0.417263182750136,-0.511330532434956,-0.0108765446816113,0.216627030695861,-0.284394674344276,0.0749116423679188,0.396038064716753,-0.0637657117218979,-0.46565490929271,0.473650243839372,-0.481849042878619,-0.020788239310859,-0.0761671948903622,11.42,0
150739.0,-0.865525495404455,0.765737914104163,-0.963221201286411,1.15297148014498,1.48148085280054,-1.80637253640669,0.880072808012246,-0.0213401681234202,-1.18173929270226,0.0135585353159961,-0.934411822643809,0.406347303517772,0.74661586433891,1.03435829774927,0.160573489320394,-0.875133181141075,0.0183902052448793,-0.153004639842036,0.512194419510897,0.232630925671514,0.411014758458285,1.03399631277239,-0.205121467864308,0.0983018726396391,-0.295960711757913,-0.39719002611979,0.376232780916424,0.0896251727577567,3.6,0
145358.0,2.08485226672681,-0.627819898643184,-0.70802435490208,-0.859381541791235,-0.646276392244461,-0.522006086098013,-0.720423560157656,-0.0189509049258545,1.6484171273692,-0.359565789202896,-0.972632328300276,0.015416367166316,-0.312286505638894,0.0132292123320694,1.29199278142389,0.346238980555323,-0.579682365315261,0.242535682046947,0.164690964030337,-0.175093967945937,0.148398209634879,0.561152386405371,0.203097774742424,0.632438994142863,-0.308822778344939,0.684106188898445,-0.0452868681123923,-0.049205737005453,1.0,0
2893.0,-1.6222096836888,-0.453055029237509,0.95003383175173,-0.278591685495528,1.43037470233583,-1.3674080319665,0.144984644450286,-0.121981416514636,0.215440409618757,0.155358350062684,0.876819561503723,-0.349147266486022,-1.5999160859451,-0.219564770051131,-0.0260093543206314,0.948501952708049,-0.729164496637057,0.551174947401227,-0.35123466724062,-0.302027491984252,-0.290536638257775,-0.536618894811569,0.285657631583529,-0.0875826511763576,-0.826208414669598,-0.198807810739028,0.0125482446963647,0.157742801130658,1.78,0
132127.0,0.0549845268890148,0.697805695131686,0.488924391205462,-0.157752179794293,1.1406673632149,-0.411273236953244,1.08076482180977,-0.433025630590103,-0.356985332007801,-0.185644489524332,-1.26893358381504,0.135363014971046,0.996673038236409,-0.137794481038466,0.280595931644115,-0.535845983191943,-0.331461808751464,-0.534061631086001,1.37063179766644,0.170860847374848,-0.250656185460364,-0.42127925595808,-0.0874811742357024,-0.736499856316164,-0.705453051394763,0.313248975215397,-0.0193236141725963,-0.0422815937728043,1.98,0
79440.0,1.24600302762076,-0.428732011104734,0.887788876974502,-0.714211564276833,-1.3091450437273,-0.851738664384197,-0.6476591787704,0.02960370830109,1.98897844449077,-1.04732302795598,-0.626750114247836,0.152575736424357,-1.1481289498032,0.0715674334030245,1.39357818444031,-0.390715817595126,-0.0814315839156103,0.323373285893544,0.563299367722872,-0.196690377553054,-0.0250408810342076,0.123722685448042,-0.0223273809364786,0.379214539915371,0.462678604428375,-0.682893261161663,0.086412105302317,0.0329221078560051,1.0,0
35390.0,1.23713334562931,0.263876366394402,0.18047845896932,0.504362259578626,-0.193538848019585,-0.571388873390561,-0.0544971279417683,-0.0099235947452221,-0.136285816412029,-0.0998411329988155,1.26191952479343,0.575197271535574,-0.252724618172808,-0.0208920875120374,0.466962052195604,0.791807724681267,-0.34959834890414,0.358582688178783,0.218064982791515,-0.0889662071698869,-0.262982034437053,-0.814621177322603,0.0821787776064203,-0.0493139123155766,0.214712146836579,0.0988784943762089,-0.0301784635845424,0.0162597431594992,1.29,0
114789.0,2.05742590420077,-0.157691265768727,-1.12355151770653,0.405414252388049,-0.197283723544364,-1.12054442390202,0.0779734601226021,-0.228752316435576,0.747093086430559,0.104146333386658,-0.981468441146848,-0.275111576489642,-1.26336243043915,0.542705379689847,0.239105190778124,-0.0805769024660072,-0.180967086314627,-0.771688523123445,0.109808769896794,-0.313994163376161,-0.303379260536813,-0.797837518925406,0.354268082675799,-0.120359810836224,-0.349241181544576,0.209907882562586,-0.0763835181412204,-0.0640808790481356,1.79,0
118278.0,-2.4057890062451,2.91982355942508,-2.30678439634694,-1.57300405231407,0.364928369283326,-1.38318773132243,0.890008333108193,0.583490410686015,0.421053775725559,1.58148386507777,0.505200592361982,1.04373402381858,0.182120071497057,0.871926940747944,-0.806993103823396,-0.402376052030201,-0.496318990156338,0.0308557860138336,-0.0163269110963277,0.678714747354619,0.10423865888949,0.900924779219764,-0.129268485628537,-0.36245487723358,0.0816023429847312,0.0752169082690141,0.431459986720548,0.0385105813032055,3.7,0
122948.0,2.01308439037932,-0.168618497324586,-1.02488252402605,0.331610811200545,-0.219465978389448,-0.966261741606027,0.0157257961727259,-0.137365034805217,0.425786073941019,0.271406936729009,0.871671335141461,0.630202614142808,-1.02947445986785,0.67499220773892,-0.558440172863853,0.110520831080454,-0.44823243497299,-0.283017642553116,0.40737454745935,-0.280963870310668,-0.243154342043378,-0.650466487326816,0.351653793313356,0.0502637008864898,-0.37432943615455,0.176072620085214,-0.0808214008190467,-0.0713886699874824,1.29,0
38875.0,1.06187308365315,0.312569390593558,0.744213062351675,2.67042697406933,-0.134297524499868,0.220044215264359,-0.0021159685548833,0.100917158190752,-0.321546876311889,0.487133949308521,-0.711238020745174,0.136552645562624,-0.338342847621531,0.0159038599861655,-0.426118840178857,-0.0990440420266347,0.0868838534102933,-1.08515399531733,-0.951462927746022,-0.157600824232624,-0.180054107996172,-0.437900710280676,0.0278678581308102,0.0658279116511186,0.401519861906993,-0.0645518444560955,0.0113317029843694,0.0238095528874471,34.97,0
2474.0,-1.04720142953554,0.180058169986812,1.6118864877855,0.246979425940042,1.0409702274065,-1.44377924240482,0.376575049938673,-0.067665046633308,-0.462695750159545,-0.599160424281812,-0.514968517897343,0.35524228356712,0.490550003549597,0.137948918372559,0.297674876306757,0.342595056149139,-0.776959935750192,-0.277404608081236,-0.867912188800139,0.0883688223100705,-0.0297773349050925,-0.394925823306867,0.164845768002634,0.346327488702264,-0.330803117301243,-0.85588648711811,0.113237078256886,0.17818854850286,9.99,0
164622.0,-0.826742229782663,0.830556765353308,-0.607170402159488,-1.37790808053077,0.910232201309474,-0.789128568593171,0.733803793967893,0.432217912980413,-0.0873567965562763,-1.97410872665977,0.713437665122803,0.939040023820119,-0.148092143086908,-1.11932843228362,-2.05831232365937,0.731105899884678,0.407157095618961,0.590530580751407,-0.94283006028988,-0.219837899740395,0.0161030506520626,-0.130056943732736,0.0829726198008665,0.635761026601483,-0.594739630183122,-0.477549862330192,0.0447256181818233,0.142461244221663,39.19,0
133035.0,2.02206058690165,-1.76387511263629,-0.817261152236991,-1.57314906394329,-1.33375130008895,-0.210940944546421,-1.12068156106733,-0.12660671684749,-1.47059316868546,1.6229940846,0.586113883206981,0.487523017772376,1.71662747329079,-0.58936370938393,-0.819739778949514,-0.232058911526311,0.0364758523592251,0.413363932022736,0.100279416640169,-0.0952218158362272,-0.0249493313768598,0.224781206075509,0.0839049580380766,-0.445308444276849,-0.277327575951289,-0.182879520135723,0.0110245228311496,-0.0354841957953556,136.0,0
124730.0,2.29657949531533,-1.58686897479464,-2.35178942989794,-2.60436638432389,1.1758854702155,3.42941600905607,-1.63563263394291,0.800972990955337,-1.40268538185921,1.59832524268271,-0.219574454913722,-0.722842596167514,0.31365691150488,-0.207321616442166,0.186471623861351,-0.709364814901082,0.435399484557793,-0.289080958231954,-0.256616302247105,-0.37422478975318,-0.173025200970765,-0.0706514588718694,0.272543707492156,0.686638134100328,-0.126418765291364,-0.139768476769628,0.0296065596355249,-0.0586017844870177,10.0,0
108826.0,1.95316288997943,-0.236545078480635,-0.271625070390475,0.353976788320469,-0.399806551866931,-0.196062354075508,-0.646108853556863,0.0054883514501846,2.3708231544106,-0.439557241524786,1.68221690393407,-1.40461991635661,1.69210419528144,1.69387961740914,-0.300028720565252,0.426852978717238,-0.237524532672929,0.800972343766535,-0.0119168805825282,-0.254010653363967,-0.227005738223799,-0.31679073030847,0.310230176729089,-0.515452325705035,-0.395529147971337,-0.957754216650497,0.0296559843703796,-0.045619624421677,11.27,0
45189.0,1.47774555564672,-1.14258211709301,0.698194431312557,-1.50866535890739,-1.62937976601448,-0.290118761666965,-1.36811055535678,0.0324676579557064,-1.82003138364509,1.59857001880103,0.87082989107921,-0.373116716879869,0.47757105511056,-0.304730750731748,0.173460711002561,0.148091555106414,0.0062712095431083,0.921746335175351,-0.0260150381826655,-0.301224165034613,-0.031342421842388,0.284357278020899,-0.0534587876230477,0.0001098954804239,0.351945516233494,-0.100296169695421,0.0469264721080651,0.013755873356736,13.0,0
92530.0,-0.298537861645288,0.80532537384561,0.0180651706654775,-0.573635051313167,1.29756917614155,-0.241566324022951,0.650480992977629,0.117130252622078,1.07041411436861,-1.28535821354959,1.1680741143923,-3.53224965373619,-1.06273891529355,1.22341232152631,-1.31334271538635,0.590044334396497,0.967932335937363,0.966947752708394,0.11038724867016,-0.237094171537635,-0.394531664775159,-1.06104491244617,0.0081898208923592,-0.004748505415749,-0.665545663289071,0.0810582677714392,0.0582964098451535,0.173507348092461,3.27,0
65603.0,1.39923544523292,-0.747975787104622,-1.79449341933926,-1.78339671809007,1.79353207997727,2.92304956571308,-0.598482875376566,0.593720045677343,-1.23548768764862,0.71766071885553,-0.0269544953529306,-0.790254509124521,0.0944607985392028,0.222716263095848,0.617833763214816,1.07518090929208,-0.0977117042291791,-1.07426550686102,0.959648959771805,0.296940127721157,0.216076844323845,0.302210995919034,-0.270500974875573,1.05669345937475,0.954119210193951,-0.0297447837318845,-0.0327081979273779,0.0046535119785738,66.0,0
155713.0,-3.53286995025659,-4.18620265578408,-0.253805309441358,1.13168087839047,4.60279541518748,-3.99313800203243,-1.34478145998525,-0.0369398840036046,-0.0847451055403822,-0.829055757566263,-0.458522762818521,0.452106138909072,0.982831719537657,-0.715759380202756,0.768871588839186,-0.135504036102277,0.488563017907577,0.833043727250647,-0.0999120278073057,1.60821092224927,0.837761261894991,0.874264180123261,1.07471808391229,-0.0278234074094443,-0.13084171473983,-0.164118713458885,-0.0017920925668261,0.348428856157886,199.66,0
58759.0,1.1794412613784,-1.2057657932923,1.11195611410429,-0.733482943373978,-1.79008335485759,-0.0238443459688772,-1.4509251207507,0.288406569355927,-0.149657693086077,0.767985204014989,0.756377374647916,-0.988229944273275,-1.39349901977881,-0.0766906524943546,0.844392208081954,2.0909139064699,-0.317867756070641,0.201948533949373,0.503861311846919,0.167975512353454,0.492194609997729,1.08401075122433,-0.182865023208781,0.0092172768432528,0.24006920647299,-0.0421071615857574,0.0270649459842644,0.0295894396620104,90.0,0
69685.0,1.29690358359017,0.137060731854579,-1.49066427667878,-0.0548329098970877,2.39039480296951,3.19068172623414,-0.189322032165895,0.710106521882428,-0.268003747800112,0.0788003047851012,-0.152807724555669,0.0360301597505658,-0.0727051939446949,0.615269207194476,0.964594006440064,0.245434717383378,-0.858149419731767,0.140217489733706,0.0878755434111506,-0.0095834348474841,-0.0781427097564102,-0.348607518009439,-0.136448745303811,1.00023602855787,0.88530190512022,-0.343514944108828,0.004397173375478,0.0113100104470599,11.83,0
63809.0,-1.25572349693024,0.541494960550966,2.05656282057543,1.75213620743801,-0.33933206608294,0.593659443044776,-0.552435153345699,0.860263944222186,0.413378984979834,-0.660277919780344,-1.27538780312794,0.927223189178765,0.0584448448390508,-0.5110970241248,-1.39447407214555,-1.53857466756497,1.32662279112235,-1.04371111552744,1.28702957050394,0.157789637970026,-0.292743214447076,-0.509922628178744,-0.048389358032646,0.0978067948656884,-0.0253924985291478,-0.373438985218324,0.332446105969155,0.0493263952690802,3.42,0
46179.0,1.30966562136562,0.257784096191089,0.165986329950544,0.41979366278814,-0.0136512847296469,-0.487278174831373,0.0943610733626059,-0.188527144591386,0.0029274486405432,-0.0862935951857506,-0.855708291856381,0.438631853818122,1.11582216584837,0.0600621264644516,1.02316133535274,0.518249936869522,-0.765772869235844,-0.34669965402039,0.191589891121897,-0.0127239644245492,-0.301982200000487,-0.849496629686723,0.020783351621526,-0.429911519936787,0.349941905494936,0.143265215888383,-0.0270029531045532,0.0129749289864775,7.18,0
162904.0,2.07710137232185,-1.21520670557087,-0.332723594577614,-0.708937288549258,-1.41038594161145,-0.608636035660982,-1.14721952585923,-0.0706443565314173,0.405299113187623,0.696988427916765,-1.1134182549284,-0.683736547422074,-0.10484093364968,-0.581464240404105,0.11548681127375,1.23444393159216,0.124206678800759,-0.941995352688796,0.469024905112515,0.0320551477306599,0.386277382412072,1.14233137772422,0.0654024557281437,-0.0696878140687554,-0.165900137184394,-0.0308177885439286,0.0138535763551465,-0.0401580167356618,53.0,0
123485.0,2.19835748218112,-0.264943443928783,-2.61885530876215,-1.88120163623556,0.71409744878641,-1.27710732224084,0.618810123446503,-0.479410752660763,0.882100104516907,-0.589825664090149,0.412400855353193,1.10658309595448,0.270814939666156,0.908631921591636,0.298308853722632,-0.664428157926592,-0.717620612755274,0.348481479756907,1.50039375092,-0.15256914266026,0.101536766711709,0.479428077870493,-0.176843143070513,-0.964594729999329,0.559400096047716,-0.0341515263305836,-0.0621943908900612,-0.0956886326890194,8.8,0
35285.0,-0.587977861370115,1.02026195256341,1.40030608007691,0.663259544066131,0.640669673312539,-0.188656549053997,0.939425378220685,-0.13462475864484,-0.932301357872643,-0.415404423904437,-1.0701271556765,-0.0183721248126263,1.01579031722729,0.115211074606568,1.1181990242181,-0.126460913788755,-0.477113078528773,0.290334982890661,0.82524093529442,0.231319869343728,0.0700035938031864,0.172394425367149,-0.398208968105803,-0.416498355290048,0.673462452588564,-0.147244922915956,0.0610817533682636,0.0728669259732138,38.21,0
76555.0,-1.06268710157975,-0.971376876038665,1.08195345688746,-2.60908374121658,2.19034089831066,3.37102818269693,-1.38331948042282,1.16475716385901,-0.857993858990339,-0.143389332239177,-0.55710323379135,-0.919216725238425,0.0792376267168486,-0.689377248245654,0.0081972744121901,1.62842242284836,-0.37813744702353,-0.464025566149098,0.378007678377987,0.395993392697254,0.362244948914327,0.6611922818654,-0.308032676253759,1.04263612203235,0.655397256675866,-0.11013708485636,0.0441088778616896,0.0740135692771328,6.0,0
48404.0,-2.55054126946246,-0.641827507043953,1.69132842776947,-2.76179078073851,-0.247366687146926,-1.32373878948955,-0.646379980248706,0.710151861968444,1.36610349285047,-1.68290729174335,0.798807378698613,1.16090181510242,-0.531827952192988,0.0837235840338872,-0.456435819559516,0.494037596835989,-0.736800833665418,0.716975820014405,-0.623469341128998,0.0814068021069351,0.196470897065812,0.470033089958923,-0.554209324830568,0.393516555857159,0.669415671722169,-0.0739283822478715,0.311515653041397,-0.0209279367104162,21.49,0
40674.0,-0.246513220608433,0.861245480393681,1.89056262350281,1.37382451460009,0.172463095264728,0.0017622002881514,0.606327896091276,-0.124764867605969,-0.510219403078571,0.13500735188429,-0.214030014295827,-0.61630680245775,-0.732923267589002,0.300521832669435,2.09419534852427,-0.924972873716818,0.396990013992443,-0.145419544532968,1.09754562455468,0.165657360317679,0.0277951139683246,0.298056144450066,-0.186671849010146,0.0671532902219798,-0.16890407722186,-0.185869467529244,-0.0049444547741125,-0.10274282297791,11.01,0
130320.0,-0.771482245242132,-0.305840552637633,0.486807393033438,0.754730665059506,1.65717249301763,0.53263600651241,-0.0364819457759726,0.335353834228204,0.0937161756534524,-0.252071257180145,-0.488675614143888,0.495018657443251,0.383644069996189,0.0283062705300548,0.829295061195676,-1.03394286547954,0.307293502397795,-1.34213598011897,-1.26001184652406,-0.23982106231033,0.252373545273124,0.976089921708461,0.467340679601044,-1.13913796537072,-0.746128488427453,-0.608023675434872,0.0992131918039202,0.188309890191141,4.9,0
129025.0,2.01288227919825,-0.224174735794591,-0.528387521224965,0.257739247701545,-0.171965298941276,-0.0429916897547279,-0.453357442593245,-0.0135276169067004,1.11290168284479,-0.210836469274381,-0.864564525834178,1.01645518993083,1.32024306506704,-0.294413966743327,0.639030148401449,0.198821406336014,-0.69138671560862,-0.286987895841866,-0.0231415804471093,-0.123731621763595,-0.188985366412997,-0.360458920152638,0.364158063376938,0.399196806903914,-0.342519248167375,-0.637266502497706,0.0409287354927322,-0.0252753437755826,4.99,0
79541.0,1.16664175099714,-0.379039417717421,1.0806096381331,0.689520050151676,-1.0762330348372,0.155841880219436,-0.898491005944106,0.375932048915892,1.04958228691935,-0.0003934691601694,0.267572264116863,-0.2287437006294,-2.32865789538398,0.235721132274109,-0.219166856841758,0.566249120173914,-0.412472445204399,0.655658356129476,0.391740011817407,-0.235533977717798,-0.0909764308237323,-0.209688186864274,0.0089678194789264,-0.0181699095624152,0.190725283566093,0.32784101973773,-0.0020938658579365,0.0081676474582681,5.67,0
77482.0,-0.671919641178549,1.01102243386349,0.949177423761453,-0.123689202969246,-0.225940861806509,-0.384856041163479,0.329317035195095,0.463998631156665,-0.835672209580918,-0.532068915568865,0.705826598558565,0.50804783396499,-0.16852534381439,0.725098611464904,0.0850138713030676,0.588635081070634,-0.608968319259392,0.523135969409397,0.362078720197715,-0.0957210939293443,0.112424428929074,0.0866944662532475,0.0270967385823271,-0.0008471162157094,-0.507301369508952,0.153475889752674,-0.0261407326649881,0.0836014782340685,35.0,0
118371.0,1.31233210249772,-1.67667795840178,-0.170341363652564,0.820973409180226,-1.53044703620948,-0.0101091194062555,-0.740197908517116,0.272723290934659,1.47786504605233,0.0883200261310108,0.4316176140522,-0.181195996925384,-2.39739933220183,0.413770682934491,0.15850199753898,0.807508122863871,-0.597155070523686,0.756901263459074,-0.213698858053101,0.260217198849268,0.226544426984485,0.0040169447605054,0.0781775352898716,-0.02361135590802,-0.775298247250336,0.131865067236638,-0.0625219253441937,0.0037093432687438,312.0,0
69933.0,-0.0989090577432006,-3.17108349152482,0.811515153920419,0.195827330340028,-2.30221104063193,0.89174227117387,-0.609492632443187,0.207776086375803,0.0233398499592656,0.0877376667642905,1.21518933979148,1.14526158562922,0.801478796405293,-0.985187793222456,-1.58714745478679,0.520419372871383,0.897086156699162,-1.40827085466408,0.593012460532401,1.45169373450794,0.605009316125058,0.520907847562168,-0.625448273080329,0.336280409037025,0.0902396391021998,-0.193970343170474,-0.0365239508264118,0.135681671240067,689.84,0
49295.0,-0.438720293069772,1.83609951703543,-3.01226890335821,1.73358525708256,0.434278220654986,-1.69029988285741,0.39370238162692,0.5537833894854,-0.454336923151852,-1.36743859575112,0.0210092696851461,-0.457513903086063,0.0940103940717382,-2.99129847113378,1.09473680006955,1.2560071869676,2.9606966706568,1.73806693376521,-0.268428672684809,0.0237283416460158,-0.137694966144045,-0.336804508738068,0.0621378684298617,-0.446933307036446,-0.314817620860912,-0.361330719209688,0.223332777369951,-0.188485807492061,89.99,0
82588.0,-0.84258802662576,-0.487382459662334,1.10335826776168,0.484347125899552,2.07900434768027,-0.259072202957782,-0.176507307839668,-0.0284709678160903,-0.294665000508254,0.0783119007163772,-1.26076874228451,-0.288725228492758,0.678246716416788,-0.0077985773005324,1.71693953953192,-0.189556214573733,-0.388345115301864,-0.238024374477352,1.16467484384158,0.490511629442188,-0.137373329869884,-0.518384934878318,0.121998373227727,-1.32632927969256,-0.653962043025284,0.218305173168841,-0.0477397444265588,-0.0466971436557907,0.89,0
62283.0,-10.3956402992292,1.60315906206145,-4.66342649396946,1.36918490202526,-4.11004829729689,0.25707796106452,0.486895247844793,2.04000134551069,2.56254654514497,5.27016227887576,1.32842594930375,1.39315064230762,0.279921855498555,0.612993173700984,1.50866902924831,0.413213670114762,0.407352830730795,0.0016546774814997,0.0172454194972637,0.422403068824508,-0.996694144927072,0.07882908291034,-1.7458349070759,0.174592085944513,0.558241645897647,-0.284719522520145,0.483081139492603,1.06621521052042,250.0,0
7267.0,1.07204413002939,-0.163932740163838,-1.16455068058161,0.360126871746312,2.15778350879008,3.47124156618319,-0.390584334636175,0.689343105685375,1.12458398061363,-0.297901478952301,0.758445504684772,-2.50236188593791,1.66279653033166,1.92738498374372,0.40050426593796,0.461228279760408,-0.237404587007697,0.670989113893321,-0.342121253465802,0.172096479016093,-0.064243740435934,-0.297498096619576,-0.233749618398361,0.952409830586593,0.768498799322867,-0.316188955159933,-0.0276391507978518,0.0287427796232015,118.4,0
161372.0,-4.61923884526304,-0.216990477726261,0.330537718904349,-0.355105585346183,-0.0182820381379327,-0.270036885523702,-0.464505194829105,0.837635547903282,0.458171350273078,-0.168176663750926,0.587963854571664,0.970456546309176,0.0694778685310227,0.261202063012773,0.0175695925495111,0.728696129861171,-0.593030474797932,0.45027068759649,0.573220635623733,-1.81524985597194,-0.524153441888168,-0.207982940366321,0.958637972820709,0.752047702910515,0.652817602372718,-0.626904017280664,-1.66147403077547,-0.589246313910641,4.75,0
158250.0,1.88156815325133,-0.398037092679388,-0.886895095620661,0.919684800159653,0.227204096364701,0.85623248533076,-0.517426656030384,0.306513164133735,0.792752658040868,0.321434028056971,-0.296912647701902,0.227342680811281,-0.747181717525765,0.348359461502511,-0.0057848108948639,0.871247620121478,-1.20382845349788,0.703610182429467,0.208013774482268,-0.136849906575042,-0.213268435430994,-0.728929770901584,0.247233941915594,-0.514537346734913,-0.318335204570246,-0.964714908754996,0.029853005346076,-0.0321312928362632,61.4,0
41463.0,1.12423385878323,0.126732143852892,0.124941848792793,0.545044581874964,-0.102363216047249,-0.485340163506235,0.201921812791505,-0.0584620501940567,-0.42021917072605,0.0852122499780825,1.83036254334465,1.16382009189558,0.135299604013835,0.612435220321959,0.305719500141134,-0.162370436508165,-0.198145268511846,-0.529190606455101,-0.269036977058005,-0.0615027958958222,0.0561351029959237,0.135763035755822,-0.0472394848005818,0.267927088813322,0.436008124474071,0.363209364640121,-0.0431036719789197,0.0002221052564296,34.9,0
78872.0,-1.2686985267649,-0.636328584556173,0.689298907633233,1.49677014377053,-0.706848668373153,1.28646424544633,2.15063568656438,0.0336610334547724,-0.955838200913694,-0.576412452404171,0.90616172188184,1.07782379410469,0.78198815911707,0.116759587078703,-0.529153527284608,-0.860047799895512,0.172942222767019,0.0301927895903267,1.03628132253536,1.21476234405537,0.369536973391717,0.382110074497395,1.00600518459423,-0.317848531428393,0.0544657477350647,-0.266042954873736,0.0127096503269922,0.177236148724842,508.76,0
131314.0,1.94968532275275,-0.300643943600693,-1.32599262813504,1.05026996492121,-0.517409285846064,-0.969300086491559,-0.440836060031912,-0.168930841489146,-0.323572242549615,0.101645206833419,-0.58158114011823,-0.481853659097021,-0.0208279694505015,-2.20216378810029,0.376736079655746,-0.646779571262695,1.37315486541078,2.29222340449967,-1.60493664925751,-0.500154078352734,-0.403535671850239,-0.638945606102854,0.182105615293926,-0.21593835006492,-0.196893090822328,-0.678689722692251,0.0819744882156503,0.0276910184245616,66.0,0
144692.0,-1.55034322502398,-0.0436760722000082,-1.75761734320509,-2.82385885222053,1.28749588587809,-0.744834239582873,0.615989912373485,0.0700785344228,1.02257544762625,-0.904006280954319,-0.0667531154617256,1.16218686814657,0.533115306903572,0.442122793315065,-0.636834806726548,-0.526298182663919,-0.760330037821167,0.712920969609789,0.920598110666078,-0.806959798819628,0.372290871026503,1.91142825610522,0.2986687633181,-0.0745931953768701,-0.163716121947891,-0.032977574598385,0.133061590661485,0.0587501660440272,18.4,0
153448.0,2.03893809307227,-0.187249121675666,-1.47429474294261,0.165276348204065,0.10160627248338,-0.688312605473039,-0.0265411591977191,-0.0611893156040786,0.599935878649464,0.230906820538362,0.704316785391767,-0.0197901304063016,-1.83906430128893,1.03651005567205,0.283088382434937,0.0831946213581872,-0.660546695845522,0.680253009114551,0.0692357993762812,-0.324135207970513,0.271728451134104,0.787830210478222,0.0502527495528786,0.749934147130051,0.190489989970193,-0.158249278276069,-0.0402122068383804,-0.0654775124365191,0.89,0
165214.0,-0.951945978188834,1.19008776090288,-1.14873802135674,-0.0966218817882269,0.419264322370735,-1.5622062240758,0.510338641460242,0.0862365184636865,0.272286877170192,-0.429074474707683,-0.741989577351301,-0.298674810110961,-0.340245719401312,-0.581009721257128,0.765545349368968,0.17046731084007,0.58108943827995,0.752027768454374,-0.191533807151669,-0.108999458860411,0.261536990137012,0.89408442926642,-0.325696653439529,-0.0829190547705106,-0.318621690334634,-0.155942830685655,0.178614733004175,0.114923027063424,21.57,0
70346.0,-1.48458735244929,0.655074803481365,1.18920681463081,0.315850625802584,-0.484757726982153,-0.990874859613649,1.25012853952569,-0.165033089821589,0.163805306048812,0.0071176902324877,-0.664463248684603,-1.27526925528702,-2.57726116889124,0.529378763256641,0.564206562302441,0.363480366534117,-0.533606088833393,-0.0969453088687346,-1.02165967530062,-0.348628322248638,-0.219759187010225,-0.435523137011613,-0.252428223355142,0.638202634996158,-0.289121598526879,-0.802305683769709,-0.182557523371804,-0.497634904267441,144.0,0
51897.0,-0.963000137542335,0.0389507618359117,2.34137049831709,-0.951569231906507,-0.436704545202229,0.40806967469075,0.254354953220533,0.344236719478051,0.654915213563997,-1.31476262918424,-1.26678484363545,-0.284119327594647,-1.00548575788944,-0.508521728904782,-0.501064680185366,-0.104150842307074,0.123979680913951,-0.736096801829263,-0.259924786301605,0.0342482995264079,-0.141147375819158,-0.404967159634671,-0.0459640770963456,-0.243858616786471,0.12568588525136,0.910605143166369,-0.0354444971325865,0.0530362514322276,79.54,0
123644.0,2.2534958635593,-1.1718274291158,-1.54374895282916,-1.77108141094092,-0.641522544063918,-0.843328007025174,-0.536457957432824,-0.352750657468865,-2.13418342567632,1.78770272952169,0.816683038536419,0.270663382288832,1.40682687744833,-0.0029257581382027,-0.646074033443545,-0.442603248725752,0.0661770736331779,-0.010650379562174,0.255958781500858,-0.297346172639951,-0.248302055872584,-0.350751090883735,0.200087704644579,-0.482047010527828,-0.147747783849793,-0.309533698219545,-0.0232530504398364,-0.0640040612612889,47.95,0
162584.0,2.06135428448768,-1.25113155260808,-0.129397817165848,-0.957765496673376,-1.33679630076996,-0.0046000197258857,-1.43528081267181,0.15844722565948,0.196705383808679,0.852985562875691,0.445379880449073,0.0542842233509801,0.216401462887367,-0.503887803711654,-0.209063282532818,1.82776491530988,-0.418718699032355,-0.366365766015581,0.827591197554909,0.0600016683151724,0.265581485064427,0.728066555915265,0.178135930869876,-0.48487913279633,-0.434132318257157,-0.249657482508727,0.0270501133859319,-0.0445974966828815,42.0,0
38243.0,1.18922864061801,-0.164316072951895,0.896180947842002,0.676890382506551,-0.585526562624983,0.212823831947781,-0.508557441709388,0.0366936727306982,0.768014660409976,-0.293517787457454,-1.23686308730209,0.929003338016536,1.63046462454388,-0.73649483860349,0.106322553683531,0.343110839043236,-0.559890326257038,-0.133448086051787,0.256998690420632,0.0730254511998818,-0.113944618782636,-0.120334259900946,-0.113681310237914,-0.379019074046396,0.404659253273508,0.361333741958789,0.0201574915290249,0.0264846690638263,35.92,0
107860.0,2.02589471393933,0.0323964533075207,-1.02925210989623,0.428977893955382,0.210319089591779,-0.635207444519399,0.0535016705565614,-0.299042268443518,1.45846411389814,-0.157727177481389,1.76473948608832,-1.03144436295793,2.52923157171878,1.72018969230167,-1.46676017065107,0.116542619677828,0.0289123377473967,-0.0990779833494044,0.343868885710762,-0.170873961870113,-0.393105893826393,-0.767301109094141,0.28081955893219,-0.373159621475588,-0.283868809982219,0.155750687858357,-0.0980578165248152,-0.0761635257448291,11.99,0
138065.0,2.01502138566946,-0.107526776848735,-1.56066474745512,0.243795491260309,0.315489373334769,-0.768882162439766,0.256825250310106,-0.306821148824434,0.53098334581714,-0.028132611714964,-0.713575149403945,0.432141815371015,0.482697653750209,0.405123345601613,0.805511723786953,-0.222692107291814,-0.537876390972144,-0.113733987967797,-0.257134846994556,-0.119914836719368,0.262808188078092,0.830072335542194,-0.0097254299839249,0.650967566251463,0.288502597820898,-0.136827970534904,-0.0259684992445251,-0.0463744332694378,37.69,0
42062.0,-0.529341344473925,0.227006209713405,1.0653271333867,-2.02193184442159,0.117864947409874,-0.194620630377363,0.64145476584233,-0.0939249412069101,-1.47244314655076,-0.113404121913995,-2.05301200345605,-1.23513058137309,-0.0654733302524459,0.0168517513147211,0.418916917566266,-0.742909232582383,-0.716202193651747,1.49557861741994,-0.730256628690157,-0.366478949296683,-0.4121048994541,-0.882757851875385,-0.337499370068788,-1.00303081868667,0.473516954314855,1.04278914754821,-0.0680098290127143,0.0329016728776556,48.7,0
27053.0,-0.800117195463209,0.867599043437274,2.11466865185287,0.346263654429931,0.240723578846292,-0.0786764610329806,0.505224138310404,-0.0047790102950611,-0.650622476296882,0.322405721368012,1.85509640070968,0.413237618464798,-0.437381484083187,0.282997419736064,1.09320208878236,-0.425841903189833,0.0197399990199632,-0.239899546239625,0.914090835939633,0.249600914288197,-0.199100893839186,-0.376265444521449,-0.145579482839369,0.214077094326604,-0.126768437148325,0.25394460015694,0.0061161944060364,-0.0983492299888344,1.79,0
165222.0,-0.566590341696498,0.0936678801591994,1.42950402890928,-1.38557572900091,1.0355013525002,2.1309265011916,0.282207154464721,0.495446205958799,0.372007776908892,-0.908557405249756,0.978525939069128,0.90115555757564,0.257325018673926,-0.335175068371137,0.288905154221601,-0.617217891147049,-0.188268278831392,-0.551206761631918,-0.922323427842276,0.0325822129944867,0.325653433921335,1.2485590681845,-0.202107295832299,-0.679920326904154,-0.219333153974002,0.165013256071333,-0.0030039073460155,-0.102073003400229,47.39,0
81865.0,-2.62408134670011,2.1537653067092,0.752902936615293,0.234242535371615,-1.19510470703534,1.79825243007176,-3.79785200187846,-6.97915885480511,-0.90888696273615,-2.03329542162501,0.804335281456726,1.99893624976419,-0.481092494400757,1.26480637324229,-0.932842169683034,0.312242594893918,0.567260817764049,0.095698388644085,-0.557151502879542,1.80260612998679,-3.52876409915791,2.11706262627745,0.327858693507594,0.24870647567604,-0.463584000139653,0.404743457766352,0.207824491425045,0.184777449550037,29.99,0
40282.0,1.30629860333758,0.402030068707205,-0.0265875767732663,0.488861592561249,0.138932243758219,-0.562448731629835,0.156737992177278,-0.219258783565185,-0.0914174154718796,-0.318930334173559,-0.613280507433655,0.593313557984064,1.56823484458404,-0.574388371623107,1.0249502193625,0.66803819081511,-0.378585783910389,-0.170743103469847,0.108312570389727,0.0335097167323789,-0.325939288862204,-0.889452315445996,0.0066707217292273,-0.462722964445105,0.366655542215495,0.141924657914806,-0.0173431625116035,0.0257744696628032,6.96,0
124580.0,-0.783884251781879,0.709234816432428,-0.722678079539437,-0.340428570874701,0.86966618385497,-1.04178783211234,0.574054540987042,0.158934111287401,-0.169942305305713,-0.392751020587052,-1.05827075561245,0.34242949146207,0.677964740159612,0.562440476187944,0.448837002070445,-0.287717363006968,-0.409765522574977,0.20129782745467,0.120158481762623,-0.158891423985671,0.385920300479432,1.35166078348651,0.422132262257026,0.75081124590185,-0.610387232253067,-0.243315434153442,0.319692990718276,0.209138977389342,3.99,0
54527.0,-0.849659479508453,0.764265094380532,1.86988074283307,-1.24720174414839,-0.240177901776208,-1.27193403784713,0.820848582918307,-0.280942356413446,0.313667908333722,-0.208826044034387,-0.0874439743485139,-0.0466329456612221,-0.141260254398618,-0.296884822638058,0.543186565393388,0.40909015537881,-0.666142378120262,-0.487266195800529,-0.834825792900427,0.230977571179693,-0.141677229243215,-0.132649973471792,-0.0365016633527218,0.740858593176753,-0.356681439873841,0.675568532852687,0.199197813752461,0.03200625682978,19.45,0
60679.0,-1.36108716778918,-0.114918274468134,1.89790383877086,-1.15044325942616,1.0008430478294,-0.50795572815994,0.117910555303574,0.307604905222952,-0.51021761546401,-0.831337602559847,1.10423092567461,0.394758065482275,-0.591863887225959,0.404562424321466,0.153301913916573,0.584600590952799,-0.685396586569243,-0.304452962189304,-0.512059838718461,0.106460838845099,-0.15058010782935,-0.856574518564527,0.0459613678500738,-0.321991928644924,0.0283186441741863,0.397251965473676,-0.072157212843795,0.0529642090412296,20.0,0
53591.0,1.23286186128931,-0.205215987416479,1.20512950413107,0.143602139925375,-1.09581913814876,-0.432438773766744,-0.606780759158897,-0.0341457279508617,0.881510686397863,-0.426155127911244,-0.407869652024476,1.19816441520677,1.46226601852292,-0.728575990144115,0.141985525385443,0.0951654233290298,-0.154372980538553,-0.563383637863788,0.224930793703368,0.0100728787318187,-0.106760863287074,-0.0285701051246334,0.0508135514681584,0.512004303028171,0.162234207373495,0.985984445575153,-0.0235514385242252,0.0181276377019496,1.0,0
46227.0,-0.609729921887688,-0.900905870893809,1.82761283614115,-1.67268890700724,-0.0490356567326117,-0.536289016969225,-0.335770146558246,-0.0825661416891215,-1.01712471174517,0.418040482221344,1.0282982089594,0.143252150134744,1.11628676286215,-0.752861471998715,-0.342869860854865,1.77631943328782,-0.747775273140562,-0.242946431648487,0.0704194509124841,0.476717915801365,0.608156107066925,1.56829342727414,0.0609857692822562,0.0617771833447046,-0.601506824607183,-0.353495422709133,-0.0032156487700269,-0.0231946281834386,69.0,0
25381.0,1.19655626752139,-0.682583650298353,0.537519146571993,-0.453138993055167,-1.02488444562768,-0.591044123881772,-0.414718884353125,-0.159979945573128,-0.796432842123236,0.426422577816721,0.26655676950773,0.407074438087222,1.19849615620262,-0.508253546590025,0.0649764002907865,0.349303539148132,0.85720854024617,-2.38306980473638,0.306642836957785,0.23239852114593,0.0796306030727131,0.177015154727652,-0.0009284705923713,0.448550049133488,0.37353571630838,-0.303262055842478,0.0213073272703778,0.0302163214019443,81.65,0
156644.0,1.97499854939425,-0.588383428439603,-1.7311259686801,-0.682391516298542,1.82055898157202,3.77745317071735,-1.10612790582198,1.02812064710186,1.12112654822204,-0.1458873829414,-0.0410976421582945,0.553696044785751,-0.0464709741132102,0.1566422863428,1.06842452183815,0.11857142660274,-0.629900866061005,-0.319934429592767,-0.199647634834522,-0.152368874981438,-0.18339592413327,-0.488084612414079,0.413784205249943,0.657125417156672,-0.389861091023222,-0.601233117637519,0.054934237623719,-0.0375703993348367,4.99,0
160389.0,-0.245434777514821,1.35588367779536,-0.814785617524939,-0.601096882991126,1.43719688998181,-0.601070929280721,1.37738439949771,-0.868605663115283,0.705983910729432,0.291254880549413,-1.10542511386944,-0.528923983265035,0.549800159584992,-1.6164588427549,0.860703126842157,0.0033855313563881,-0.159904138698378,0.78738616492324,0.144916060138405,0.144982219634536,0.211003318288882,0.927907535696801,-0.373439497130243,-1.12103841509497,-0.310129338336563,-0.208302868317519,-0.767838782587215,-0.257346389583269,3.0,0
39414.0,1.24186694115085,-0.129340981527107,0.561254312791898,-0.102930990205373,-0.682550904966682,-0.583353045571819,-0.344169542630874,0.019818620428078,0.520325767663718,-0.231174909897752,-0.148330134362909,-0.141755093263129,-0.739556788844669,0.327053633377995,1.59572557351835,0.152371048090934,-0.0361259730217263,-0.765105042283145,-0.324483740910058,-0.154791094071837,-0.116757396959126,-0.326223114267894,0.137646413105556,0.100719806729726,0.0160514605925075,0.937620107746078,-0.0594574796473197,0.003868986166193,0.85,0
111618.0,0.125398111073985,0.499344509059529,-0.325608693319744,-0.0504102370763634,1.05833297203736,-1.47392072079356,0.996417508578418,-0.449583242349867,0.172319183467107,-0.76839684635659,-0.512616275616274,-0.787407274619035,-0.907825969278226,-0.926838530474646,0.870997465181841,-0.04216248874625,0.525349597111093,0.747955499851094,-0.244933317688799,0.0159922897827581,0.283806385415986,0.978821423451003,-0.13212873095828,-0.110337673044626,-0.438783436016892,-0.179748274903053,-0.0362261105089546,-0.0862575645657355,21.14,0
161249.0,-0.55822225860499,0.696408629917253,0.25697633616067,-0.671472355284219,1.39495324033134,-0.726450821232113,0.800083018720146,0.0253637862244938,-0.645755930442817,-1.01107191551045,1.04324859491942,0.451038518515395,-0.287945202060003,-0.683252839856076,-0.927236779658337,0.431243132618322,0.213509639406026,0.312755226649793,0.149634268293378,0.0151732556980716,-0.18894462075653,-0.677615800907119,0.0065954009096772,0.667481187646114,-0.410730354428155,0.0996384205828328,0.065933979716395,0.173612640398347,0.99,0
131557.0,2.03426308454929,-0.209951684219041,-1.20919031086788,0.227792120353275,-0.0092903200928658,-0.647338839922102,-0.0289714955212,-0.0670762149802105,0.499380575504384,0.272629689945326,0.492922011806683,0.348741986653269,-1.26463589627277,0.716002794336993,-0.446788630887063,0.189197255229884,-0.527742974753221,-0.196987537014732,0.496586901999969,-0.293723413749946,-0.268689281505646,-0.729329826761363,0.310170756561658,-0.43108563870739,-0.34332155781944,0.208405591722159,-0.0801380787330285,-0.07693252407164,0.99,0
59465.0,-0.86870916692853,1.77978912971073,1.67815732056498,2.57236292799502,-0.0385926237759882,0.373240395196768,0.134146854557481,0.616320922277558,-1.98441905061015,0.714243976877692,0.82950524712118,0.410874804036602,0.505122276558257,0.658524776403989,0.602185948045973,0.379033315677455,-0.209811172796154,0.656322317784847,1.22410049741649,0.225450278496301,-0.0012565219643035,-0.0530217395990263,-0.229993028535537,0.009922470950329,0.201426201849143,0.20919396404144,0.198255254277519,0.0758652746569705,1.0,0
35296.0,-0.249867431318586,0.0405866731616845,1.82675725191427,-0.72107761941744,-0.334277857559693,0.446565960547268,0.74445324051833,-0.567971200502054,-0.24287437767586,1.16565803736857,-1.05203459359634,-1.43823336579621,-1.13061697388103,-0.686531743349969,0.92279368514969,-1.11087416132139,-0.822191730519429,1.2292026870149,-2.09704285294188,-0.606786207449719,-0.482466951711652,-0.534799108971224,-0.0400623956465902,-0.554068090853196,-0.627047177189879,-0.766347583771142,-0.733928559068563,-0.632241307734569,83.0,0
73838.0,-1.07377588873103,0.124648378171907,1.70617496516965,-1.44276231860087,-0.952333914921641,-1.2061973444063,-0.254445288274448,0.298269784606095,-1.54823194371873,-0.299105650379216,-0.490226141654517,0.283195641552555,1.11389045866193,-0.0172726235783918,0.299085560328937,-0.916308391645606,-0.126976419658439,1.02610839889612,-1.51959936355378,-0.408111709964373,-0.179383886540817,-0.349422799879197,0.027272148189925,0.756324252300812,-0.274958665791077,0.81694474849403,-0.0918095519054399,-0.0097874565854578,26.15,0
69862.0,-0.588077335548528,0.436127765871317,-0.170234757226563,-0.541294727357762,2.71170058669161,3.28359065599109,-0.277077108659607,0.803823705503371,-0.529557445696768,0.14210812683483,-0.116864530312192,-0.245052851873256,0.0767646374965621,0.339324433679492,1.55454042762905,0.134433862178661,-0.572203372103194,0.205926911163782,1.38283902703509,0.0725594808851679,-0.173635997316657,-0.679871326235685,-0.0206999930235827,1.01202277222806,-0.680401565067569,0.12376507023837,-0.0890447810778319,0.184644297341433,1.98,0
147133.0,-0.0495185946285681,1.53342014735967,-1.62046344252456,-0.0652113476986399,2.01561552119572,-1.37874158360869,1.61931289658029,-0.381234357525598,-0.828775769983391,-1.65420876695029,-0.365580215490851,-0.867078142639056,-0.405558998951625,-2.44120323497708,-0.149757212332571,0.163496483413103,2.20069148171857,0.862973604238164,0.150140330994654,0.0191427364884019,0.0371926857113432,0.238185237522657,-0.368649497761873,0.410673765884391,-0.0620458362638388,0.677078674303289,0.117157169644156,0.232669833713452,0.76,0
131329.0,1.90918140223997,-0.467538636636147,-0.296961459371161,0.642598582147926,-0.753370885248016,-0.542208050768388,-0.519535005944495,-0.0975384174306218,1.06700922410501,0.0291551824971236,-0.813196448800307,0.582452841302171,0.654192459352243,-0.254344113443995,0.525348040451987,0.27822156112951,-0.538871707218732,-0.0035882502691908,-0.506377110058332,-0.099216854595896,0.288804655206187,0.989919235082134,0.0774790844390856,0.0602723478676007,-0.18955627721684,0.458345916423327,-0.0108099112249563,-0.038994870582503,46.16,0
69248.0,-1.29201195100409,0.369345913304641,2.56428474948044,0.19744081109125,0.409676611977072,-0.141062569839762,-0.0082480040026268,0.136042241992085,0.223684784777237,-0.835801443293175,-1.27146029480613,0.545438029400137,0.984660351219491,-0.762597055388724,-0.434666160902615,0.319370432485586,-0.704195536670645,0.0550722449802615,-0.495506105719576,-0.121658087398437,-0.0381215922802729,0.0320981222818302,-0.435010520438027,-0.0876379654425834,0.506518187316348,-0.473427115696883,0.0140106277400199,0.071720358547514,9.99,0
91056.0,0.508840011976801,-3.25556330972388,-1.55721012446105,-0.799198443855274,-1.50422095768435,-0.332988170458972,0.237528681131036,-0.2790223692527,3.2192533750924,-1.4494636667679,1.53295962843814,-1.58239493375533,1.30564010931938,1.92279170055472,0.308622992253086,0.175378489322274,-0.0655702631520612,1.48101458577058,0.45948166040936,1.39080168148998,0.562716385628037,0.236022495241813,-0.637773992530507,-0.479765314943402,-0.425149217513369,-0.253063192983775,-0.156734545841682,0.0738877061099824,808.14,0
85536.0,-1.9295672035231,1.83858111715228,0.152762941100477,-1.20698492394219,-1.38783722578453,-1.31595650394393,-0.651707072239325,1.27782714180699,0.184828741923982,-0.573938939919547,-1.0023093193736,0.0151284550548334,-0.714623992041722,0.868867380366052,0.532527678070128,1.00025224864869,-0.159178840995348,-0.189659471310012,-0.826961103385075,-0.138541099391545,-0.0317644454494377,-0.410447843549529,0.168627919291055,0.390459446373886,-0.124338025642897,0.729124250300218,-0.131134856307256,-0.0058720132111387,0.77,0
148043.0,1.98196476075192,-0.569989759722789,-0.224875329021737,0.526440972217167,-1.02625597648767,-0.652406944241209,-0.759919209228713,0.0309109122797828,1.51236944410712,0.055450518377126,-1.25190243213813,-0.505293168655208,-1.49180291006162,0.0651509868843989,0.524938614549203,0.389777999707944,-0.38388225006407,0.190009883899823,-0.261311756109874,-0.29406172866895,0.144428873268078,0.559159100923981,0.183898790622913,0.0601174420823145,-0.338751243388882,0.571186195497374,-0.0300751807064283,-0.0497596758976891,11.5,0
169420.0,-0.601723329128757,0.78480674422376,-0.243325983739425,-1.05269346516169,0.672926706328208,-0.643669388424857,1.16841670990074,-1.20146703923636,-2.53486019513847,0.594198576288711,0.296754102819106,-0.339826571428805,-0.485899460819824,0.943497555595069,-0.633762263744333,-2.43904140094166,0.330161721925987,1.55679705672351,0.873552542715865,-0.538790484086439,0.680599819419746,0.0550269942601876,-0.631723075705008,-0.264739723946974,1.1755180739165,1.33389024045621,-0.0002515142757317,-0.003909906732458,47.9,0
143316.0,-0.947031907668084,-0.807363527855606,-0.544035589249754,-4.34551293124927,0.899974098502627,4.04707778292122,-0.128112445001132,1.04065355331238,-2.0490182963724,0.306863275176128,-0.611146778217033,-1.12377351249562,0.133525784336898,-0.459639978677288,-0.685072631840764,0.0026577227174268,-0.112890569206305,-0.0614619698690355,-1.5918637235914,-0.443095255994463,-0.105601757466477,0.0076434992222927,0.0221363137283484,0.671632625022342,0.10955857941181,-0.360729295603859,-0.219829913171155,-0.231120370668181,196.0,0
54038.0,-1.55998141618353,0.173569120795887,1.9195452464275,0.826813153921797,-0.701710141523741,2.72204105235345,0.17855158791371,1.25326051906504,-0.627398602305824,-1.00541136127366,1.77834015695936,1.17645220275464,0.0714809173316394,0.346802919698558,1.21201871230014,-1.00743433299989,0.996575353401042,-0.984029257135479,-0.797503793959553,0.368768682672839,0.411153916726012,0.854954333205561,0.473154448926621,-1.03448045631247,0.0016496661158931,-0.161273141984796,-0.0165068761114445,0.024092003264658,256.88,0
111100.0,2.10327921666006,-0.0094271214995549,-1.45014243870698,0.333581855323551,0.301341133957747,-0.744962798853377,-0.0153090056016216,-0.288634686816214,2.23884002945834,-0.433837534612794,-0.252013490825097,-2.94904141202653,0.53909614337319,2.13284633222052,0.31585206876952,-0.155750327633048,0.14879546555845,0.625394048299213,-0.273053571640792,-0.338210562032351,0.0816042309357456,0.573325343740258,0.0051453809432994,0.403033266662919,0.325932598267096,-0.471335574843445,-0.0313873492269016,-0.05875130950815,1.0,0
59557.0,0.895228809906306,-1.31078180435696,-0.0900596229516427,-0.354216164285157,-1.3204803998514,-1.06318681994169,-0.0207799475695441,-0.310798362135458,-0.84466458221896,0.599207561841746,-0.64062826868918,-0.592448305817964,-0.46259645999035,0.372894333678925,0.967696836399456,-1.25684044463855,0.036871574438161,1.02622448491553,-0.835773276739152,0.0089799571170517,-0.236909235392944,-0.833889186416895,-0.178215051186103,0.41394373648738,0.152100146711425,1.01492431940879,-0.120808954230872,0.0489497341218964,272.0,0
21377.0,-6.59824534296877,6.2870664892955,-11.6022295919663,5.83979348923133,-6.45772292497261,-3.47850316847725,-9.76086725194195,4.76815473822345,-3.19697783849487,-10.6561481321643,9.06109409566254,-14.0577997731046,0.365763808490014,-12.1374595406538,-0.541331978859415,-9.39254105400436,-15.8820210984911,-5.04285823923509,1.84647392852965,1.35529439833267,1.51337287641379,-0.523757906738509,-0.106542102484123,-0.0082674349126816,0.229718744599993,-0.290764696497298,2.0046346601859,0.63121166304938,89.99,0
164265.0,2.09524402092569,-0.0848085476953563,-1.36043794023508,0.259451300133753,0.197049758694377,-0.812239145469337,0.190151456007734,-0.300689966967712,0.567120540274277,0.0664576291081887,-1.33565062473216,0.283977898564303,0.323963782437431,0.208470500495235,0.0764937016268213,0.0909718374904434,-0.546902435257094,-0.659356166778617,0.403037336528758,-0.176522985900574,-0.328157507887511,-0.81942481943371,0.245917752074642,-0.650552232972447,-0.204517565264655,0.237454871205423,-0.0722888729873653,-0.0652230404830192,9.99,0
167830.0,2.04756709267313,-0.0483520385527772,-1.11695287453941,1.78137543469805,0.218143843203219,-0.134808019543238,-0.141875064997605,-0.0827384978546449,-0.393227375498107,1.18884270510706,-1.51888085632229,-0.883052619348587,-0.664035777344454,0.151953277198214,-0.504955289479262,0.996580141741694,-0.562194657515399,-0.49384203129676,-0.799769626369294,-0.17810259303474,0.166731674063662,0.483079461802817,0.0996755813036205,0.58967845632386,-0.237943245439878,2.4711976051229,-0.216340425724291,-0.0837520274403373,12.66,0
66825.0,-1.10059642249097,0.0799677245174551,1.82934620668881,-1.19324517787246,0.0606818949572707,-0.995521591506884,0.727949976559651,-0.758990349632023,-1.17123779058343,0.400866605479863,0.354614638288191,-0.723704646468781,1.06973245479847,-1.97539601183917,0.759443377840744,1.194573208026,0.710310835805497,-1.19676226048036,0.797027427318159,0.101494306395001,-0.237643383162201,-0.263283837927205,0.0632795614352914,0.322841866299282,0.188457269332823,-0.523042782584834,-0.559431572969272,-0.346843742169723,40.0,0
84539.0,-1.02259053147345,-0.0955397456352688,2.38779423901482,-1.74414745281244,-0.350576634987609,-1.05462542655033,-0.113393324225837,0.185379441605637,1.40882051020151,-1.78292584705718,-0.932959653369552,-0.398690046557984,-1.73836408035766,0.0331461804116513,0.877789550549187,-0.229157325651302,-0.264035569258557,0.486431885921102,0.0794441391954714,-0.107783222068717,0.0534924122154201,0.0996251515501673,-0.268199451373707,0.349668100062551,0.471527923095657,-0.765746727319033,0.0857069584466015,0.0816127191131012,1.0,0
84816.0,1.06512066830792,-1.32190235153578,-1.226932866294,-1.60797704737929,1.1613731361574,3.328579991063,-0.818309092910368,0.751131295234092,-0.973066065462648,0.614116799431939,-0.191734800286488,-0.192815137393175,0.409209977458926,0.221717776344805,1.17427365518738,-0.750307803985548,-0.578735995753656,1.14586570147608,-0.350589434458133,0.0488079327566028,-0.630857228860981,-1.97328661324067,0.0851410475675181,0.985245179406043,-0.0319186248039096,0.671400146031491,-0.08271457426319,0.0441044721030065,200.0,0
66821.0,-1.01552666805136,0.829454572988184,1.2195475920277,1.44488761959115,-0.109967991489493,0.0462246448519669,0.369852462028812,0.494750182594597,-0.66363886482039,-0.625007571626513,-0.768440848001611,0.274410111710115,-0.0966442154908557,0.38480003772721,0.234577898842831,-1.07973546184169,0.825443057630369,-0.603293197477755,0.765881677195933,0.0989637826960849,0.0860516553542907,0.164665586559346,-0.045981226453752,0.0965083354671104,0.166512220681559,-0.193284447164602,0.0087128239321927,0.0138008000668738,68.28,0
134059.0,-3.14631053074193,1.59815522722862,-0.963119876857724,-0.404629566766655,-0.100385654559249,0.47258784592327,-0.754145452603433,-2.3619222839889,-0.2268831058923,-1.12591179021339,0.62249647545594,0.833813618032233,-0.506331552449518,-0.577318682914017,-1.32730012797427,0.495109357353055,1.25192902883301,0.687437603303574,0.104855434286224,-1.34140025891563,3.05800794761667,-0.910789962046386,0.137176832822676,0.633244912069756,1.07635587314827,0.732339820561873,-0.392931542519062,-0.388536997763282,39.93,0
124405.0,2.09779892927881,-0.0033252663002298,-2.27818261753188,-0.066292848839838,0.677564104012435,-1.37020688891181,0.805123041348519,-0.57635565864843,0.252606262366957,-0.0161629176317697,-1.178510843317,0.206123071958678,0.334377405016756,0.686741524237432,0.449484053075388,-0.378767989540771,-0.544518282223248,-0.36257018177473,0.351747220810175,-0.121871347816593,0.0782533900128227,0.294297288974332,-0.115819202647214,-0.596887249448294,0.435726354151946,0.207258742087309,-0.0868894688886865,-0.074994007155779,42.98,0
14490.0,1.14496484237256,-0.213611768172547,0.914177734974427,0.223287783188563,-0.833900582285547,-0.194539032178385,-0.726640128364945,0.165588419299241,1.71223228509992,-0.346642183924134,2.4580984639476,-2.41548930868165,-0.0215457629934802,2.04472329513252,0.300271485167727,0.410498422547028,0.491186655319885,0.340862576700632,-0.537380664621218,-0.215068938849132,0.0069123208801486,0.195980407986802,0.0472532205281574,0.208015598445865,0.0204920443868075,1.03592863167491,-0.0874748686112221,-0.0091910095842954,15.95,0
120234.0,1.66908012890081,-0.755094422404958,-2.31647909507005,0.205187100269892,1.18669334077569,1.24304460526211,0.245705548908738,0.271764587761872,0.273359979854675,0.124117424411648,0.600512962732456,0.420875664715837,-1.22228057119732,0.906387261586223,-0.16080924861312,-0.953531521873079,0.27569534565757,-1.22222726830179,-0.406573160235794,-0.0350030178127476,0.13417001664576,0.230824586685563,-0.0320047451525691,-0.917401336475876,-0.0106435123596961,0.448273286393801,-0.0794595504249956,-0.07023135759964,159.99,0
143524.0,2.08827194493533,-1.10370124832699,-0.0206803784085132,-0.960053016185052,-1.25864833214093,0.0128235047959788,-1.40543988205285,0.120276711928972,0.0260897209203723,0.823848143148938,0.809632911260243,0.690076082757966,1.25064122620655,-0.707272901463296,-0.292623722324544,1.67294928714107,-0.370444345597348,-0.639293685475659,0.700390011129878,0.0695337044868836,0.279205669066444,0.878746805867095,0.210987751306427,-0.359688025469388,-0.424112781933391,-0.254752983456876,0.0418403164059422,-0.0454586533579012,18.5,0
35985.0,0.605650989601058,-1.16553822127218,0.383115910997188,0.644273842421545,-1.30797977970674,-0.857970697733723,0.203657376881127,-0.174530873765839,0.690564864003885,-0.42067304948853,-0.431813674561059,0.150899292003354,-0.856506363920725,0.103498606051573,0.0250548251544954,-0.160362269741632,0.253489266981899,-0.811823037525088,0.204183837824531,0.50619329487826,-0.117240912235566,-0.951861108836985,-0.12661853889525,0.770215741790221,0.0078513293278214,0.770111661519474,-0.130226552619288,0.064791638012891,328.78,0
10557.0,-0.821851425045985,0.419478046956705,1.43391192607516,-1.58647733528658,-0.295019441245867,0.526433719021928,-0.668225137435053,0.471000358353026,0.405849487142132,-0.758955162678823,-0.580859060392514,-2.50521217114005,3.30713374227774,0.524427340462402,-1.49288978076273,1.01153887119551,0.991360109700893,-1.13649282655892,-0.08995102507919,-0.072672906515824,0.25308852020978,1.00759155570821,-0.306578009684336,-0.905774783717131,0.133883820363736,-0.152341558127387,-0.120684951147075,0.0396765567961466,1.93,0
142622.0,-0.771723389947993,0.559419239241638,1.20878388524652,0.715259878952586,0.905428312720039,0.282709483882801,0.461480996068247,-0.12794351590535,0.34329021694694,0.31953646189444,-1.78201422340019,-0.522938012824789,0.0692374087539626,-0.338376009351093,0.890631381007232,0.0274237199685003,-0.740450955151929,0.299772920767794,0.963370844041481,0.0610618263491081,-0.308689412504496,-0.453438601739504,0.032238581316797,-1.13172641602836,-0.385648030128982,-0.784003662357402,0.0801928352765648,0.03010543866369,11.5,0
31118.0,-1.67526065104801,1.52868630387193,1.12787311848766,-1.46394076351493,-0.716441809292418,-0.95383643204078,0.167698789457933,0.538115348635637,0.106303862364307,0.135020757157576,1.3228710054974,0.914530776479269,-0.0301459492040926,0.254184033379171,-0.205417524862987,0.796146294989885,-0.712313587052647,0.0672375667469202,-0.56834467698159,0.305481399437413,-0.0681100595312588,-0.107488033970204,0.0464802432464377,0.5569546652377,-0.215602516188214,0.705718287181625,0.445445738001433,0.29417767873005,7.68,0
114021.0,-2.45195428463566,-0.507951174509222,0.658270849746592,2.58307714774036,2.14697270575236,-0.0807734865305559,1.16425184105511,0.0031920289203211,-2.00593392109617,0.954703036152859,0.410014683878988,-0.208127190341293,-0.298655236974258,0.401310478412584,-1.45470578112333,1.34201918447618,-1.46469159675665,0.368039063342559,-2.02868249078746,-0.460357840282514,0.254133371406803,0.86114212510421,0.783473643567659,0.667332431784894,0.546431399464921,0.0089269726525204,-0.241043409341547,0.495578325668377,113.49,0
47876.0,-1.93471379673395,-1.09058363477552,1.35737859348442,-0.858358779791705,1.48194463212107,1.33560199694949,0.332358550366929,0.704778389368961,-0.401233634932097,-1.13221743535093,1.47279989832019,0.935244192178406,-0.512421788782224,0.214289657247918,-0.323882891871151,-1.15043802865911,0.791568949190226,-1.96134913807348,-1.24575248809432,0.455337186823794,0.205341158205286,0.157471022912984,0.364413557543409,-1.30476162468381,0.264053825978825,1.05191660883983,-0.098049847218852,0.0440704768908188,188.5,0
71894.0,1.44589121642034,-0.449954730335124,-0.191236805966281,-0.678430643124182,-0.712315777079964,-0.993013063938791,-0.234774382954262,-0.249579224568124,-0.851214597279969,0.737641979361052,-1.12353529121924,-0.907139354118878,-0.754650298821566,0.428680553974332,0.860168827414351,-1.2643109166877,-0.0648052082093324,1.01609509610772,-0.476048324593889,-0.532042711352664,-0.487989732905976,-0.977515157064778,-0.0008555798531626,-0.118680260661744,0.344203773554362,1.04505700745563,-0.0842985695692821,-0.0058356134903882,10.7,0
31273.0,0.974990233849692,-0.0535265095042826,1.76666887195944,2.45415481868534,-0.690291661463653,1.51952538055132,-1.16628402659605,0.707137368047931,0.0813708455176237,0.636113896584215,1.12101034644015,0.483143694074901,-0.732640248473859,-0.0808718670280212,0.235574720557162,0.647972329212503,-0.322818654720844,0.0092651168629179,-1.63139595959433,-0.239707570120745,0.288432607432421,0.951024935564612,0.010260559259141,-0.281354213791029,0.10243288295595,0.189726748488638,0.0826908536879841,0.0228420002942559,4.06,0
75993.0,1.25536217584852,0.20628589666829,0.380453591519182,0.642120276984878,-0.468165768658344,-1.04640347630463,0.102356130973739,-0.204612134797932,0.0926006833879857,-0.0442321732722401,-0.33940934738261,0.0591366453947718,-0.272631398991524,0.378956341820678,0.986268954617168,0.227917869099564,-0.343771772606396,-0.470039254085044,-0.105923913061541,-0.120788520793972,-0.205455220240589,-0.615235162302056,0.08161048624645,0.378938870676553,0.300221076147965,0.174402153726669,-0.0392424800790982,0.0151311116245106,7.75,0
57840.0,-4.01282925267766,3.5651856928345,0.0058702161823227,-1.18413141985892,-0.438506860544209,-0.581776470573846,0.864447081549912,-0.134120190137161,2.9719118035054,5.43522227494556,1.43104768881115,0.0015617575472995,-0.926026061977787,-1.15339229388178,0.595494480218523,-0.0058542075385355,-1.10612919582924,0.0297200861342207,-0.037507511507485,2.27103577873372,-0.861573546329457,-0.873554484169843,0.0198723141413792,-0.109910857729811,0.540248974734137,0.037636032789631,1.11523887807511,0.233958846849048,10.74,0
73523.0,1.19481436300336,0.295576257735543,0.175212449150881,0.443669406674454,0.0921418535247222,-0.0746686824257946,-0.0572892241485758,0.06589438901467,-0.30742021507848,-0.176440128018927,1.67145359846743,1.24838723984821,0.833328944534113,-0.212645745102243,0.597586225028345,0.447573366118333,-0.134531470843764,-0.225912102075343,-0.147661706228522,-0.0498629422544006,-0.222662826090428,-0.609720635505888,0.0983871606908901,-0.330486652468573,0.179340236983612,0.124889456825596,-0.0064666005465084,0.0152202441489787,1.29,0
123919.0,-0.466669099640601,1.01682665915265,0.0254217168199487,0.958808906342723,1.04506565705321,-0.822641508627374,1.57002147610655,-0.548398471007297,-0.213274880013627,0.468953716990865,-1.18973777139187,-0.708430276573263,-1.17961685643824,0.375232214551651,-0.144079285716866,-1.2352227527528,0.0921747228140721,-0.274113565805956,0.825553267063104,-0.0845342335475106,0.0345142988163289,0.630425254531638,-0.133749510927248,-0.0907846644433205,0.0067049896429945,-0.409079035059308,0.0704825490144516,-0.0288342857172233,21.24,0
85681.0,-1.01206335257951,1.24935836510436,1.09520595546083,2.66748491649578,-0.0726807280888248,0.871778723645724,0.780275700690926,0.615615739447191,-2.19595052821579,0.406562390739341,0.81764054569284,-0.199775206959725,-0.746315315969748,1.12662604289904,0.720962952714983,-0.100345510919639,0.25383761680938,0.281268558624743,0.95995344442142,0.280993850779772,0.187914271897402,0.118332376753498,0.0556361148512499,-0.342099225797837,0.300335131667571,0.324646064721068,-0.107590840524674,0.0096949732514489,145.73,0
140551.0,2.11269485184181,-1.3214577339306,0.158031528220473,-0.639843554869937,-1.46577956663144,0.42079575511931,-1.70488129496893,0.268988142835729,1.04827108187604,0.495309672026879,-1.43224785681612,-0.311913127419954,-0.0555181467261255,-1.19315838684617,-0.916462608248319,0.908679574232049,0.501414677830252,-1.2946014855327,0.794844897639412,-0.0488720762290674,0.126500681534991,0.642454339771452,0.267203522065321,0.630967413056819,-0.329037489443513,-0.211887892769611,0.058966234894347,-0.0322556824055236,5.0,0
79717.0,-0.664049028044254,0.00921971456909,1.42627672123854,0.442369703550384,1.06442004080666,0.21825423371729,0.370500633531102,-0.11760692068577,-0.403987962813715,-0.102140989289606,-0.935987668837068,-0.0555903420554748,1.19578692270802,-0.260261958202166,1.69200536815528,-0.320342459057126,-0.302405611473639,0.061467809937835,0.803779258451305,0.506865343115216,0.260051096054193,0.808901720018143,-0.177973544473308,-0.875083532528126,-0.0124288975275954,0.68513673983787,-0.0801829538778239,-0.0960195885841265,60.85,0
79540.0,-0.873061663574842,1.13908463912326,0.872846478817745,1.07415567866235,0.0881650650058006,-0.0379265294558621,0.629561715822736,0.527358098304526,-1.40265683842097,-0.286031049191603,1.27181308970847,0.45266389968803,-0.744235270396028,1.20557641754836,0.624081444092201,-0.44178325881126,0.265879549430339,-0.189303164613423,0.912299467107294,0.0257346210604404,-0.0983505185532352,-0.605672996380768,0.167155023394194,-0.0455293659754805,-0.253784358244824,-0.558697311579939,-0.0139815554645747,0.0388882043320419,64.5,0
31506.0,-3.15599434608491,-3.02213024901971,1.12733637604732,0.253302878880021,3.19130091988049,-1.28871691314598,0.0447565101299266,0.200432990663757,-0.264602198142316,-0.6665131242117,1.20926081843367,1.06317997421628,-0.325486677486593,0.251108725218939,-1.30458208200296,-0.372508003084739,-0.507420709357815,-0.707252875450814,-2.12878647627597,1.03276250343077,0.529167481198008,0.439807023022891,0.88948762050402,-0.335969239522646,0.312636286194631,-0.641604772225803,-0.24060686224642,-0.0343614923579926,261.78,0
75656.0,-2.31487438767075,1.53466210518529,-1.1572451489648,-1.27968354144261,1.76323403624132,3.24809413865548,-0.303850339402301,1.48141024863301,0.144580964748324,0.850300626081158,-0.254149532150151,-0.0084494724555314,0.0811953784586314,0.326097668398907,1.11386994328855,0.6042512013221,-0.750002935931146,0.0621825689726368,0.31841981305924,0.330488341620007,-0.418223038475467,-0.927777432735394,0.0658624932482421,0.981456184385356,0.105878763587397,0.0019377390343448,-0.460712744739581,-0.669908083541213,17.99,0
143603.0,2.03244790510437,-0.0227211619555894,-1.42982223609906,0.132412643145587,0.351458860670568,-0.541265257466297,0.121326934856903,-0.170955546657947,0.236003642325074,0.152011197092054,1.15567224072331,1.27229336011661,0.556026384564199,0.564521225432166,0.0680808109100941,-0.0852505444549224,-0.744407425065454,0.300095615619507,-0.0154834286526086,-0.176510439562655,0.304589540238601,1.00616094430647,0.0270980107399969,0.756043575662445,0.257735254736072,-0.160604286534444,-0.0213775935171168,-0.0609785753575501,0.89,0
92839.0,-4.39358486791077,-0.140732441824776,0.42622508265156,-0.0906800815632254,0.703019995509726,-0.440521172396389,0.063790305602369,0.381449817933765,1.63286819309523,0.162202634774167,1.70356453780623,-1.70902264178937,1.52003044437637,1.47948323002185,-1.28166644414597,0.472966336804419,0.182072280944066,-0.0101993223109745,0.533332360555825,-1.38698160458107,-1.12413779343455,-1.39089459104034,1.04692379291901,0.675358943090235,0.560558880240516,-0.242419113437926,-1.02700807385531,-0.408513046067695,7.99,0
93853.0,-5.83919161928092,7.1515323543223,-12.8167600806187,7.03111476501099,-9.6512721679897,-2.93842725771624,-11.5432071690832,4.84362653179436,-3.49427572506535,-13.3207888671784,8.46024444901677,-17.003289445516,0.101556614891384,-14.094451660329,0.747030766392512,-12.6616957230679,-18.9124938172188,-6.62697484523061,4.00892074227194,0.0556838813863639,2.46205591127559,1.05486518382957,0.530480596078193,0.472669814042592,-0.275997967880675,0.282435024801752,0.104886020210564,0.254417096767513,316.06,1
134387.0,-0.471320932866734,-1.78444306048862,-0.460898597245524,-1.0919100612769,1.51063666328933,-2.19357880386474,-0.907773043162607,-0.0860680627026055,-0.738994287920527,0.725795503008482,-0.820249873472959,-1.30168802750496,-0.997083308767964,0.308298432720681,0.175737732979331,0.586090758647448,0.350414255253339,-0.999410309999488,0.434541101443212,0.350584517292908,0.841357852380868,1.9146274659786,0.523885502188953,1.1122730259102,-1.78812939494274,-0.255339621938777,0.295333089010313,0.392617770900305,6.0,0
89162.0,-0.421341390107137,-0.015008132665936,1.72666345960242,1.37252766080491,0.211762151729448,-0.226877550631034,-0.484171198536931,0.0530109973197561,0.238974046483586,-0.317543819662728,-0.125556690539221,-0.795410664760847,-0.504419661167626,-1.5139904683972,2.31852976033961,-0.214503676517511,1.41819290695645,1.07774802110705,2.1416994109291,0.579155142907789,0.0394516257822573,0.200051372806623,0.128511147697561,1.06552309750751,-0.828492742669016,0.717047043878487,0.0014785027899381,-0.0072920045139285,27.53,0
144750.0,-1.54082108247577,0.205662473506438,0.715233198931157,-0.704356006463365,0.265819497897802,1.67413391669559,0.195953379219239,0.838759693510833,0.413472899001453,-0.351429543144682,0.647427601249806,0.244542585774235,-0.73991218553887,0.338523446085654,1.17653166180467,-0.326601867459743,-0.114330397555351,-0.0100381502754837,-0.524289858915626,0.0817661413629314,0.250920286670636,1.14688681440361,0.0310699930135761,-1.63869561466704,-0.0402259760001494,-0.0309898931918413,0.339401738173292,-0.108271129198158,131.98,0
154447.0,0.0127835773130629,0.983649090646375,-1.31071995413811,-1.49749911649124,1.87940924437374,-0.42147759588274,1.54148193458507,-0.184532876809459,-0.558037516668086,-0.308260693735609,-0.240494779563292,0.0180024308069288,-0.448458073238391,0.899533285520977,-0.725156149172505,-0.114750856725634,-1.0494932166452,0.536541741173974,0.572988961489173,-0.0093772260647573,0.221243395387221,0.759533353409215,-0.34404469632187,-0.30579976561046,-0.184318197527468,0.102098466070232,0.381562827410995,0.254646889666947,7.7,0
139105.0,0.0135363775369874,-4.29854688173898,-3.80729481320788,0.109254115941669,-1.10276276904156,-1.476989969793,1.99166015854077,-0.950088122562821,-0.988266693718136,0.428758251511651,-1.04951741401773,-1.36503793071004,-1.17326480891175,0.958623303283544,-0.24050199731098,0.314877793146224,0.611681175789627,-1.31728823231896,0.434100578878743,2.2624063850659,1.17233341038368,0.714245447482728,-1.27783213768276,0.018857380160124,0.304788493147251,0.184989216222056,-0.328293160378255,0.109398969669948,1198.72,0
14017.0,1.17699463747114,-0.0800306081580185,0.872044770416276,0.143916456766366,-0.612850185449195,-0.100254296778659,-0.617729816292935,0.135322420775563,1.54533539138463,-0.386218422213268,2.47887804666117,-1.99485545536891,0.77821179263227,1.9238320697353,0.190393839436876,0.455093415858025,0.393000405752088,0.005568985299604,-0.30466952225858,-0.180597569175778,-0.27546947838649,-0.607358776138592,0.194274237709636,-0.0233450278281015,-0.147067388093258,0.765034673156289,-0.0826024003889321,-0.0069379647544867,6.04,0
140604.0,2.05360794385446,-0.716402894911786,-2.86712846435805,-0.655905633857535,0.651547206416727,-0.868134775614217,0.698869707985976,-0.583953863528142,-1.50789449395419,1.12884784726555,-0.0529121894593049,0.65700311009475,1.0980263863869,0.660121956915787,-1.10702097490239,-1.82878684396678,-0.478421389057728,1.32834976262432,-0.0388932034672175,-0.292774617505036,-0.0355540187124505,0.291564233277311,-0.346446469360009,-0.930053966086385,0.598342338759373,1.04727875957015,-0.143211080483152,-0.0894894165645566,129.0,0
34308.0,1.05702356429363,-0.325213269033786,1.21656805832502,0.716083072391009,-0.873241924570421,0.491376258461808,-0.781243313252506,0.354652600375017,0.671861835178186,-0.123262601845453,1.17917071242068,1.19274548302178,-0.0994930726900382,-0.168933813879091,-0.2421531836144,0.0714717372049515,-0.1439162260642,-0.180111531986828,-0.114893017240783,-0.0840360814997309,-0.0009495072181311,0.143356223042283,0.0308656542628035,0.0535924784603198,0.142708376246014,0.327408145360741,0.0256139443048329,0.0169575167760283,28.75,0
82488.0,-1.61095763088632,0.343248731437284,1.98165588956964,-0.277251841894807,0.0666454755186069,0.260641303367067,0.291752564453357,0.337758417044328,0.0490997852928426,-0.987030310944701,-0.924596727458149,0.709640742330152,1.16155201663698,-0.64561828701373,-0.320177814883068,-0.0411351054414745,-0.210610882107719,-0.535054126869049,-0.747307223461933,-0.156510611680047,0.0984969140786655,0.643071876062567,0.0128531922998204,-0.190896288688247,0.612829027576705,0.452957266400629,-0.298515093697032,-0.292666013319689,53.24,0
158907.0,-0.917414254418368,-0.358057912805515,3.17560642878575,0.497751202648767,-0.938617686916083,1.85456982289202,-1.23849562061635,0.794239767332396,-0.110693322444541,0.28574998326075,-0.310389878816061,0.905563930617096,0.527252019694815,-1.36253602958753,-2.00614926190509,-2.08270793468327,0.403413590818941,2.20595354270484,0.412899027960245,-0.0751893072650709,-0.194196987638104,0.387845116974756,-0.274256453522512,0.709611316848662,0.478753525292449,-0.202722689840229,0.444891340630662,0.164072226767101,30.0,0
131714.0,1.95412158019756,-0.0845204046779975,-0.761541497677906,0.604203311118748,-0.328524214958559,-0.557674998826498,-0.499803137968759,-0.0773652106950729,0.882619162275795,-0.538016489572623,0.030754109229185,0.850095785525441,1.37118528118849,-1.72551833647081,0.5954409670068,0.584526189330681,0.536112536324708,0.33125581806537,-0.75855558583329,-0.0436619892982554,0.219035733726055,0.869124596400872,0.16279267890294,1.07984589987127,-0.216848052215837,0.584531237570215,-0.0022411486468975,-0.006512823720469,14.69,0
164120.0,-0.407299968637679,0.0202027611408244,-1.442689182162,-2.19876925145863,2.5159106620722,3.35814080720473,0.0119818673204391,0.828286379560285,-1.06681566037892,0.76427913910823,-0.357863762665435,-0.399226444666948,0.0676402434213527,0.38009684350795,0.868841832121302,-1.98713819065326,-0.298941810025017,1.42783966014183,-0.856519645543721,-0.150085739440554,-0.0390464248965077,0.522261018650101,-0.0281299272886685,0.694909506223989,-0.425434067399956,-0.115928701460093,0.608081068606928,0.379122456747684,49.92,0
48558.0,-0.695391348440791,0.562134185704301,1.56841494841569,1.06411875158818,-0.0037799377849281,-0.682546845434433,-0.0242844105665706,0.121128731326206,-0.205911342463593,0.340959813625113,-0.050244785249456,-0.865102126363987,-1.70718764639335,0.650915842809214,2.20870091936042,-0.748548518456661,0.697197158411706,-0.494295441095597,1.18617821997339,0.0579027989081928,-0.1633737744178,-0.377383640753257,0.0798322293466428,0.366354450888209,-0.866724848191373,0.289643221786584,0.317104758279952,0.187574828424489,4.49,0
73105.0,-1.48635981066005,1.45411477551169,0.457431572621016,-1.91261915345673,0.416648060490705,0.128736798549081,0.596371405535433,0.0389240181178042,1.50881319803089,1.26578101820106,-1.35209642839163,-0.763337581424145,-0.381675054026646,-0.683345800033219,1.06145024453405,0.562994469983629,-1.07762977023832,-0.417407008643597,-0.731097774521801,0.721692748550952,-0.44348208008998,-0.489713090781966,-0.154615924873161,-1.32417952162649,0.0454871190395921,0.781872195612216,0.0987558140669723,-0.374143522249836,7.68,0
79157.0,1.31806535766092,-0.61345895609165,0.304633044529447,-0.421476791190611,-0.986628856134637,-0.854190548104835,-0.342662287198974,-0.262913557564547,-0.626589447510546,0.467299161229914,-0.494403312797334,0.0118982788970082,0.725957770996553,-0.541728346214506,-0.63871673318425,0.444040353029606,0.678705883347849,-1.83016012773263,0.919398310493952,0.179261228548261,0.087557978919168,0.293527700813457,-0.152475910649735,0.457701406831197,0.695271328501331,-0.15300858731095,0.0020003853584434,0.0178738014456961,55.0,0
35541.0,1.02880662765352,-0.167460338630137,1.34462036854433,1.64979417869834,-0.717661965119619,0.807931455661795,-0.610832684831065,0.397065328174622,0.923156974033363,-0.257200878583612,0.83648755744709,1.93263267288977,-0.0241260935218613,-0.606659979606488,-2.46029003651122,-1.02777683453081,0.577444748482787,-0.971095226099736,0.385402901203559,-0.18832487548297,-0.348085519858226,-0.536812734669818,0.0952086241326998,0.228722125279505,0.3816449864442,-0.540081418927691,0.0908426673610651,0.0207392390028454,7.4,0
83196.0,-1.29996424372498,1.01838538967462,0.994340183165839,1.28646709339745,0.700013993619618,1.28285425740159,0.519266824406667,0.693669362128605,-1.27118281896272,-0.195580698599572,-0.215570812368321,1.05223683720887,1.1162456260778,-0.023604628575491,-1.84002265738359,0.749427520885287,-0.815573593215809,-0.247744518258884,-0.796396735020746,-0.195144749550182,-0.086627109074519,-0.345849732654435,-0.0387004365621689,-1.15595969085208,-0.132423300658294,-0.295000420625864,-0.096437278048257,0.0317407030790877,85.11,0
66581.0,1.18700055309392,0.228958781165944,0.208456216314496,1.27591846212357,0.153380037916524,0.118268886845177,0.120247560978011,-0.0307755087994017,0.20715356822739,-0.149780471753047,-0.849643900831924,0.7782746325466,0.731790985079055,-0.116494645762508,-0.142484072713521,-0.613750614146014,0.0388044199186389,-0.909933423611021,-0.18751893965213,-0.111057531344285,-0.121410504730573,-0.0872782038611162,-0.139570247046838,-0.396506099311024,0.753080025236293,-0.284597797565849,0.0430863491642257,0.0137142294441021,15.25,0
115839.0,-1.10469072471881,-0.42528957163257,0.456658225410576,-3.50184749035042,0.508556267903946,-2.27516903643891,1.36796501028675,-0.358579734386494,1.13905121746077,-2.48771300103661,-0.342472512613872,0.625006035075273,-0.584234541103413,0.500701881684171,0.296963975611067,-0.86256831279335,-0.390406386844053,-0.500858899164731,-0.308477400484535,0.0933733156048797,-0.0121118513431965,-0.355758238858643,0.201920104529498,0.342480864860714,0.262964042552578,-1.31685175242582,0.0539270696859828,0.14613097355417,117.99,0
141095.0,0.871410183901087,1.35872792119387,-2.88349554702558,0.0343953453305863,1.37168336914435,-0.842480209969733,-0.0833212072700912,-2.96017901433372,-0.817785768444245,-1.79649339660077,1.70773014217966,0.920150094230534,0.0562685358703332,-1.95236279839086,-1.2392682733723,0.836098688657733,1.82961956432285,0.946385355346975,-0.759406135505652,0.53620330688335,-1.25719093821789,0.53636564167944,-0.0316148254204343,0.593511351926582,0.638153282019809,0.584481416888035,-0.0496782061183382,0.150952483501544,0.76,0
141320.0,-6.35233691096656,-2.37033515007664,-4.87539667887196,2.33504453116197,-0.809554897212021,-0.413647316208307,-4.08230817063438,2.23908947335972,-1.98635950470675,-5.16533081830893,2.94293916487767,-4.12572224190365,-0.433094395260294,-3.5181311704857,0.420777387095712,-5.10447983930312,-7.9253889983055,-3.41570671508705,0.71833237368083,0.186898304507656,1.32521840044042,1.22674487561089,-1.4852168616857,-1.47073226048821,-0.240053392971609,0.112972036960476,0.910590643802817,-0.650943712766886,195.66,1
117997.0,-0.651488619743897,0.805909480903429,0.607610613797942,0.326787191190646,1.17606756170575,-0.756177871951565,1.3000731950601,-0.0925736321718442,-0.969349998842618,-0.46087398585737,0.569271258852877,0.253717935808942,-1.14476765001977,0.744344874064654,-1.36660036060157,-0.553288987527035,-0.305968304466959,0.0413517107324702,0.0268283321007697,-0.100387519988669,0.105135719373192,0.226537412739874,-0.494780981363919,0.0011851569689014,1.30114087941773,-0.369905792819717,-0.100529361251205,-0.0836733198084429,23.34,0
34379.0,-0.829072646667471,-0.195396905094775,2.74664785506922,-0.578145103730246,-0.862902765514851,0.825399395500072,-0.281476248381292,0.502848954076659,1.05332582860738,-1.15143830847696,-0.164891626066659,1.07581694175844,-0.222436939767795,-1.14907907916555,-2.8197173333075,0.0129725626192345,-0.148639326053101,0.177046789478804,0.46474536170933,0.0556907220164639,0.0380797449016501,0.371590729101722,-0.127416344777259,0.110918782501657,-0.100915578646909,0.966650945531634,0.0512984157212367,0.0996794979086063,65.55,0
155804.0,0.539261055543878,-2.77869672275015,-1.38036884622509,1.02479010508619,-1.14888610071796,0.0817411503245604,0.413732642197769,-0.198433535031101,0.923324142624071,-0.267788625404699,-0.996703750293267,0.240940168819716,0.501961761666843,0.0571706153258938,0.990701562039162,0.695771341426443,-0.76127321321729,0.369569117984424,-0.628702376364374,1.41025116890899,0.636718876662122,0.205802684467952,-0.488878579291107,0.654835822582206,-0.518206667482049,0.250532725587577,-0.162448369628624,0.0951613862938784,775.0,0
169086.0,1.9126435376805,0.309937459016752,-0.898551894087103,3.608698371788,0.701658313761455,0.886439933903062,-0.114455981905953,0.232951344690604,-0.688758268668564,1.57785726086358,-0.495876059029714,-0.27853102990247,-1.28525633670567,0.380384925004931,-2.01689482914747,0.881570080947695,-0.907245274445585,0.324659727141034,-0.834386549665327,-0.326334476557798,0.0734739932340863,0.263338565863738,0.0528835453688502,0.15631109612099,0.151963947203506,0.0805523950795665,-0.0439243663274378,-0.061538822411394,7.56,0
31584.0,1.22904371083042,-0.447523654295822,0.764944299210498,0.0704955766493235,-0.813067543996238,0.101412083838073,-0.643751461915045,0.104140404675334,1.26501381176083,-0.459922386578277,-1.54934184503068,0.283955538868261,0.0956504347556362,-0.59503621499343,-0.235506677060484,0.128704153214425,-0.15810286180811,-0.357424978269971,0.775328245891423,-0.0085911022281122,-0.276416303768177,-0.581020792690824,-0.0418199554644836,-0.368397508271626,0.239501027599511,0.992008341827212,-0.0390811515414804,0.0095838428078243,30.0,0
68243.0,-0.919988270426882,-0.325135922322086,0.49152646308729,-0.183829579153861,-1.86031629688263,-0.578908476625162,1.02180375383566,0.0797753456958096,-1.80361724039724,-0.035403373537023,-0.694995126865387,-0.187579407712717,0.246830775012689,0.366104188922706,0.196604561704527,-2.19728688441164,0.936546461632021,0.949287134610872,0.44443153712012,0.244968944630889,-0.0758896719487753,-0.281347806621239,0.734930079964345,0.729577569560599,-0.368888537857369,1.11854844897408,-0.14040964040135,0.0903705780956061,316.44,0
60120.0,-3.67963061772714,-0.450747208058996,-1.45811138945282,-3.97991502901335,1.87093201026776,2.77888576029073,-0.217889855557668,0.196649690053614,2.46474380386479,-0.149803238665125,-0.344900707344936,0.566888592411903,-0.14667124838424,-0.399627496494112,0.267894699367325,0.346714212768564,-1.09849016285922,0.159309765628895,-0.448493926679148,-0.345086612145211,0.26913281475662,-0.359003782568699,-0.35154415773942,1.08201487368775,0.489599794994722,-0.310978097967855,0.872180302707631,0.405785711539915,132.74,0
78502.0,1.06071188174239,-0.379978560564184,-1.3020408513291,0.232561457539494,2.06480398993113,3.61496071547429,-0.299513174429159,0.81531889912367,0.223420952959042,-0.124312559073285,-0.526554607700741,0.265006646621893,-0.204308487629142,0.219113904622178,-0.098712034067089,-0.129300115226123,-0.492879754990426,-0.0466692155693906,0.383441625465843,0.180610213751732,-0.117652509585895,-0.528985928369541,-0.223625707524832,1.01674870235475,0.860614191133837,-0.353879071017674,0.0066030461311944,0.0309635733667053,115.4,0
110011.0,2.04572197195861,-0.0918889822224048,-1.06264559281102,0.441384902729558,0.0245082888197085,-0.691655983639015,-0.110805624559296,-0.170909115897903,1.79359546066636,-0.0878033832545619,1.38859968409578,-2.20444295093064,0.322557998838261,2.15643825966592,-1.22626375106476,0.21849633461215,0.15456918654579,0.169137302541822,0.362299309274119,-0.334734589950247,-0.425180366938927,-0.942002111015561,0.317065940530383,-0.434091817360012,-0.354390198338225,0.164322616212257,-0.110373131721362,-0.0828312072453308,0.89,0
84824.0,1.23383533714899,-0.214901480128647,0.580916247711655,-0.159266041604069,-0.894775239028644,-0.740216122724358,-0.430302034317532,0.0839630480664867,0.409684848800544,0.008019758799467,1.16135354356394,-0.0522061721543952,-1.76555814046377,0.687384365780623,0.750602953506528,0.688540140255183,-0.511879878268056,0.300053677342261,0.330192091309705,-0.164508218873079,-0.101587573664547,-0.410931748467697,0.103797534078654,0.342565781038403,0.0255031818661871,0.892837187335224,-0.0869351618956913,-0.0041492229827649,5.0,0
52969.0,-0.61074324239199,1.25754648602665,0.812175048722261,0.677347970400179,0.283979040511187,0.169543811927578,0.30201630595452,0.530310391965201,-1.1619266944893,-0.335008956533105,1.05309872421795,1.01423522819902,0.633935343573846,0.748234491436965,0.481715110881559,-0.232985665480881,-0.144835223715629,0.229224053909821,0.477604293993037,-0.0830735067037276,0.265898523119696,0.713690883046013,-0.144927371636603,-0.274938241731708,-0.273310110645394,-0.302298360891811,0.065367225402149,0.0829330794099502,7.46,0
68500.0,0.928305627681217,-1.68047083177777,0.394582488009047,-0.677795609402301,-1.32050547375241,0.551291467600423,-1.02003850762652,0.219500073209954,-0.160471586062802,0.593821729502131,-0.0649528010459113,-0.656982296386879,-0.549549650673369,-0.34330041978733,-0.122462274198817,1.79634409104456,-0.301019679066128,0.0154570752668584,1.11764976295553,0.554106243394357,0.418287084382429,0.656429632474466,-0.462195451490166,-0.799269149997014,0.461224635593824,-0.0138941869624869,-0.0072881543202811,0.0436206690876607,252.0,0
37037.0,0.969683637493573,-0.442745202732684,1.004655619256,0.459686375347211,-0.0784490869747953,2.23651916269916,-1.07268959104982,0.843642452466984,0.689642342249838,-0.260503394693049,1.61670999856317,1.34760395074214,-0.149224884028432,-0.0905679172266907,0.62232637596012,-0.807261107746987,0.665610628488982,-1.56677805767771,-1.17895703875346,-0.216719016055971,0.0586428912328434,0.469986863790676,0.104408235269372,-1.31119086620124,-0.051075149239238,0.448486753179346,0.0830659337956387,-0.0007954361760573,11.5,0
48260.0,1.27855124699856,0.827626587679729,0.0196037592103349,2.26201707121869,0.619265251981048,-0.283509167532212,0.555561645600056,-0.234449804542753,-1.12070086899641,0.66280538806757,-1.01482476768094,0.279932467885285,1.193293577368,0.226994044729696,0.197361956193393,0.674665603032436,-0.866339534229902,-0.673739510273024,-0.418443643489387,-0.0746481236810483,-0.416337124248411,-1.22328335116022,0.0383127751065105,-0.492386082365586,0.497694325307825,-0.278780724075118,-0.0246051954351257,0.0135930121217204,0.0,0
127216.0,-24.3217558690437,-20.3205050380402,-7.84465472154856,5.68551542841882,3.02306782945774,-1.30634880642763,0.210872972273668,-0.251555232960035,3.04820285095629,1.60679366663944,1.17588702735445,1.74868391277983,2.03060381374165,-0.338958941252469,2.37380433486111,3.30193168125665,-0.519895784160325,-2.2287186378064,2.3005096608516,-18.2390845166546,-6.27670090156463,0.922844575010934,5.34664003755844,-0.094693220377784,1.60412762447397,0.583656928684173,3.44158334145379,0.22917848428319,201.14,0
96706.0,-0.425453905295819,1.2262449662461,-1.31490375687827,0.775567082421398,2.26436971774674,-0.768401416940072,1.37121448550651,-0.326371112363896,0.816324601470411,-1.71539376066542,-0.0692405822458075,-3.42218116881525,0.880846138134705,-0.601236472265117,-1.28761290585865,0.263420521441012,2.15798667687085,1.07727326673778,-0.764922294108495,-0.229285690186989,-0.210073094198641,-0.280529146551569,-0.351880789901071,-0.0988832514682097,0.411761758108683,-0.588555780532983,-0.0465773639464884,0.0892991817094364,55.0,0
55898.0,1.46055035680169,-1.24577025529655,0.760557429525837,-1.34805087330454,-1.82214420500088,-0.38777244541133,-1.4601747576632,0.102205371154535,-1.31875093397466,1.4390903946871,-0.608178574892566,-1.80517804727934,-1.28422389707149,-0.101945565088494,1.29386494966629,-0.35661776556756,0.75840903171459,0.0834411789755339,-0.787063069292871,-0.477239181597202,-0.0561542951504836,0.206517697764899,0.0541379760996708,0.0152049859512713,0.205951158232512,-0.0668970583758541,0.0570023957411061,0.0192611742735159,8.8,0
95552.0,-0.177416967649614,0.437156635103373,0.57846513116697,-0.794209773497611,0.299667162287485,0.0595048880280684,0.769673480218567,-0.231813248523439,1.95272778088127,-1.38931252116217,-0.709496853597786,-1.89316961538752,3.111331704744,0.981490170440579,-0.476266393707801,0.246067440400721,-0.345904040217331,0.391420208447149,0.107682668286491,-0.141374024868821,-0.344493713203894,-0.56766719270478,0.191492693358263,-1.09201140966264,-0.425412119622639,-0.966619407105819,0.0249038558535103,0.0180703193823653,100.58,0
160080.0,-0.311261873629182,1.44523992425407,-1.12813522609225,0.725397137149394,1.05883734940296,0.0529269313669139,0.828937151009707,0.176493854060589,-1.17364485127427,0.24099263862449,0.377440760611899,1.02370087274418,1.12983504172999,0.941786966504341,0.246828671286926,-1.54972637016295,0.459558407380585,0.56460181720479,3.38154326593898,0.321914846958379,0.279685126645032,1.01934471383484,-0.371082324967702,0.204985108811268,0.0687820817055782,0.29398944004073,0.191416140181626,0.16047288193448,17.69,0
125777.0,-0.359716420274949,0.426893841289871,0.418017637907253,-2.50093523255389,0.526307909054816,-0.587845863459715,0.737162280214255,-0.0727171721016096,-1.59280420911107,0.132193857309643,0.841802270206318,0.136350244787146,0.37548497213513,-0.112261374422606,-1.76592460375614,0.977002144093871,-0.182599195581914,-1.33306581289498,0.441641864361318,0.170487536330406,0.101538435683945,0.299641006022099,-0.209545388991576,0.780092134676607,0.106313310774738,-0.427953353817285,0.317162481959351,0.185881958100572,5.44,0
130384.0,0.0464008623835049,0.810748064770464,-1.69953765704,-0.682044135006637,2.00673703470959,-0.786725382105157,1.3247854956743,-0.175364140271571,-0.609630477853818,-0.54401730822401,0.427013025534167,0.322794058742498,0.0102148705364365,-0.628566280019546,-1.3780582725189,0.132826538830183,0.1539858726304,0.599782430950496,0.211165860218956,0.133481926551859,0.158116400296947,0.573870693400444,-0.139388571997037,0.0673325495187247,-0.267191578815208,0.543013051351944,0.283812457751316,0.183010222513167,25.18,0
23619.0,-0.204464571163534,1.29374785703048,1.91680545770369,1.74089891993623,-0.0249198775172931,-0.39160935987579,0.527469989202068,-0.185173506331413,0.384260268011008,-0.372487188597371,0.656428265881617,-2.5064898268379,2.06269314178679,1.7267098863414,0.947078768893793,-0.516721388621602,0.847968477422394,0.272467571267117,1.25667458788964,0.125305107772423,-0.273164846526326,-0.502757601076805,-0.0236645941522276,0.310993248354418,-0.373518386361975,-0.44701863053836,0.140223028360955,0.136776628316014,9.99,0
40742.0,-2.37753280180283,0.520539361927579,-8.09413945532841,8.00535147326105,2.64075021376276,-3.38158645291742,-1.93437244067366,0.562322111872781,-3.10402718606356,-3.05121035544102,5.73576265915634,-4.74769250131792,-0.784223284478966,-10.7163393018774,0.656516978131348,-1.14246727231018,0.91859080878698,1.12633522330277,0.0929734778841175,-0.634747080915274,0.148284201590387,0.7210995412337,2.66129069804724,-0.508619933518595,-0.401656629278738,0.587611216267645,0.500326371108344,0.551759687906722,1.0,1
77318.0,1.35697222182287,-0.796632188281051,1.04298233875763,-0.694190870800826,-1.40827267126404,0.0018709570639981,-1.28317357464842,0.186712868219256,-0.307248876975433,0.686835290142377,0.811919121155129,0.0269366762310843,0.047225973004762,-0.507093809925074,-0.301600526385822,1.48286298176717,-0.050240670790926,-0.405000430209105,0.878401436342078,0.0643610281635674,0.32949912663849,1.00758119090291,-0.146415913803191,0.0448726271672821,0.469076808317416,-0.0413897628779134,0.0465699892755654,0.0098949586726954,0.0,0
68905.0,1.17464131959002,-0.0848970017132515,-0.256066571126865,-0.219801850389625,-0.149242226219113,-0.888967880999107,0.348766662268469,-0.191992468341485,-0.25725430619453,-0.0347032831352326,1.2115627071366,0.696074921041698,-0.309681567353279,0.721083512552708,0.192610911648047,0.303083951559649,-0.49987912626293,-0.3500866066398,0.742078826934728,0.0571213276320378,-0.318735137058895,-1.14425839384047,0.0449037212888006,0.0367198637810647,0.185373748870947,0.733109471562677,-0.127804979300274,-0.0042686538351511,69.95,0
61148.0,0.355382584001175,0.274334102423754,1.64866486094894,-0.369958373971835,-0.707958816951518,-0.529579722985716,0.0591849220919666,-0.265995033942428,1.28588650203999,-0.707464948864261,-0.293370400040147,0.821706145125705,0.9232751334552,-0.49082235428555,1.74036439441057,-1.31490734949992,0.241238393779803,0.441112934802813,2.23976877309948,0.199968793135579,0.14793106019551,0.998268356281156,0.0482182187458582,0.448840290576796,-1.30386728412997,-0.730667704164395,0.226444363902908,0.0522109651919069,0.12,0
144966.0,0.0908685862410959,-0.981554597759502,0.312577358788555,-2.20072184450046,-0.82994935125423,0.240964745154697,0.302013216500053,-0.100835983517936,-1.63437926340009,0.487383594393088,-1.64289400016904,-0.280166051302302,1.10199535133858,-1.17626950157426,-2.56205997822963,-1.42939317459945,0.994123056911958,-0.78525271761904,0.336147285447228,-0.0322147549962883,-0.350988070816203,-0.555465570149822,0.434714965034564,0.582222444284906,-0.372108494153965,-0.437766106896751,0.0763032784193253,0.0904674386112845,159.0,0
86835.0,-0.290290456401493,0.41145958583653,-0.40681294201503,-0.47192138133987,1.75634558641814,-1.17662053919651,0.715864902734489,-0.17174879194722,-0.244360592313016,-0.993071583567734,-0.802516215096906,0.242636883923375,0.732015252287037,-1.03285025952724,-0.453912230938826,0.26638677287081,0.255245914268695,-0.195417197445157,-0.15622503905004,0.0678986577512711,-0.139294606838465,-0.480183014006351,0.287937886210948,0.499634786920451,-1.25127238315434,-0.0402198208712551,0.1907960801934,0.297079231203227,1.98,0
94619.0,-1.6579962789488,2.21215121453967,-0.767046095699119,0.51152628348414,0.947753337413467,-1.00413692027664,1.12506915301456,-0.527573828213451,1.52267424213194,-0.140231095604729,2.25916420973176,-2.98161111736426,-0.057143694343112,-0.46154599097786,-1.1940945685972,0.754658723900314,1.6466646653377,1.4445356056371,-0.683048238302912,-0.497928699759612,-0.252816511929426,-0.754148485195605,0.238948617692238,-0.294023943855742,-0.930337751924744,-1.23176338937607,-0.951076578666655,0.271661970086256,23.38,0
53210.0,0.48245974404312,-1.07062776055595,-0.506331420773718,1.20178294120926,-0.355937965210035,-0.0278509000134406,0.474173496632755,0.0969339710652377,0.0404545626202096,0.0655044134591379,0.734258792650738,-0.724562540271413,-3.04489691652508,1.36484365331104,0.730753157895298,0.108642652105697,-0.266053826054709,0.29491559585768,-0.323842683958062,0.393421504979862,0.215548741466032,-0.315722890551532,-0.404193214774062,-0.363542174096815,0.432259988792359,-0.354699763712515,-0.0734455876801819,0.0572601974425391,370.98,0
157435.0,2.04984078294252,0.261421020503218,-1.71511922900087,0.504883889942535,0.29767704070366,-1.37921351843035,0.321376313344662,-0.416838383813465,0.460220658508404,-0.507180326315059,-0.210918871983993,0.531138929609917,0.890031422009615,-0.902789531578551,0.853476515956255,0.123217663873567,0.376874120395882,0.325558217600719,-0.484559905432609,-0.149401399561984,0.208314669611625,0.823445434396543,-0.0349398659861812,-0.123170021203213,0.276759409339443,-0.097158746046977,0.0060985354237098,-0.0301119611789322,5.62,0
69851.0,1.33226153247026,0.515372321055206,-1.00702864348722,0.398491132418771,0.777826442883544,-0.308176154324006,0.266058292992821,-0.0848865177142488,-0.329549988145296,-0.426988976092005,0.59939310783226,0.176584693370287,0.128890606117939,-0.90542846734927,0.332805987637519,1.04981236650025,0.068516281988051,1.07406431710186,0.478101458861916,-0.0204282586631097,-0.175476488773759,-0.477543982714188,-0.259984013630546,-1.11659412755942,0.723587534463672,0.435491246570084,-0.0394083207841116,0.0127349293275602,0.76,0
55738.0,0.617066647607309,-2.61565689033816,0.775484420557968,-0.9378034363377,-2.04095351510307,1.10352178035721,-1.30921147633095,0.36859277169658,-1.21975597025728,1.10243520252234,1.11049365514733,0.313421056287762,0.222004865409258,-0.720041476413281,-0.974586399355792,-1.11012908901682,1.27484069101621,-0.52898677187842,-0.398025994578782,0.327917981172936,-0.0316394342607598,-0.242495104528183,-0.184256031123899,-0.283826414165758,-0.0410035349914853,-0.239268031165078,0.0401412910049063,0.0764085449987488,374.88,0
93398.0,-0.908512372643344,0.664122609504557,0.355847767674843,0.642749937516592,1.3622383085621,-1.13127926805892,1.19567689263748,-0.3338965082781,0.92654774996109,-0.767643201695172,-0.602038590662673,-3.61127378305884,-0.593986153181623,2.22341014908581,-1.37565579496881,-0.700700422050797,0.624723285462781,0.0286424119171414,-0.414656526661286,-0.387986291821759,-0.0543266758253155,0.0893522457146356,-0.401439041365823,-0.178173109580468,0.459357270818626,-0.525342901866553,-0.0302959896430664,0.132165206602587,45.79,0
46655.0,1.38685198463687,-0.910457921380158,0.380348280714747,-1.46944020831815,-1.16987200993971,-0.490804798984189,-0.750913381197997,-0.0856498272443477,-2.47586144730129,1.51698954272884,1.91632939888096,0.518968775112129,1.17822377514331,-0.065342672059237,-0.0601214639220909,-0.626108808443832,0.614926628822569,-0.705043277672938,-0.134436690711702,-0.263477532610012,-0.530565575015027,-1.23497752448521,0.304677603125708,0.154473157287278,-0.0222690928883336,-0.646853001818884,0.0323264400244919,0.018656719675561,34.9,0
64802.0,1.52129861360359,-1.43809344836942,-0.968951338525994,-2.24590901756052,0.806173192511947,3.62651596378603,-1.66165376032419,0.856069359388915,-1.45892021926185,1.32803853368005,-0.710776394410088,-0.788288376454266,0.289272348867813,-0.616636883203764,-0.621636417015088,-0.654517552000758,0.482597058999029,0.165953888942569,0.514892819761517,-0.20711029360284,-0.304308707431161,-0.437648392917898,-0.0817272820103689,1.01328297761807,0.697987127573229,-0.0870893192806817,0.0481250114543571,0.0131918822299741,25.0,0
82327.0,1.04486641103166,-0.171743390898743,1.35183500069721,1.23474019587865,-0.888745859991953,0.459940388570901,-0.76449289737729,0.38936777974012,0.68941780191319,-0.0642568836919431,1.22792931592859,1.05941846108222,-0.604687921750556,-0.0222639947002497,-0.230819935289426,-0.0543295394514825,-0.117173264375668,-0.0215291877495994,-0.355264979324069,-0.186401787514177,0.0269091788994551,0.249475512180938,0.0402364463198105,0.208459203398967,0.266255853718892,-0.407749911493554,0.0815569863985715,0.0262514571005765,12.99,0
31245.0,1.42076282103628,-1.09528229569111,-0.0640986420629892,-1.41153714991384,-1.34690117603003,-1.02006121729797,-0.658130955615032,-0.130681021644085,-2.14476662250437,1.6641361015293,0.970798684778009,-1.20863451795069,-1.69716057792818,0.561313314458097,-0.176298293170553,-0.359909829939575,0.517879436419467,0.188487472764452,0.323248462705149,-0.372900031382419,-0.452089316016217,-1.19290060114495,0.127604565720128,0.227534802855283,0.226847849340249,-0.46490451661262,-0.0218684127553097,0.0084324702771913,56.32,0
70115.0,1.16509922291916,-0.60183212372611,0.500363373618446,0.669869288233209,-0.856219932497549,0.116735517062024,-0.516432282605835,0.0675031132517255,-0.757717668224724,0.835357227574525,0.287344686122504,0.689563989618512,0.043450424915095,-0.0783708765157695,-1.26395771924891,-1.60413071856302,-0.103658520395623,1.5814312699437,-0.40245035114034,-0.427226784834879,-0.356978549275773,-0.485858413285408,-0.145265423236609,-0.0122742087195749,0.615984758345533,-0.273128476660268,0.0472721858305693,0.023674124317162,68.95,0
148212.0,-1.2793712021083,0.332897120417248,1.97988092247571,-1.0724731396694,0.0891547404496951,1.88981474421392,-0.855287958453062,1.24144872417887,0.391571512721579,-1.38972082660276,-1.06926077164754,-0.296716303517116,-0.49370090304853,-0.0772901893240438,1.51837477404402,0.197751087545503,0.146887108634118,-0.568429625544019,-1.41886859227272,-0.177471021780009,0.309280286890274,0.787575007197908,-0.242561348833697,-0.5293188035569,0.086657580981748,0.829030437596816,-0.0559371235212261,-0.0298786277437132,13.5,0
131149.0,0.225536600908329,-0.271418694135866,0.500382269571147,-1.93612385385162,-0.383644701416128,-0.294170471803508,-0.0099287036716627,0.0888520103998645,-0.790604392180915,0.253379094254948,0.0616907826301418,-0.95571046027641,-1.21823534059761,-0.0430496439257317,-0.947761817752984,1.42307016770177,-0.253746677528218,-0.443966696546161,0.849369069731701,-0.0006378717449773,0.29845977678359,0.723612078500286,-0.0676663509175915,-0.513540269289297,-0.389335150335231,-0.240228166582118,0.0473687550106087,0.0268520677521741,38.0,0
49521.0,-8.69256955545295,5.70980140015365,-1.68950541544408,-0.295088696117284,-2.11443495283076,1.274864826234,-0.968020122748657,1.57513803479705,6.0563591795751,8.51840809841369,-1.55558617291918,0.779456968335306,1.16168574402885,-2.69562717454464,0.589301055249577,-0.892792754136626,0.0633580025607033,-0.30588091383444,0.359799519062996,3.42547084699736,-1.13485360372327,-0.205823258968123,-0.317008099567132,-1.3642211105074,1.9807276510685,0.0646114873626526,2.07407802745775,1.55350820463024,30.0,0
143398.0,-4.96190946782638,4.77345825702642,-3.99577341217347,-1.54924210929549,-1.01303338106828,-0.597640900539095,-0.937856468415651,2.14547752721065,2.39313098366743,3.94284975243222,-0.973172194894152,0.237389941924002,-1.1304480587119,1.10444170629315,0.135843069079437,0.346848845997031,-0.477990615454848,1.11614363130315,0.27491994325888,1.55242839684728,0.0187051328940999,0.718197690934324,0.150148767668008,-1.52055152493074,0.214405827406193,-0.0887786690868935,1.37529556048288,0.72901350272719,1.79,0
69447.0,1.18227087138915,-0.245619761734425,1.22047382192705,0.874985337697699,-1.19916932281735,-0.332668273938119,-0.709043017585518,0.142997850765976,1.11604475617259,-0.203831125908515,-0.940753027366609,-0.209762687247361,-1.17899767360865,-0.163798223740959,0.3339393442782,0.220036703128523,-0.104388348055337,-0.0860099615161757,-0.0320267376575838,-0.180657702671178,-0.106364453983777,-0.16991017557924,0.0471362110395995,0.400556030409747,0.213383183154731,0.320570682285498,0.009056140499713,0.024557782666738,8.04,0
123226.0,-0.0221924502415294,1.19315959723956,-2.04036707740659,-0.479112817070234,1.0515379392638,-1.31989947708554,1.57403844200782,-0.0827657193971466,-0.949970984945596,-1.13940206220157,-0.728238017596153,-0.0264912354197708,0.432289786674038,-0.330043204312041,-0.243467224524315,0.163903514589917,0.541553387475424,0.0642018505947245,-0.448624121806647,-0.045956677404754,0.274958505131029,0.580212138756802,0.121525945927853,0.629685211311758,-0.345614317475043,0.481849449994014,-0.121920250740652,0.0475695795349417,92.87,0
154576.0,-0.655519005931556,1.38294979626787,-0.722583541691999,-0.77805875788062,1.18931439115971,-0.797480644486835,1.15724773482124,-0.377382764360582,-0.114173715075018,-0.443836353990494,-0.679988318587528,-0.134454568060517,0.849232094800649,-1.35211326484841,0.295784021818784,0.472998012244367,0.155562696674317,0.504255858119178,-0.506275339909872,-0.0060485947340156,0.276365527115048,0.868475106005628,-0.189774813114925,0.45435635645119,-0.490037014903688,0.493787327177941,-0.127788486912855,0.31634213061097,19.66,0
156899.0,-1.27206485537116,1.83051999406131,-1.08739771181446,-2.13376931324633,1.95396689417273,-1.14530617981506,1.87275541009815,-2.9276805704775,1.18134182709664,0.0128688337263918,-0.772129102986778,-1.17354644282727,-1.00485790820662,-3.13519925720889,-1.05874716288471,0.456762362117125,0.726662634148699,0.174281188119409,-1.0232977778961,-0.0787827144741392,1.19226860590247,-0.785619542364581,-0.236855012889832,-0.819332094096586,-0.178935065928508,0.915212322363357,-0.915344612795583,-0.538086911891737,7.8,0
33141.0,1.05401021617672,-0.866664757313578,0.0662869579914969,-0.309153995301905,-0.926510740736376,-0.708050082506171,-0.0202725827217044,-0.282313942732501,-1.01234446923573,0.476894902925858,-0.0311216378675978,0.764523218727409,1.22569296890494,-0.122370232879321,0.0789695499849227,-2.21892934337448,0.651858108539184,-0.0691958033400216,-0.999890095762078,-0.169496621030596,-0.297415979143624,-0.496968387246749,-0.079465721317374,0.485532751319956,0.3006374469051,1.08201653189457,-0.0724339210201249,0.0260433758841197,154.98,0
10823.0,-0.790625549589975,1.05400043685508,1.20757541001838,0.816643791519715,0.853553602658628,0.635567349392662,0.143455001366561,-0.742005750649738,0.140088200510275,-0.273095806953257,1.82895554868179,-2.20047534525764,1.72120643332313,2.07112855986105,0.465968654786674,-0.614464717652675,0.902062054828202,0.493582688064802,1.77741520656487,-0.0501718286258285,0.625222522729715,-0.318427625044673,-0.312487500111685,-0.821371246387601,0.270285377431556,0.687324429542153,0.104088542117128,0.0284725410872213,25.5,0
87607.0,2.11657607963363,-0.149070550103464,-1.62014389631485,-0.0194883372190793,0.564930832804468,-0.110685009896735,0.0394064721592193,-0.0897240259327236,0.403437739622182,0.249784141604115,-0.297263226708257,0.578221519768304,0.0354098833224655,0.426344851348563,-0.54035219226666,0.498708659417449,-1.02565384213898,0.0944548095925822,0.952630050209765,-0.181783483326086,-0.329923837029077,-0.853303948103059,0.161317990008593,-1.39101931287393,-0.151952961377012,0.263973205365477,-0.0774481244558142,-0.0844694357078246,1.29,0
37244.0,-0.713067115617142,0.190033048451227,1.85296961691634,0.141618097488807,0.49036041964966,0.318868396089763,-0.0054226665616025,0.306773926811539,0.0249031421280509,-0.661626206983342,-1.13969327831833,-0.0578050763684504,0.559232077700406,-0.272630231181648,1.08523216211293,0.786437162995711,-0.995793911594461,0.215916013529696,-1.30499948957275,0.0548931981316127,0.20207352172339,0.412461684372793,-0.0623319779725323,-0.792222478679743,0.0797478640205048,-0.42953096264637,0.0467610249767434,0.0256475218331887,45.0,0
122120.0,-0.848353628229968,1.31171076631894,-1.4688839661337,1.13220487801826,-1.35953760988872,0.302497835466346,2.66049689646637,-1.3395208138394,0.469640318014031,0.827965008048828,-0.272407767146543,-0.844992079264137,-0.0726557862234943,-1.21734158509626,2.25401105814692,-0.80123326053713,0.995940075016424,0.933707716336103,2.32693252944025,-0.756596871781985,0.16552328829832,1.38039960216268,-0.510783877602083,-0.073849084216132,-1.3484221929151,0.0150163474165703,-0.733953506477719,0.0262014563921588,424.66,0
168324.0,2.06356519779202,0.0179905405851439,-1.07107589180423,0.489534430333306,-0.0990324456717366,-1.23291882602493,0.164579530672876,-0.392189737588769,0.332764870641418,0.1717840250879,-0.555794411529266,0.599123956003035,0.852252765527392,0.231326908822245,0.601399118882215,0.0938350774026812,-0.589966626907866,-0.334104002614228,-0.329512407342219,-0.172032170039885,0.150171134291261,0.58542202143527,0.10440346830398,0.108975253644494,0.0063114753886517,0.38055737427946,-0.0535923305102822,-0.0591420057269589,2.99,0
135787.0,1.85698452956128,-0.483613264078877,-0.224204784834486,1.07119896837748,-0.383506242349857,0.727910285212675,-0.907443320063153,0.364069190522596,1.0573138197931,0.314823917718019,0.0784019888163945,0.432646238519892,-0.587187683001411,0.0893389887084195,0.110994404714051,0.985209220893173,-1.19407493864334,1.0667052795463,-0.173293817359323,-0.159396114814588,0.0776234950864189,0.197409621541978,0.210781806259302,0.129003890621022,-0.319744015641375,-0.776941721565499,0.0566215272630926,-0.0233704048216068,45.0,0
144714.0,-6.91400848316729,5.51649365117645,-5.70280904882914,-0.537802051647884,-1.65392964969565,1.84625080010705,-6.34057999422202,-11.1993528450569,-1.13483657196657,-1.41549520756836,-0.966404192928787,2.76159487716346,-0.697504928338618,3.89507414301524,-1.56164890108927,0.628574613150521,1.19480806011673,0.682426438581464,0.0972462658724694,1.51240343768711,-1.70406673079526,1.39471629599378,1.45974096812471,0.107493449428303,-0.0681429595640682,-0.193817342902445,0.0274001787746998,0.44294007539064,26.41,0
30488.0,0.408550548749401,1.87223194766038,-1.83288736859704,1.54268192460007,0.845353349430543,-1.68303341175679,0.835902143288732,-0.168712178695021,-0.345445045392955,-0.600499725103543,2.60926906892377,0.0507663348214451,-0.43219963566291,-3.39829409496847,0.40326937807491,0.946418732091393,2.6400590429203,1.93473030616617,-0.225650291539505,0.205531636813126,-0.0957349136466091,-0.0474740690937334,0.124847164219281,0.18036549920292,-0.480062069626004,-0.438778979767555,0.223275442829673,0.0622322543558178,0.89,0
76813.0,-0.437672146679689,-0.757148876016592,1.98292747225826,-2.19195211245801,-0.741971649195451,0.224705311985674,-0.689605569320866,0.045963717025415,-2.11352930604565,1.43563797833286,0.873111408694288,-1.15588279466033,-0.483308191244849,-0.436949505003202,0.346673613948468,-0.32947724620571,0.250895102974188,0.731038093372263,-0.164111903540501,-0.251414077954323,0.046286249338539,0.585323963786122,-0.150630481753994,-0.332563230885235,-0.300807844763112,-0.154738720573626,-0.151159612747739,-0.0835041366340565,17.1,0
155395.0,2.09934437520162,-0.765698016445862,-0.936128838936186,-0.417550003529514,-0.595938243622605,-0.23641755285352,-0.697084768581764,-0.0051092005788052,-0.250086726549386,0.88346716717521,0.551379695474006,0.641513621081491,-0.0317293792631324,0.230267162966924,-0.408003598709306,-1.47538149033578,-0.396852736927532,1.81813554864166,-0.590641138872121,-0.62246706672827,-0.172337635043405,0.110369153492084,0.193507937403535,0.737231011377616,-0.0495780202484509,-0.2603922084335,0.0231322597761737,-0.0472422914655404,7.11,0
89073.0,1.57534150408364,-1.47290891371159,-0.971931307043371,0.772740212764028,-0.862519520629586,0.0261842581608559,-0.404692196507338,-0.0419183443049645,-0.169564850290482,0.894326293320339,-1.42776607679292,-0.467308124289936,-0.459981300026692,0.138606454749288,0.352766801155277,-1.27966051190974,-0.284680634452851,1.45154465101116,-1.35017204876174,-0.152606626564643,-0.174714906647787,-0.537004225048898,0.0665493784527772,0.51915921326776,-0.273994730141638,-0.720296927997851,0.0102828224581542,0.0197516992437692,274.0,0
91502.0,0.0073790751145725,2.36518252886777,-2.60028738169342,1.11160176466249,3.2764413263667,-1.7761407852846,2.11453088108345,-0.830084106599812,0.900489974281822,-3.37617706712688,2.05681205985716,-3.9842567303491,1.02196791340796,-5.96790496861639,-1.15160831490592,1.67973960141233,5.58611468683053,2.78913115591619,-2.24107485298106,-0.0063884972816308,-0.563944162060269,-0.902099515410175,-0.404382448597275,-0.0129439005065412,0.589836154947909,-0.734449052212668,-0.447529183217452,-0.362374775122343,1.0,1
46988.0,0.0999103592261064,2.21105131854058,-2.17168279466289,1.59342605915524,0.755876710560229,-1.86933412877851,0.862067151505862,-0.188791790315217,-0.164691040399348,-0.701565220102402,0.836707663580193,-0.151707921091113,0.640375783442073,-3.71842031677768,1.01801742850313,0.795707911205229,2.82152279640875,1.39668170553005,-0.442931034025225,0.202713387423235,-0.143943625940326,-0.107264208868149,0.128448138548947,0.054192902618602,-0.404371670309762,-0.450451981392943,-0.19060141127901,-0.211928325644596,8.99,0
51514.0,-2.78471314173619,-0.551268496673072,0.112359607909303,0.243862944223408,-3.12411206012155,0.892306069914391,3.25302009029515,-0.374855807914721,-0.927152307024331,-0.631376276803848,1.60196370517678,0.394213878060599,0.0198996870714702,0.479002410091866,0.79760277787919,0.579112811186011,-0.201293004171233,0.062352652062605,1.35006628832463,-1.33610590104603,-0.56153260607716,-0.215642673682134,0.841116214408291,0.651011877863143,0.24116876138861,0.982174590721075,0.346714523948483,-0.464834095653759,716.66,0
134936.0,2.09031306589052,-0.0894131405067487,-1.43537823189284,0.274797608494737,0.0800693665439903,-1.0363582700912,0.132673984880057,-0.295230176199813,0.774687140003344,0.0257333509338774,-1.13887100420941,-0.210942124259674,-0.596532532194984,0.586285763203959,0.93310259085204,-0.0852945647185399,-0.569374943641649,0.111704793579337,-0.169104180699467,-0.286008263931297,0.229893292835077,0.808198749606729,-0.0340877061054132,-0.401013931672027,0.267938825125724,-0.0710740095733152,-0.0182803553445482,-0.0638472624730681,1.0,0
130202.0,-0.234553364686186,0.82231831779366,-1.25887175891217,-0.249474571419589,3.65465572018656,3.36611615310964,0.748248706620469,0.737836748440664,-1.24922875919963,-0.118306647362793,-0.0955632213913095,-0.276030972488823,-0.327773879450708,0.958615652742737,0.93932793929017,-0.836534422076182,-0.215895357021382,-0.24319444842219,0.533988211803822,0.0839396835460763,0.144338294035358,0.299421490162939,-0.223372476171978,0.696045743923162,0.123137932031935,-0.431872221619005,0.166107127767768,0.154541576089003,10.76,0
55526.0,0.894391080625089,-0.476739139760999,1.1963109814816,1.43082041488023,-1.22388178657949,-0.0459159911815044,-0.608919995497587,0.255615543559481,0.649383207387984,0.079841287404715,0.922597401398845,0.320094060143058,-1.45615611986076,0.260447927153639,0.0398586591893309,0.50361613103715,-0.511950670625247,0.830707874721541,-0.298130915706895,0.0032304977880278,0.239102253209975,0.504596752949798,-0.155534393792709,0.53043444202977,0.359147331191372,-0.279798155700356,0.0338375601861613,0.0440664913077061,116.35,0
147939.0,1.98424079613247,0.115782732788196,-1.65912745028773,0.440728145408658,0.174925629032737,-1.16745403934305,0.153436322285011,-0.217630193318173,0.358445352173547,-0.308374592076621,1.4356985527259,0.676843718998002,-0.338103645201887,-0.473259670913405,0.265013410133106,0.327666392410403,0.246406641809035,0.908694593484483,-0.247638101717515,-0.203358871932845,0.260785208457571,0.869906433060594,-0.0198459605994337,-0.0517545677617219,0.186102461790931,-0.121078973977355,-0.0058945221885278,-0.0401309730415046,11.3,0
118701.0,2.04200741825234,-0.269343995583852,-1.22346817558554,0.24651534189517,-0.129921755689674,-0.759999226348979,-0.0788118515502486,-0.0394807221194771,0.644252642611967,0.309077198987471,0.288302504512947,-0.173865333469501,-2.21291358518259,0.900031709169539,-0.390535785072699,0.289761336881687,-0.5265634778321,0.005640610694069,0.571569661857153,-0.34885263131034,-0.284975918187266,-0.829115643087356,0.316047391894285,-0.397587224266018,-0.361575800065788,0.205922832481637,-0.0894955113206423,-0.0783415458207774,0.89,0
76526.0,-1.578010567485,2.01397470157898,-0.0603710751105057,0.810474352637678,-0.449278247209065,-0.232243329491889,-0.352933530368567,1.14131632034151,-1.00072187875054,-0.612244580253244,-0.980810903535695,0.524286222996276,0.645291892086656,1.11558272762603,1.15019901310409,-0.20529696334183,0.423582729129409,-0.1801159830353,0.200652447464388,-0.380961971875175,0.345083091589391,0.553363882753196,-0.0261547679231155,-0.261531679033348,-0.237394823754801,-0.316568756616445,-0.592882885516937,-0.0361458959983817,4.98,0
116143.0,2.03337569691428,-0.554224120275133,-2.13342624140892,-0.587363611809442,0.198783400532932,-1.05566746633099,0.358080621134956,-0.309688399580059,1.02134223467694,-0.201460922898792,-1.37348685100732,-0.646276039528634,-1.83682922079084,0.741523283216849,0.0490880383146558,-0.533399167979891,0.0229360462386961,-0.542232135823973,0.715255047383808,-0.151855840423183,-0.055551753311766,-0.195183654473335,0.0466777764635126,0.518630917101477,0.0906662487562879,0.906204546724267,-0.152602821924138,-0.0728202206433087,70.0,0
35864.0,-0.391152140315095,1.88280616216514,-0.253610548748415,0.918155638346493,1.29488424833262,-1.48287239979008,1.47202597232717,-0.375877929692783,-0.959092353754595,-1.48357183410189,2.47761948678251,-0.633780404219888,-1.29641804476787,-3.33011159508961,0.281048114871464,1.0144286655007,2.49475336496876,2.01467332562351,-0.44866389213564,0.0288206108540285,-0.108541367857665,-0.219810653844232,-0.390664946224373,0.179453955986151,0.260307310988348,-0.404635656431095,-0.218450551365718,-0.0964566293714188,2.99,0
9531.0,-0.553198577563401,1.13721585912351,1.60813234893884,1.42273748435212,0.225375236531103,0.0937467094915189,0.627984362835085,-0.107331199458778,1.54080403489885,0.0868759311173222,0.2007347268232,-3.1769644068404,0.0582853422852379,1.44959246271232,-0.318637197954783,-1.28479738015577,1.32901817672851,-0.280510594259414,0.505154165515201,0.182610148699975,-0.289561026633062,-0.0266362820839171,-0.163807520856791,-0.002608460470619,-0.137465968396494,-0.280785988230527,0.345147489688206,0.0310409740008941,13.99,0
156091.0,2.04771581189678,-0.0794438244280749,-1.07085034758426,0.425282810140019,-0.163511102641864,-1.21866746602401,0.188284526964871,-0.33229949196003,0.553831823551077,0.0726044158113705,-0.748538826112541,0.393531183452128,-0.0270925246517849,0.295664644027927,0.0502309423063486,-0.102588276397569,-0.279422980357065,-0.859923849614681,0.141081243039144,-0.215868026023446,-0.285366254365142,-0.708687443394375,0.336066579579385,0.0441916618809708,-0.305289886644042,0.194919800427978,-0.0726748349458483,-0.0587889113418281,8.99,0
56553.0,-1.77691561975682,-1.05106999898643,1.87796138440263,-1.22725503630399,0.716878464260887,-0.0516357351695656,0.373518519536447,0.115688813549674,0.367313080491179,-0.762220756820648,-1.13534711376244,-0.595742925124079,-0.084465799138796,-0.360632230183538,1.28651500671863,0.789286271072195,-0.917639809186727,-0.0564901020536194,-0.796659975216713,0.834820160713214,0.0798375826233852,-0.193132661143127,0.301893058368084,-0.915617172488432,0.270456453372811,0.931610052032121,-0.0490378500818944,-0.0837786447689169,200.0,0
143968.0,-1.69423976061423,0.486023541567995,0.281916382518753,-0.0952150562133645,4.70026513224854,-0.984507353122468,-3.69742792547519,-1.05456844350962,0.506797661176168,0.130818595657964,-0.477333543996607,-0.370816185557981,-1.7025882201329,-0.277949106000104,1.40180670266035,-0.928288420445185,1.89724147198849,-1.44558118694159,-0.27928216094361,-0.693925090084776,1.24091869987551,-1.99623346952547,-5.46343717927518,-0.412985539382828,-1.71786749990363,0.324397277547734,0.621852499463897,0.361665335107864,2.67,0
84490.0,1.2844696766957,-0.599177426663506,0.393762308631272,-1.09275282140484,-0.790757906592247,0.112750303565295,-0.858483270961421,0.320976263250177,1.99437624756365,-0.840865847811275,-0.181379239622637,-0.194187004472787,-2.25010342439409,0.441251953809137,0.912615419354558,0.203734829884384,-0.687066097539769,1.34982512073571,1.30139220655111,-0.226040540672689,-0.0642019658362733,-0.079030321688336,-0.164521192364597,-0.877598989899483,0.547138120165799,-0.623812514827664,0.0730747282779249,0.0082723522621837,1.0,0
39889.0,1.04282031676595,-0.384039970526018,0.521107074784265,1.09773317271385,-0.208661938841581,1.02683485694456,-0.571058869064964,0.294048406431947,0.861185833792622,-0.152488157344633,-1.81192424596879,-0.262951194517481,-0.0815190531468434,-0.21332339441406,0.992989936199576,0.430721810309838,-0.6244979096186,0.278108898203252,-0.343422176970439,0.0407553104102472,0.110590229484372,0.306681386170578,-0.308641390488892,-1.31883834642159,0.571586570299902,-0.134144637713226,0.062330841983236,0.0334913982024053,98.1,0
75399.0,1.48379328395548,-0.281096222131847,-0.727397429706637,-1.16403672691266,0.40539509925056,0.193514958276079,-0.160302174545027,-0.113611904510591,-1.52894779552432,0.778914770615559,0.709159569200663,0.4382614755229,1.622233673676,-0.0175755911981687,-0.078990970869241,0.960749069323424,-0.137383250775871,-1.28261705036974,1.07350576308514,0.150131137729633,0.188448186567309,0.580512312956333,-0.320889069392299,-1.26235573136339,0.922416401862936,0.0085583900180257,-0.0065604772596076,-0.0247395326424502,1.0,0
147961.0,-0.210898722523444,-1.54460813212491,1.42558516736942,-0.634275287712204,-0.581557266617716,0.412292144879013,-1.41562864263711,0.577301119214309,0.216508905377843,0.349350043106839,-0.244357126011881,0.104586045375643,-0.975824272977542,-0.626625911102278,-1.56775502435191,-1.31999381117097,-0.0022768033445154,1.9314504962526,-0.1055762581732,-0.265133476261942,-0.242127207258931,-0.324721363178723,0.49408339604263,0.724459163166533,-0.969281663126605,0.459985491023058,0.0178912215302525,0.013946116666908,59.0,0
35953.0,-4.84437152213983,5.64943864783758,-6.73039574613665,5.25284201867297,-4.4095661499774,-1.74076745609347,-6.31169852901067,3.44916731253577,-5.41628435913526,-7.8335555711125,3.6573495649865,-7.7814479532704,1.50772042676786,-8.60475886835984,0.0105926875670707,-6.55397325691037,-12.6243936527694,-4.98990973846596,1.64541389333247,0.284555090358885,1.19488835625662,-0.845752531858704,0.190673885417928,-0.216443252531192,-0.325033100382822,-0.270327592956951,0.210214051535782,0.391854886292055,111.7,1
150705.0,1.97546885616937,-0.20623189315583,-0.23272308711676,0.446209088920177,-0.580549586089157,-0.642066823561262,-0.377744866259485,-0.137507497156779,1.08565694773175,-0.208397487160534,-0.542491809315761,1.22600068339027,1.36183823535023,-0.283403532187585,0.558814654297064,0.0733337162336909,-0.558160068153934,-0.440895847185151,-0.156455572997422,-0.15210092891943,-0.159403836405179,-0.236600755874359,0.363958681765906,-0.0231084921460674,-0.400677078167718,-0.623420065353341,0.046628460920761,-0.0284126134256392,7.48,0
74811.0,1.19313058254704,0.500213227382073,0.0318566589543962,1.13316250637053,-0.0555272334216764,-0.507007076839335,-0.133631013296811,0.0634617867458506,-0.0395734721593627,-0.454094320033046,1.40988165219461,0.328107868294765,-0.422171642554386,-1.02887756639658,0.654311236826989,1.11590144325396,0.274137258663578,1.21892545932664,-0.220685216499451,-0.102110039159926,-0.136814920087149,-0.401402434891561,-0.038297343952128,-0.170448097481478,0.422446574703105,-0.488563101734371,0.0476571590220468,0.0492728352052115,0.01,0
145122.0,2.20380410982455,-0.699964662573318,-1.44125580782762,-0.86963733846775,-0.61305178033495,-1.59447010348971,-0.171861740700577,-0.407083936877013,-0.515469252854142,0.891618260915408,-0.711015588711937,-1.16875460935574,-1.05516202542389,0.402157989886593,0.366420427813496,0.904966724773298,0.276807807363993,-1.63014626246281,0.667122365289327,-0.0914093342443139,0.0453870512658776,-0.0057852942125225,0.21853034904348,0.0129805981694306,-0.112867234246109,-0.314627703962597,-0.0584359948166032,-0.0621831508547127,27.0,0
127807.0,1.59970896329555,-1.74189499625202,-0.46978772089769,-1.51289746512152,-1.30750598914586,0.208804832797886,-1.08819643525297,0.268395654104619,2.53850095112272,-0.900031894177071,0.476889571760072,0.854149817822406,-0.576604644850499,-0.0102943137106422,1.0898791370944,0.410255335016135,-0.869286013404774,1.39797146785719,0.735884030963637,0.255366587089424,0.382880315669503,0.811238787011771,-0.0208918600815721,0.383573901111544,-0.402033132776929,-0.22922490104015,0.016005323084545,-0.0011886405772522,217.79,0
63809.0,-0.834014016895027,1.78366825107165,1.17939446058285,2.25162253068514,-0.233663421515593,-0.25858231479921,0.689494921854909,0.201409789582005,-1.58913747782608,0.381647697366847,-0.631436442478284,0.20090086098264,0.937336037366217,0.343245114557414,0.435903489440168,0.377935909182592,-0.264764232416712,-0.28369862093103,-0.114859976438196,-0.135629837786808,0.0077786498301569,-0.176080041989194,0.0808406172270023,0.382034887503498,-0.562413225565611,-0.218754467421244,-0.211058982852138,0.0855348686395334,52.79,0
118824.0,-0.377375766004532,1.21078241259845,-0.199822724202503,-0.856142387179424,0.709070493308141,-0.749849953375616,1.02731282093516,-0.182862798569559,0.287598081194658,0.187198436263851,-1.38747181584936,0.273734579661387,0.782284985553354,-0.199718534776505,-0.391234587326253,0.0389098694205923,-0.715639686719907,-0.635524406805411,0.112798022951389,0.272638641872986,-0.362153412539686,-0.690400571898036,-0.0053772646103699,-0.6505154985785,-0.272393412471292,0.188519558860714,0.46660901290327,0.216611635921047,8.99,0
26521.0,-1.05686008939342,0.379906164496252,1.4172292659686,1.45800815781476,0.238160858417835,-0.254414460693733,0.250158087469943,-0.151465935152851,-0.618933247920097,0.454514927694938,0.173645565792228,0.262067519749157,0.914761379968495,0.102366302605623,2.40544290377865,-0.992928390042242,0.646932518802243,-0.604818555374201,2.05194682495948,-0.0396083434702175,-0.160022471946678,-0.114018006637586,0.588324726919058,0.102332490165867,-0.663733587199414,0.399915642589508,-0.178068107666793,0.240068072022678,8.93,0
136157.0,-0.655736870151899,1.02207446620623,-0.911435671766592,-2.22072234103131,0.50848279706698,-1.00628311156748,0.491246970954927,0.189387408998381,-1.31261010889896,-0.400216939542085,-0.763642778789961,-0.291601540675245,1.26408622278676,-1.49828076320754,-1.00549376218556,1.40355600324498,0.990506448712148,-1.27396097401785,-0.0251683726772197,0.247555226486405,-0.0471385345156866,-0.114820381443689,-0.16075359100522,0.395259477428342,0.378686707399823,-0.379628872534478,0.239455317252947,0.0911212905313757,15.0,0
142094.0,0.0175115192975892,0.790409867217233,0.159398120817512,-0.790734912128561,0.64875440615226,-0.508733445585494,0.892212618627465,-0.0078130132716123,-0.268491268111451,-0.249707187007422,0.490139049916559,0.678829436742669,-0.109619905622532,0.311906665524348,-1.02032016829516,0.152729285644487,-0.726511621272429,-0.214410657083218,0.267104846452023,-0.0251070555729695,-0.226454699743028,-0.507889438444956,0.025403652727015,-0.430541324035375,-0.489723018687167,0.148135586280504,0.244896135159616,0.0829398826186807,5.34,0
43460.0,1.13843822174807,0.207140282754248,0.396428323368944,1.08636299373563,-0.135116040509309,-0.0964598220681184,-0.0732698145927801,0.109256947974998,-0.208962526373803,0.201610935516295,1.42312646862101,0.703406250193053,-0.514128386052558,0.643397916345429,0.537807838301611,0.0752481281241074,-0.419508578968211,0.0329641439324426,-0.541714935209324,-0.181931452605464,0.147244349609243,0.441137695385895,-0.0914760701538124,0.0095569863904042,0.553837197322523,-0.267060241314315,0.0271459726647465,0.0082369806473036,8.99,0
6474.0,1.26142006279818,0.523283125022557,0.46466035416438,0.889252086847102,-0.230428357966923,-1.00899482875233,0.0432525632171177,-0.326309042616898,1.20528951916627,-0.674646050337755,1.00802125047006,-1.8776616147478,2.60685935727833,0.999450740208475,0.275041142708122,0.414343916772428,0.684726407099547,-0.116980588543266,-0.406451529926909,-0.0781545085141763,-0.43005455408653,-0.95499306127914,0.1329482970075,0.304598389070936,0.218326686740802,0.0534048244869368,-0.0448089067064116,0.025864992386423,0.99,0
42854.0,-1.2479594658192,-1.32018411920001,1.63691143614028,-0.652120437289359,-1.67359868697297,1.25452932043441,0.654708893026729,0.381271941086287,-1.56349121968196,0.104974533439005,1.52241279111025,-1.16793007513464,-1.46845992766924,0.263417502142561,1.42476035190078,0.624184113226752,0.916372664270191,-0.771877609729898,0.99299761104903,1.08298846348262,0.702480795047369,1.13931186089865,0.716691065385606,-0.325851915962919,0.180467952230152,0.110422612585365,-0.0368671724223247,0.0915946021026317,415.0,0
157185.0,-1.76303301126829,-2.92298180232353,-1.37269123044315,0.751013961688856,4.48908006007877,-1.94394152061621,-1.60867690880064,0.319395506508225,0.35488651632206,-0.219010547232093,-0.413365048173409,0.171117590672566,-0.411122675268785,-0.803562463543724,-1.16516834338558,-0.0011629426928534,0.435120737413542,1.31383436903523,1.25208419978486,0.853349199370876,0.574137070716054,0.899076770649503,0.696560704017732,-0.385805786046924,-1.54020675929034,0.516316913831338,0.213664658480496,0.430718058006443,28.75,0
46473.0,-3.25803915644701,2.39409213460169,0.375393137788212,0.683553737550692,-1.43259305055031,-0.637146474029127,-0.279879513776409,1.11224740713178,0.399022177076168,1.18374003777359,-0.739035467616347,0.105562420178612,0.010967805082888,0.445885518118422,1.47142205852774,0.1348134651193,0.0992625436544277,0.444335094324344,0.117843379572753,0.610806651623801,0.0213533067258467,0.458733478016192,-0.357214153022643,0.400838396405174,0.835527435443466,-0.0924807075125967,0.426014527452261,0.185218888588807,46.78,0
169290.0,2.20370319097208,-0.603706584238521,-1.39215415952109,-1.20599143538137,-0.0083030770160513,0.22417675883735,-0.980169832737804,0.0969290943575172,-0.493583287487783,0.408990903954633,0.79707256342146,0.111139168362398,1.3149370702506,-1.5915553636453,0.278539577154138,2.3204951666811,0.22134636872037,-0.153262482352027,0.856472143448367,0.130732638711442,-0.0518075533607775,-0.201043061824994,0.264919376945827,-0.470536522968969,-0.385029180638439,-0.46541455223554,0.0229078307131621,-0.024988386713698,4.49,0
22286.0,1.31174759448577,-0.212182476730847,0.336163584492532,0.476324360403685,-0.602359309992526,-0.348796933206423,-0.495420962018721,-0.103106935656201,0.157741735390789,0.651666413121204,1.5438513581735,-2.56356143241734,0.97867944752714,2.00781185826996,-0.501502953402519,-1.13413341869709,0.226533775752946,2.32293176943824,-0.993479682020649,-0.603092274589061,-0.347381230029459,-0.328100742879134,-0.123633559745779,-0.096191878690601,0.608682586172071,-0.251128715821332,0.0023141532947515,0.0043879083702894,17.8,0
139853.0,-2.25916795141565,2.28283187333222,-3.17131380343468,-0.0058427134919595,-0.224138671315653,-0.568719754585652,-0.819893361838185,1.63581380132467,-1.11440100292057,-0.194980257139118,-0.181657666073115,1.43494251261985,0.592954515622601,1.89745856595374,-0.855297381217022,-0.199755122277573,0.579582074093947,0.123284522460538,1.37332815107255,-0.74275668196226,0.51293759019943,0.581744210566075,-0.120040672469137,0.323841204517686,0.113280828225244,0.701869031366886,-1.79451442141016,-0.387261743400127,0.76,0
32519.0,-0.988053838570801,-0.144010397991048,1.82201835077706,1.1902680060091,0.822826812969806,0.124805419839105,-0.350921761337836,0.369919732609179,-0.647925715815055,0.0258962596985936,1.09625437544254,0.582129472224415,0.221094765161366,0.323678927201947,1.10895461028305,-0.0649415088275135,-0.327073413230706,0.676587443439017,0.551813129173051,0.356723724251011,0.390001807168359,0.874560611262202,0.0441008959787594,-0.29144557841059,-0.308356591041134,-0.188318866830399,0.159967107592993,0.162246509111214,41.0,0
43249.0,-2.24030460659285,-1.09861191470926,1.73522034269555,-0.70044200948322,1.77237574606905,-1.58282535607623,-0.423940705947394,0.0496502474703902,-0.492298045816059,-0.415104410699191,1.02507773629502,0.699498615870918,0.270477307252668,0.203967001399274,-0.0074925640279628,0.737551439175114,-0.90893697320573,0.16553814491085,0.0544527058332033,-0.0415932333471085,-0.0458402045882112,-0.343094736753818,-0.287061613602856,0.0776263011356053,0.24507222648445,0.829576421472776,-0.125813226909356,0.150823261563533,35.97,0
44031.0,-0.428960598490366,-1.03517968290989,0.986848547280971,-1.39122700166869,-2.42816185160968,1.02041293090117,1.32868884005623,-0.509732114976904,-2.32020034855363,1.22982518458588,-0.444280781260584,-1.30213557396779,0.926214457332939,-0.726636003458123,1.38112642256155,-0.794010629428544,0.723772028399325,-0.116752110142284,0.614040658599706,-0.0544394472941502,-0.303507844960749,-0.17149798530053,0.576841703580165,-0.311144867289463,-0.827136215017571,-0.350824253698317,0.129095052635781,-0.166714088369007,435.7,0
108868.0,-1.87316420896421,1.239411719088,-2.24152005395145,-1.36981847916346,3.65396734606195,2.8031555049345,0.505055687714146,0.938192240573855,0.659418694875691,-0.92525461273262,1.02973199220944,-2.80095925141448,1.12343508254046,0.978442178408439,-0.702364700151692,-0.253842153440427,1.57524014104992,0.0171677868589861,-0.398333128684752,-0.327280233679812,-0.271288514849264,-0.190593413476059,-0.113413381485844,0.617994568028046,1.50247888652008,0.850660678357978,-0.155366749487043,-0.140641815014673,4.41,0
2013.0,-1.51316151426337,1.40971120120177,1.7459222280453,0.596409816979934,0.0822107204757595,0.0981142930056795,0.508320404072303,-0.0673181499314715,-0.528350895128025,0.521864428320134,1.66919869054167,0.505652354694683,-0.38626550369543,0.312463262944609,0.877390441629429,-0.432541118134822,-0.104645529207347,0.0519730827962911,0.405630720156616,-0.142991117927156,0.201690328958676,0.248658600858958,-0.186454583726368,0.212918556427208,0.158447269452984,-0.394526536425496,-0.88436945407606,0.128102783807954,5.0,0
135980.0,1.80746167543938,-1.61893719082285,-0.808838755441972,-1.12806342765928,-0.563961434849668,1.29712734507274,-1.33433901227517,0.482846019758718,0.0084000773090345,0.775680955143729,0.893978635655838,-0.215512034000967,-0.467533262308909,-0.0549127797433105,0.782831192000706,0.93624177992529,0.37210211021588,-1.48075890320711,-0.295099741864831,0.10379489320546,0.55088504258774,1.41286242656975,0.0348245161430579,-1.6081630065008,-0.431590151132511,0.0360160354048305,0.0342262421103853,-0.0530254210332643,129.0,0
168604.0,-0.934616542166275,0.117287073293619,-0.479186653210616,-0.322113113267021,0.623577135157559,-0.431200639250423,-0.349578769691703,0.544149516426475,0.582276217177523,-0.937326616552925,-1.28615855726812,-0.0633103114844795,0.490710399689903,-1.3179229208377,0.246140564087149,0.98770440144875,0.209039791748438,0.86924501522754,-0.661755001541613,-0.0896120142780768,0.276047993816266,0.964774110105419,0.426517976786573,0.226784943017103,-0.768362698525779,0.489295408337615,0.195649458408615,0.107639851829202,21.0,0
42241.0,-0.856165575158195,-0.44621837416071,0.793857367000715,-1.64275947832251,1.45215948710597,-0.857705541756917,0.318992499490798,-0.264565444491279,-1.51634552877578,-0.249316401354264,-0.448944476775966,-0.850893519233158,0.950495857681611,-1.47404825380113,0.331337252329039,1.15626753065304,0.704735954439779,-1.32617497639097,-0.099663524682281,0.48247567191116,0.147491933340766,0.236355047228783,-0.285594589884934,-0.801894770381303,0.844480332000195,-0.172266324337013,-0.237157049175199,-0.234737922560606,36.88,0
24587.0,1.06791499076402,-0.305004568183267,0.771406482286299,1.5319010321075,-0.0359329726530315,1.72754056745431,-0.77301552907384,0.478208244406408,2.49801517658875,-0.606272637429027,0.194499508123682,-1.74543146717675,0.644101390907237,0.992175325223753,-2.94274360623217,-0.544118887171819,0.82209444181526,-0.034048506670175,0.759195431639385,-0.185598817209071,-0.591794892527725,-1.12940575278795,-0.100355332148401,-1.39257199378459,0.508473705213627,-0.483623086526811,0.0468337204625277,0.0026205935122414,44.48,0
148887.0,-1.04077683420613,0.467765943161482,-1.04841573113454,-0.41459286468227,1.46151096328119,0.94853681499153,0.214510130685273,1.00345114800963,-0.322885015879196,-1.12810746337692,1.44336694867646,0.0197888936852629,-1.56039063658122,0.0350936216794446,1.24837510754799,-0.767516377791005,1.63186251825413,-0.321377840722725,-1.29114849327634,-0.0011049550391091,0.532933474636892,1.44275257087607,0.0354458300476134,-1.79713607112823,-0.728679042761289,-0.0140419338692603,0.396909451003854,0.14638030333836,67.0,0
157634.0,0.468781405705732,-2.63475205373087,-1.25134429109066,1.97573569855858,-0.940581558520613,0.675919181597749,0.489365416007346,0.106792960919423,0.995553410011491,-0.163927368942209,0.256574851900489,0.809822099416843,-1.33595322757394,0.323812241095324,-1.60513702386044,-0.116489774844207,-0.167676541584678,-0.155127159986547,0.20462290273029,1.16209013938747,-0.0388209877508425,-1.60955175932285,-0.162477680915386,0.623832670167844,-0.65896607781352,-1.22989465424456,-0.0975439919507462,0.0919516034223209,743.32,0
139234.0,2.09586155027177,-1.09423434813714,-0.753780621859075,-0.732467984127573,-1.17195662802817,-0.960906683204305,-0.805380250920729,-0.141301397002039,0.158683642160184,0.768189595457378,-0.966650072898984,-1.16764779739336,-1.20933819248796,-0.0611702953727202,0.225056198858069,1.01017868101219,0.351381339665517,-1.31182837649119,0.49939305388701,-0.0579099851614435,0.215118012433742,0.547204802355254,0.164888042943422,-0.0249200186131109,-0.216296934118873,-0.175674354225347,-0.0169612633597805,-0.0485708667578045,50.0,0
124682.0,2.04045576462007,0.0507644104961514,-1.89171994636208,0.423909680344869,0.455398709941265,-0.752747808705308,0.1305550780851,-0.145738817586416,0.654586082790631,-0.444984542975961,-0.786437811323885,-0.490133029545211,-0.981012031275629,-0.83344415336438,0.403893595121684,0.422404474237588,0.685381453311688,-0.1211463781652,0.0148437161099925,-0.182179212083189,-0.381769344147187,-1.07764007484804,0.319721225653586,0.274108563205261,-0.29360778727037,0.188748332123236,-0.0677031914552191,-0.0274227679316966,19.88,0
92092.0,-1.10847821852891,3.44895257232738,-6.21697180605649,3.02105161812575,-0.529900931709915,-2.55137517507643,-2.00174290819286,1.09243237369483,-0.836098368778531,-4.09564897273592,2.42595071598052,-6.06726194524698,1.83243272022382,-3.50170251648822,-1.00400820464185,-3.5012811030282,-2.941876323532,-1.12574106196719,0.37371480785248,-0.0685983809223332,0.825951491439622,1.14416978988846,0.208559481945769,-0.295497424488562,-0.690232196243341,-0.364749075788586,0.229327220125504,0.208829891689567,18.0,1
83674.0,-1.02630750268995,-0.0649788066415205,0.0599494055158783,-2.08780557303468,0.557787855822498,-0.212162891334261,-0.275922877558456,0.532603655984926,-1.55771725567661,0.173207360484646,-0.511624801047777,-0.542698634447689,0.388594978506714,0.197890460779355,-0.646107644319896,1.9637944504928,-0.69470295828722,-0.184914479225423,0.829369995235252,0.319109272853316,0.323192168875496,0.552079196062658,-0.33653400609192,-1.36443413809015,0.161441719421188,-0.237304372237866,0.229794195420071,0.0245252365484237,25.85,0
77955.0,1.22228331644393,-0.497946400795806,1.00182899639582,-0.627269250637478,-1.56384676892074,-1.06370486273423,-0.713675975639248,0.0698483890806629,2.12951573467249,-1.01620958099175,-0.51892772787383,-0.311977854427536,-2.28070672901962,0.305148023325113,1.487773440257,-0.435228643908536,0.0984067945774534,0.34909176537652,0.447833175816907,-0.2761530557965,-0.0159976260276132,0.0956048407638242,0.0308349732961456,0.675894084950099,0.38282995465846,-0.699481879603445,0.0798077865410863,0.0339144217710351,1.0,0
56626.0,-0.925532598255414,1.36601495091906,0.840532998995109,0.605087690852436,0.504172545046576,-0.0906616777785648,0.624767400329552,-0.0580115186641752,-0.611246484027293,0.0098982650334941,-1.15915484233627,0.488569766585718,1.92623150992779,-0.10830723445141,1.06262121736409,0.0333281584822034,-0.652406243319452,0.216756037740876,0.844225236784873,0.0213078173764295,0.0379171949445017,0.166768403979465,-0.194843072834315,-0.617479405135788,-0.0704086990391192,-0.419487748475427,-0.521961522713748,-0.118479425903531,12.79,0
85948.0,-0.466751651212004,0.323375482215978,1.50916932102008,0.17410773378174,0.386759417909028,1.26663536368882,0.0673713580191626,0.621614734394525,0.299903695702402,-0.736437952668534,0.0083479845903835,-0.0546343339034038,-1.62799848544866,0.135725111197647,0.516423347436186,-1.76036242003043,1.46077612063794,-2.25750301593224,-1.34263588613468,-0.311112385105319,0.168569367257513,0.78809944054149,0.112892830708254,-0.621980877685272,-0.96061784562246,0.372595236971875,0.220882463716528,0.164339832898948,8.56,0
70446.0,1.54399420538778,-0.91616520483185,0.455111857599478,-1.33022000670047,-1.55248634732448,-1.03790196777267,-0.93551862505987,-0.239783405602965,-1.82183632690849,1.45111486967061,-0.505519521841259,-0.956525489201073,0.351466503768447,-0.281543661787505,0.581155539046182,-0.395544984284559,0.515630596414514,-0.0259124500622773,-0.238263613051733,-0.363794173255528,-0.22389872026549,-0.228597919267073,0.0468926122657414,0.352248254754337,0.387534168827904,-0.204057834302859,0.0314380654037818,0.0184069821925792,1.0,0
59138.0,1.12681723456551,-0.289906907583719,-0.979766308742343,0.192732813316152,1.94079097364478,3.72243356379686,-0.53019945239221,0.900659195100362,0.350930602162881,-0.134576721258502,-0.497232328742953,0.313043915599518,-0.160789611359411,0.113751020928843,0.0297643386303564,0.0473991036072208,-0.561730669886113,-0.0806585407790832,0.401844091568683,0.0979051578299763,-0.270354312970174,-0.897611148812417,-0.0638440820156254,0.986335977712542,0.65527004099173,-0.517458801523424,0.0283919988892899,0.0314944460799719,71.66,0
39327.0,-0.763371160241274,1.5582238986811,1.8592033704124,2.84039664776791,-0.514842655776431,0.0153151504383052,-0.108322195472073,0.529395295491519,-1.39426214943932,0.607468074450789,-0.681784921108419,-0.156421809364668,0.662058301930205,0.289340745049109,1.41139617955002,0.283620612880739,0.0138840803214374,0.462938187311904,0.548198179042595,0.225763332325261,0.246733910597211,0.723519480148217,-0.141456555974483,0.416701263329712,-0.165975847170149,0.326634163381695,0.274057479143486,0.131455963701709,10.65,0
78741.0,-1.08892914723882,1.17309796913711,1.05487094134842,0.0893198289468277,-0.0931996437253285,-0.335349253999993,0.43985208553299,0.325139497695529,-0.311985867110743,-0.637642608164896,-1.20133282660903,0.789878916909972,1.25839639055237,-0.179029174008134,-0.542537917693187,-0.211130055415947,-0.0332868823847919,-0.489588302080363,0.562925772575051,0.0690009614925577,-0.146406670621521,-0.287772360433673,-0.189617382729614,-0.0521967845509417,0.0994175429388344,0.255186133356519,0.087892824724059,0.0799399248510232,31.39,0
43367.0,1.33365335502282,-0.924817630713096,0.455084267547732,-2.01045073103425,-1.29981920980705,-0.614901681484409,-0.737553597024448,-0.0963851228282415,0.515281737597656,-0.413858011130801,-0.228364116504109,0.942180548909507,1.00143322095864,-0.298640415854418,1.13284818306031,-2.49745747503561,0.534342829110728,0.675165186332819,-0.268596882208553,-0.448845976801433,-0.343726714270852,-0.238527083770164,0.0139341019907075,0.12492679056149,0.379058700365623,0.0282523247562244,0.0689062218491254,0.0228547461397422,20.38,0
161352.0,-0.900534097899977,0.0832393470656774,-2.11302215567364,-1.89584542271775,-2.92631177230199,1.46730737474022,5.42204036823977,-1.11431876256702,-2.2473129463108,-0.203066611715148,0.396092762176704,-0.815127666097253,-1.11922608727202,0.769989543447849,-1.50618392797246,-1.46290995481172,-0.470145846053746,1.37480222082588,-1.06777343957962,-1.10296020939976,-0.201894789110735,0.48376612022617,-0.236016604254248,0.862648458568601,0.5182023997731,0.855607472323427,0.292001635021131,-0.215483869340115,898.0,0
36201.0,0.906912096531845,-0.796629736190021,0.352218224390598,-0.777979848183007,-0.83138115150454,-0.192820080033257,-0.251377978015479,0.0983594420918812,1.30428356287634,-0.992358401514445,1.50149722595195,1.53242246911061,-0.132971524750538,0.271247952258836,0.621516452914281,-0.772095883339925,-0.0070930212873997,0.0925233161357813,0.535089697333931,0.141953557273651,0.16217502842307,0.396193546399952,-0.211540921094685,0.0494132385098771,0.522444722363354,-0.628685638257959,0.0582625303322166,0.0378536025703727,145.79,0
39874.0,1.25092435575224,-0.266901379678556,0.4006582209783,0.0033908656367381,-0.627430195123557,-0.27355310368179,-0.369856268729303,0.0828715209038553,0.669292201952944,-0.165444004443888,0.559562523991518,0.622568169067329,-0.904747545178833,0.108665111787652,-0.889905475690857,-0.0356194039828465,-0.133945822389215,-0.0139676424234058,0.881591222956553,-0.129910093463257,-0.0979106049711791,-0.0962485399378885,-0.0985072104831819,0.0760373553165609,0.431543952054468,1.11846568231088,-0.0755205035138092,-0.0163293027356997,1.0,0
134252.0,1.55613445994707,-0.783071624803132,-2.16863481009513,0.332810417458379,0.311406944452752,-0.149471710781912,0.230527234270097,-0.0332824494923323,0.810508026568852,-0.781241653785332,0.779941801459073,0.648697732948105,-0.445804330249208,-1.16175724027165,-0.639090927828914,0.323087537301332,0.724084319189974,0.693721971816827,0.452686431951865,0.320674076020988,-0.0859575584575784,-0.59942617845647,-0.0431710796218223,0.106319567819109,-0.128102828176765,-0.132798403488584,-0.0596795883379116,0.010731436675508,245.4,0
150049.0,-0.997161946651905,0.587203585536761,2.02309456405412,1.1900687517961,0.350329789172291,-0.0616219304089112,0.384918918428192,0.21370980397234,0.113220152035119,-0.472330631919362,-1.34832808677795,0.0404218362135056,-0.633309854728379,-0.230623676688071,-0.710457628442168,-0.960489637532644,0.455859356466371,-0.619600825998373,1.25216772194822,0.255347961695712,-0.520523107070307,-1.31447408585756,-0.0379991792757066,-0.097326934502376,0.391127101335759,-0.779541816611361,0.33779385554995,0.15062623046535,26.32,0
76057.0,-1.32859242154595,0.516381478783798,2.20203527723622,1.57473102215357,-1.13406745952169,1.22901733823042,-0.107359328793067,0.90231122127979,0.195256901744444,-0.653010089038272,-0.121890042058246,1.25797082964365,0.0107424662835568,-0.485029136933043,-2.13704120847169,-0.804818857364557,0.624232344628738,0.306330405860793,1.93806936340405,0.421911989863484,-0.137597930945969,-0.234972076149983,0.0484745563347613,0.0235917545238963,0.469677069004625,-0.226114285821715,0.225706141725853,0.073679100360068,140.0,0
65658.0,1.13634806229302,-0.126099287146312,0.510747638479293,1.05220191134595,-0.474377237251593,0.216476565219914,-0.550946482458949,0.394115816209303,0.477444367152453,0.264300521267654,0.585524967515769,-0.984336881927624,-3.37703576704521,1.05224104954105,1.03469211373325,0.491578255387591,-0.449674719067944,0.707416924401435,-0.503337173700982,-0.35185300500083,0.15291088239138,0.324371726076665,-0.0897745802135331,-0.382100977037502,0.414284721945525,-0.21358896199913,0.0249606501653147,0.0049559171679321,10.0,0
76428.0,1.22341923930777,0.242507108773486,0.643888377433856,0.702849075796538,-0.639166343584392,-1.17550236230288,0.0844907525653288,-0.23347590222919,0.0083712143972776,-0.0721442868510527,0.091805941316497,0.524602529364068,0.347667000040488,0.242921857716831,0.999126834552017,0.204234597010926,-0.308992812038644,-0.658405093654832,-0.245046682083602,-0.0835292259091304,-0.23056538533441,-0.680749606785999,0.169484701033541,0.709210425402331,0.174177859962231,0.0732603976296889,-0.0294091914311612,0.0237779576473427,8.99,0
135455.0,2.23713524363822,-1.43470133180948,-1.0363594592034,-1.67086030183675,-1.09201014525569,-0.297714360428815,-1.17345229680071,-0.0232846894163565,-1.43957459960149,1.74447030453545,0.674480250662504,-0.357783805446757,-0.154773068795305,-0.100858273648045,-0.780872173886352,-0.45151952174998,0.345276642041296,0.33790803230528,0.086534923493026,-0.423564002441782,-0.114696571249644,0.0861594403795838,0.260053420004366,0.674008156830295,-0.217837785494165,-0.210499742387978,-0.0016682095228434,-0.0540237412765994,25.0,0
67053.0,1.10070708484738,-0.186766549482094,1.2251840660792,1.30894527430221,-0.91484179913978,0.240727038733819,-0.720895104630886,0.302749274292638,1.08479721522249,-0.209543434627187,-0.79103611627656,-0.125885680665357,-1.28952779249318,-0.070897367270039,0.573857339265644,-0.152841101880147,0.104978382185123,-0.350670625874938,-0.562364387816547,-0.240823665071159,-0.0472570093832638,0.0320849461951103,0.0373076536235659,0.0490824086932035,0.296495701829049,-0.375622711629218,0.0796457134825756,0.0328534697964554,13.53,0
80878.0,-0.449075681925195,1.04351418918484,1.47149159942148,-0.0978516374475867,0.462251302861936,-0.478567948950913,1.0200128517123,-0.359761711801989,0.0985707930318501,0.178789912993878,0.20247703143024,-0.201875924146542,-0.0241660275951755,-0.873695081030822,1.23146744637138,-0.0918700804551755,0.0744592067949564,-0.649072675039066,-0.471326116873099,0.352323726793982,-0.369770749570382,-0.551769598262296,-0.0446142106752134,0.0175550591075034,-0.235123664509872,0.0496393059335905,0.0396069550031526,-0.284647743188213,8.99,0
138421.0,2.31261494282498,-1.35437121345093,-1.28490794194784,-1.83498102981967,-0.719941215986786,0.0121832614638571,-1.1327049503063,-0.048939226040522,-1.51099605875077,1.73539455007774,0.165350373741594,-0.177002203781362,0.753320176027023,-0.305755025286522,-0.867668871869013,-0.23787787663939,0.0023580445595679,0.544273160908211,0.406259787751486,-0.365564164728711,-0.161164015874688,0.0103528643558492,0.17067769271543,0.0814690042289412,-0.0838667582487175,-0.176077486973713,0.0013414751431057,-0.0602350564102894,15.0,0
159616.0,-0.193481848486997,1.04532651791824,0.140501986973109,-0.343941765924483,0.982329579752006,-0.682272938289713,0.999154612679411,-0.104958115339333,-0.369677808584893,-1.03554744482659,-0.836866931421729,-0.655619638832197,-0.735921590196635,-0.748771884114305,0.152680683494152,0.109261480150988,0.638079807442006,-0.0034406695152603,0.45802454647725,-0.0443655951966849,-0.280946285043549,-0.810698073906163,-0.0417328864206436,0.55735303054263,-0.465376183827682,0.213191740885851,0.0934586556014853,0.179630166405055,1.29,0
66743.0,0.405879639181154,-1.00674771868227,0.762517845402572,2.61617431848804,-0.590517310215498,1.36361262878192,-0.29680285727753,0.390183622818937,-0.205182185998934,0.52716837368713,0.386633627520502,0.410426042925025,-0.181139081835942,0.024231834745956,-0.174228396729079,0.953263868554011,-0.764077636454033,0.459385743629216,-0.985377372471997,0.553694242403565,0.350054846523425,0.299710165572058,-0.424136021536037,-0.651234749072632,0.238863072241102,0.12506889663551,-0.0192322575473067,0.0749234615761959,358.64,0
40312.0,1.41916629669591,-1.11526845013015,0.815769594504546,-1.11929297038995,-1.70069669376682,-0.592918977628387,-1.02254022673854,-0.183332646403008,-1.55704776610256,1.21350989459642,-0.573935771784137,0.0955872429392047,1.6565999237609,-0.96747114597631,-0.629058038314173,-0.783762536759059,0.791563475263078,-0.600677655756784,0.163256464142849,-0.202574948923662,-0.485917915272056,-0.884928637135924,0.136449901033706,0.387206732137028,0.235613185684517,-0.434514275941578,0.0563489945766026,0.035669104425643,44.49,0
70297.0,1.48356072747776,-1.09190956312145,0.500128125205133,-1.69000518326495,-1.08957865777586,0.481505757135962,-1.38062470343173,0.132328248698106,-1.97646917345822,1.52218558971685,0.862495093775859,0.208656568869832,1.78129843898916,-0.553825039992753,0.323824734613097,-0.0600938528805147,0.0348258803681207,0.479611982172622,-0.204884216588221,-0.252454843103741,-0.026029419714875,0.414145954073049,-0.0942628130191451,-0.785162416999273,0.389064212930478,-0.0427886170280638,0.072276973665094,0.0066546519236489,6.0,0
61457.0,0.639473158292306,-1.26964137231454,0.718419445870253,-0.0720940218244628,-1.02787693508986,0.825114767030732,-0.584309283945303,0.450674718926808,1.63558454475482,-0.947149461616899,1.226725484022,1.25440793885847,-1.12316536587304,0.070868463045684,-0.003615988877072,-1.0339641681955,0.528850961112994,-0.470462368904203,0.190163457835035,0.207742905631722,0.0630487552442827,0.0057631466458989,-0.1517962287603,-0.274989574298917,0.222131938502965,-0.597848130863223,0.069722740415175,0.0538384436244253,230.8,0
58822.0,-4.38422089880268,3.26466481012305,-3.07715801666012,3.40359359659281,-1.93807528041028,-1.2210812776781,-3.3103166090276,-1.11197501012863,-1.97759328056305,-3.28820356526528,2.88609147657536,-6.84897793447677,-1.02923459062256,-7.46010298330266,0.0559060176229105,-4.33478342671028,-9.87456039324105,-3.54190332932228,-0.531558760456647,-0.141533268810834,2.07638272101207,-0.990302787008607,-0.330358452316133,0.158377625833497,0.0063514462492984,-0.493860013315231,-1.53765237842389,-0.994022490842227,45.64,1
14155.0,1.29737310230105,1.27096813476506,-2.00947728823382,1.42441547737512,1.57093960258769,-0.695866092045923,0.511929123043405,-0.197327320128722,0.768872428623457,-1.73245598294263,2.14176884161124,-3.09038888947676,1.01092023817564,-1.69979503380937,-0.196451225666464,1.6299114764784,2.73173099711356,2.62516515518413,-0.235720000841972,-0.059908522131754,-0.404235297753178,-0.883749157431563,-0.372073433384316,-1.43393958639769,0.962884394402513,-0.264114352156371,0.0028531504124379,0.0657210668250837,3.99,0
142423.0,1.90197475864305,-1.3020404586151,-1.30473823911949,-0.810432468215366,0.0509584841063097,1.65243755962877,-1.05302753014042,0.539212194936565,-0.199246999257091,0.894807385460883,0.388863246164905,-0.0451744048520374,-1.02804533371614,0.413938737996843,0.472970078017453,-1.74380150973092,0.239392007261738,0.555993046576431,-1.36035112671683,-0.591847031298254,-0.260415075368616,-0.300136664737219,0.280815909938882,-0.981526369944713,-0.579649639355158,0.637930771502164,-0.0127492827776839,-0.0639551476723837,74.2,0
73427.0,0.821770066416406,-1.16707096993814,1.10409092532983,0.84630621087851,-1.32119873488786,0.826703343762093,-0.847338934706544,0.308894284453396,-0.457379371432457,0.629060742933731,0.808713543547448,1.27956605034261,0.571226760495676,-0.438771805612946,-1.08266484693556,-1.75749548967175,0.221037594366057,1.0582402741954,-0.921003219684493,-0.183937850835954,-0.348491265135108,-0.655973480509494,-0.0460840283008134,0.0021862372717576,0.167376549488141,-0.447583195175176,0.0787990551788784,0.0597183328168464,189.07,0
53685.0,-1.08780830525369,0.30619901097308,1.5276814529572,-0.725371708885362,-0.184907466725495,-0.731434376286015,0.300286994110494,0.0318662682065092,-0.104903207148489,-0.0458543385526102,1.2886628315155,0.399243007451061,-0.371831814229648,0.168399788487195,0.442122988361109,0.519782575308857,-0.610273176374301,0.278605944061664,0.507906027815139,-0.0719738042463054,-0.0889285167516671,-0.0772803973954415,0.328153588028569,0.35732380666542,-0.246223668899839,0.860565316129776,0.0387854774775918,0.0610176303939487,19.85,0
143448.0,2.07482077720417,-0.746419848159426,-1.19094547971134,-0.753462614903446,-0.580059623035043,-0.305706727020508,-1.03310702804048,0.0835379731580823,-0.225448596499915,0.228907186178173,1.43244239929837,-0.0362512334433342,0.189195952816983,-1.93248061179257,-0.289013227038815,1.81768613295774,1.16298353715048,-0.0283014962266682,0.416487589439571,0.091181489018219,0.300073554675271,0.872302690820908,0.127414613336718,0.608170009024402,-0.180816824226048,-0.139488487459322,0.0220755520029658,-0.0127101960023729,29.0,0
18526.0,-1.2882720902981,-0.274454984961313,2.62072496830224,-1.5816298215881,0.118792257148973,-0.432274035391508,-0.444683459560407,0.343283668840986,2.29348760508788,-2.03523578778511,2.27163140336836,-1.58205145923156,0.65173136202088,1.54321162672528,-0.392704963608072,-0.471374297856795,0.536290274746147,0.644980706020056,-0.246957103999751,-0.0358707714044366,0.0310598439659521,0.238536436297378,-0.154799854472709,0.155109635786821,0.357600669553018,-0.80338225214808,0.0667763469865649,0.0711788300285608,11.85,0
87867.0,2.06294598775873,-0.746899134773781,-0.837816427850173,-0.865585520852982,-0.442595442283465,-0.0510029571523002,-0.746596001622008,0.0112605816926819,1.78827600535199,-0.452986192288505,-1.47710624352489,0.334038947844816,0.455285100381807,-0.34705348881109,0.733588461638012,0.23884724545076,-0.625079923216034,0.286686252603363,0.455916101628279,-0.0745852821274996,0.171336819728575,0.708430552765706,0.0564448048569174,0.182201910710065,-0.131881296721371,0.799877724741873,-0.0374364888718859,-0.0502685517370277,23.92,0
