Time,V1,V2,V3,V4,V5,V6,V7,V8,V9,V10,V11,V12,V13,V14,V15,V16,V17,V18,V19,V20,V21,V22,V23,V24,V25,V26,V27,V28,Amount,Class
800.3765190113372,0.344720227620476,-2.3327835088569806,1.330895830756327,-0.2127578939979296,0.3852650029373983,-1.6425779297421648,1.4801620305612289,-0.46383026870088656,-0.8136969102022472,-0.5015151113500954,-1.2767544242083775,-0.09150681656067243,1.1428138024194403,2.236254879855317,0.9643585947538424,-0.39049335738215835,0.9066043305461653,0.0066874654904717605,-0.19634908358821854,0.36816881282483527,0.7184244490802347,0.7293546176644625,1.1928621300669056,-0.12897752873569746,0.09943777236577933,-0.27921742322107357,0.39285396052379123,-0.43490116673932355,26.32,0
874.6011959558193,-2.6175057564415036,-0.13604425434780396,-0.986183747156297,-0.4624860261743383,0.40252416040643313,-0.9101232354934712,0.010518137528051889,1.2258658356284282,1.0523028786682205,1.1793107483547969,-1.6715443367890301,-0.6284924845742186,-1.3618301596420064,-0.720369025077669,-0.4818492554546169,-0.06799528240468447,0.125375426544532,-0.6453405251372062,-0.33728971224091714,0.11139196013773602,-0.3745291135122203,-0.7599528388480112,0.042586870138483744,0.24002615521800558,-0.01790279945307449,0.8075208126794647,0.4748188881390049,-0.3216501671421242,57.37,0
954.1776620215057,0.7411666574337059,-2.4961477722883814,-1.8274678004817084,-1.4760932951814574,-2.338838761243307,0.6158883761243156,0.07096659103883161,0.13194023399102914,1.303530014243402,-1.2182657848105838,-0.7578373685048874,-1.8649342634537105,0.40173323362467434,-0.3080278938048944,-0.04185951337597302,-0.3531994435514325,1.2148867400678978,-1.1595366951652535,0.8192423321091835,0.12023278943160037,-0.31902956235731167,-0.6911165199241637,0.6972033796674855,-0.003375587547505665,0.0093711073139769,-0.5845500651389464,-0.0599454521529179,0.24748794636866556,91.28,0
1201.272538745504,1.1922179114450637,1.2637361264516032,-1.5824919826673443,-1.6596716206937019,-1.3539293841920501,2.8089108464991974,-0.32744838942225485,3.1450268806965593,-1.2882989298330647,0.3568670276360395,0.8324928632714035,-0.4563879117423702,-0.6787613851149752,-0.04985793568398825,0.4612682972717349,-0.7179128040259835,0.5382206924555316,0.9510300640273786,-0.3031979403690613,-0.5892458424537239,0.4141797362009489,-0.23576050071521304,-1.6356526279994545,0.49507039926160495,0.034837292923048296,0.5489092172412213,0.2028410174607892,0.17336136558228693,135.73,0
1589.1769429406702,1.0927713557105836,0.13878694806717093,-0.7390708610948514,0.6575741323578292,3.809672593560691,-0.17985927494728932,0.8427590295727139,0.2349406673065149,-1.3316212726359669,-1.6995117123639827,1.625757576308587,-1.1584234752370102,-0.3668131430903847,-0.6657734139209185,0.49648622769970835,0.6444667041779129,-0.5387050064047749,-0.322184151130162,-0.22762233244076946,-0.3300001011211933,0.6838595514798472,0.49543741191987883,0.9505561554905676,-0.4957925684205775,0.0703631737573587,-0.28446283987784254,0.19708613166816133,0.3031052190801679,7.59,0
1872.6594745837142,2.1127612244769853,-2.4178400431546723,-0.5334276936489556,-0.7794404234754231,-0.4233472460396066,0.7947249090622954,-0.5191149655063351,0.0737107958685515,0.24581905992243594,0.22573029226155628,0.9442317113559913,0.2230538988708667,0.9478681219598901,1.064363340725817,0.8094816027400857,-0.24887959959267264,-0.43379500569654894,0.13932079738448552,1.1470250619335924,1.746161469098422,-0.3921468635763736,-0.9154358804295885,-0.44479801578285066,-1.0731281287568424,0.034034378162706706,-0.6404018264423561,-0.3383344481121555,0.4676934778393962,109.75,0
1899.9912255561587,1.6294638343750047,-0.5114115308257309,-1.1689480699540153,0.4480065171044202,1.0101926747967447,-0.1382802986057458,1.2024039877352894,0.1297686278097995,0.6918469809836781,0.2136895546650293,1.088858914664561,-0.6733590497385882,0.20001990205063513,-2.297020434242082,0.19041627449481857,-1.2660654452855662,-0.6340565012507345,0.23809606696581662,0.4113204623571135,0.9516288286085508,-0.17321574212882884,-0.44186954640026704,-0.1478713236372319,-0.5896711136766778,-0.5729814779123448,0.8240070353413768,-0.1518848385775136,0.18354320523483345,120.89,0
1961.8189866518758,0.8957973214971234,-1.2467735623128324,-1.9687102219399564,-1.2533332003712885,-0.9005383833402427,2.600452564907722,-1.3948219037053793,-0.7673194517485381,-0.332903150223553,1.8442961697193148,-0.07982817418536685,1.111691698389088,-2.0322859854145015,-0.5143320725361525,-0.3860965792916952,0.4915489698569915,1.0570382517739876,0.2687869790266096,1.351589743953939,-1.1329180585411887,-0.4162348733806168,-0.43128841457254186,0.2699705170052538,0.6498901386468234,-0.07674789115985102,0.4457030709817513,0.2993955357741746,-0.1426338521901339,72.89,0
2100.195990602745,-0.14055089221189687,0.5318037718982576,-0.6918226023223459,0.25644326865095834,-2.891514998497964,-2.330438072797048,-1.353887582629403,-0.06800237441103663,0.7469605113283989,-1.7186420816899384,-1.7855284485758351,1.6087672846163896,-0.9744063196759581,0.7931345634672977,-0.3233039100345011,-1.0617445991287622,-0.35373322111164873,-0.9808179735109428,1.0228152048639485,-1.8218727376228443,-0.9770541752900498,0.6820947575751489,-0.09418346542854078,-0.09270052810572686,0.140777329486797,0.4442065417765492,-0.19724764461984964,0.038706489942242954,21.48,0
2246.628367267101,-3.2549948261403965,2.2272819886623125,0.27732082327953733,1.845373293190005,-0.2361595996336952,0.13114359704168474,0.8464250337360195,1.3615967142509346,-0.7866170805688615,-0.6589299618038362,-0.4642472764632188,0.6751905352938203,0.977261488545409,-0.28472641688744577,0.020539889069157796,-1.0154792353512205,-0.6957945207343023,-1.4002010796969153,-0.7252317729728478,0.06277016842331257,-0.16250095340208542,0.38207982684843955,0.12012416954378713,0.056986391509732344,0.05335214504387303,0.1772132993715058,0.38890902179835285,0.5676892524983181,68.99,0
2262.6173428113457,0.8379213896521089,-3.111156347907024,0.906043407391027,0.8300234135808863,-0.36802025611204126,-2.167818631884615,-0.10937052465678881,0.1391589171607823,-2.336890551092011,0.905840025867628,-0.26253655526328595,-1.5771524702686208,0.450893679881164,-0.7951124286066864,0.2256530874392311,1.058829686053212,0.2764705959609386,-0.49201139476736383,0.8036429231456247,0.6932163840987663,-0.2183262822507692,0.6545009374301398,0.9722444613183479,-0.6383966468880662,0.49994861512628075,0.28908992005042344,0.5201670011603295,0.9458581177058881,62.2,0
2487.079687312776,0.40342788007772595,0.19288535999703738,-0.8458133152387879,-0.5838524671112845,-0.5537161129431271,-3.345292268444636,-0.5593837934040461,-0.9549999142379114,-0.4706858952082379,0.3701342970936793,-0.5071980474237336,1.5091268229903456,1.7500243181621233,0.42730303198385644,-0.1377869804014235,-1.0535720533967805,-0.08604308052387695,0.3303475725798812,1.2396777289382421,-0.39708492412595264,-0.9252433120112595,0.9700949772361798,-0.23553247816620898,0.040896989598457945,0.3259617963356596,-0.5961060467002725,0.455906809015077,0.1579368658590434,57.5,0
2513.2018700846543,0.5285133731007381,-0.2639215243746181,-0.6262708112100205,0.3642435620106647,-0.1592426419055374,0.4022360769447041,1.0960139947965433,-1.1137101985662978,0.06698520675581224,0.19974681074481113,0.059306720001740316,1.5803448632491863,1.6845394757547203,0.8784302089157559,0.014614314602028335,-2.0440136782208143,0.2545521279501683,-0.6083452556235638,1.2457943569836019,0.7920983181187107,0.47195089540641133,-0.22298162674117694,-0.6659314887959441,-0.6196880091156841,-0.45124801860083025,0.05344618337360972,0.7890119076296506,0.1827444587796628,54.97,0
2670.7796832560607,-2.5027874834390937,1.1164538405864226,-1.4071530048426872,-0.3406757986471296,0.36477555854461496,0.1911203736375334,-0.7482959673606433,-0.5411074592840407,-0.307264107488237,-1.0494147209823752,0.4563752252679648,0.008102942461228346,-0.340256279870471,0.2043283949878103,-1.3927965498564137,0.555038606173164,1.641540980490613,-0.2967218514290787,0.8021321646576764,0.05001294571489152,0.3526847795830325,-0.8627581682643585,1.1105268660450247,-0.5304471804190763,-0.08426510543999467,-0.44945068262209553,-0.03586474525462131,0.24784815276825495,10.46,0
2866.24413610212,-2.1196634558103504,0.35586386728154445,-0.04625898582822506,0.011236339471143438,-0.20830488396313565,-0.37599352605679615,-0.2469031216108865,0.0907985315372834,-1.2816101384002399,-0.6478624316551598,0.8789794688171713,1.3250644102492162,2.5050903901955555,-0.7761031068993927,0.6083281688399167,-0.2644086462486425,0.792310011985267,1.7768929895378327,0.7853758402498167,-0.12178898290827624,0.5083247775688012,-0.8580836508634146,0.32243624394660625,-0.2431787585023531,-0.1597229863036815,-0.6718917120654675,0.07087663745625994,0.0075311546529473845,17.99,0
3129.294882770673,2.0586716359144797,-1.2464629903806692,-1.2881743454436116,-0.4609495607894003,-1.7487751756903585,-0.13724134783096306,1.7231800247654874,1.4409350515799355,-2.0068213916316164,1.370091321675601,-0.2824097020388476,-0.5679730811156655,0.026450958325503825,0.4422698865151953,0.1629245230968521,-0.18817981037008774,0.021923400386989537,-1.5418692210041292,-0.24916591506751584,0.5872593026214922,-0.5642991876229262,-1.3348881787986233,1.1771505346469857,0.27126129627417483,0.0003540594474354397,0.19814262172663025,0.12803013884519754,0.3978574011961366,9.12,0
3148.5856979825808,-0.08062183024602161,-0.5277555400693819,0.8727504458993887,-0.23260118984307,0.6716784363633922,4.145492715311688,1.8955183766152743,-1.6145948714283191,-0.5702301992940143,-0.05506052204392446,-1.9515297196705124,-1.895472323513999,-0.9606499731520636,-0.389328746888648,0.9147475093963723,-0.2738142753417825,-1.22611710930722,-0.6309710013541269,-0.6846864595079873,-0.40629071983404796,-1.4549871201396465,-0.3340786742887945,0.5287631019784413,0.33605350581309906,0.0010669182414822138,0.5593230157094973,-0.02377990711769421,0.34451272336496735,24.73,0
3177.761781989872,1.3310545381179566,-1.3196037312415545,-2.7131847351473537,0.30037910576708554,-2.6966120974422596,-0.3403606258974282,1.9364810012260523,-0.3839035243862618,0.9879765345391215,0.4141484484513952,-0.4926441517702876,-0.7786339973203676,-0.6316370612552087,0.7222787445284304,-0.0028291924548686544,0.2091313876473294,-0.43625422671159353,1.5841746237991947,-0.2895285982674912,-0.2171681721115919,0.34096809018834306,-0.2799915609322043,-0.8108898421267491,0.3525609433071373,0.3214956726200329,-0.18581754735446482,0.21627938335862323,0.12071408949431735,27.23,0
3405.823239652091,0.052260328822386855,1.7882646264817303,-0.5451452548217011,-1.4064047608564403,-2.8362718332848544,0.6864545046406153,-0.3478129467373376,0.17574141345421765,1.3837152896654248,-0.1250558346399655,0.048028453451891356,1.7354357004610743,-2.254644573949669,1.437429103670458,-1.5953664976115718,-0.6613049166418199,0.6166592857360873,-0.037482123364554205,-1.3585943172344226,0.5209594961948198,-0.48812196777954175,0.5702150265481394,0.3950900825362484,-0.9627800638541617,0.09508830830639944,-0.10298736041579305,-0.6814409336891073,-0.10949633933699433,25.03,0
3468.1424064088947,0.055075168425464324,0.03730470845289605,0.45924890173755467,-1.4382907160461427,1.0215627505127929,-0.863176903058684,1.515600752009828,-2.2093048080586954,1.3081263213046734,-1.298875129785221,1.2586629342089244,-1.5166166567797017,1.6089145117100527,-2.524423215711036,-0.3313166597519741,1.3095193963560192,-1.0197246210640514,-0.5899962154056374,1.0910283074447462,-0.020222972510622994,-0.6541353727785031,0.0110616529559727,-0.6028598745479948,-0.0029359307993805624,0.644281491693545,-0.5506646736166407,0.08191369869385955,-0.5212604234564117,21.09,0
3556.8359383602965,1.8337820946483285,3.1581987258346187,0.2809810948230271,-1.9659404348772722,0.7004931859418866,0.39925642926170224,-1.169171423128067,-1.0033980640370705,-0.9033634750311247,1.0279905396973192,-0.579845874305351,-0.011355794535701317,1.5966580794716287,0.10785261665873022,-0.18611410976407605,-1.3010625050788918,1.859909338393064,0.976150145115057,-0.23339096334669018,1.4764165145152346,-0.922611898448729,-0.35697886358599507,0.004350349730504763,-0.1183278261406822,0.1282911183684602,0.002984255882768996,-0.5484720788615244,0.2501438262916927,118.39,0
3882.5167232497256,-1.013488640424572,-0.09878243477180398,4.0952444358151165,-2.265724133113249,-0.08007413464701454,-0.3137093057706005,-1.1173767556450447,-0.818058369228558,-1.2762051628415036,0.554704515882998,0.5294014218146936,0.023607320822334053,-1.0134863471945852,-1.6815943294742324,0.6775309425139479,0.39765576033013794,0.010973532645459166,0.045913878475276795,1.0491113395969123,0.5392092795775935,-0.20322751196643796,-0.08537611151443561,-0.04657586738887859,-0.9288504747178288,-0.430484644212617,0.3669019109533627,-0.3832154884105943,0.07226208691504216,151.98,0
4021.204319664823,0.18500323185739959,-1.1741423009783767,0.5332672294490561,-1.7234558265900284,-1.9305553849723227,-0.543964105424969,-2.8954607026517656,-0.9580271913437268,0.5453512343625108,2.535885055725177,0.3009957387043899,-0.5288915742886614,-0.22590091464423986,2.3661906022640835,-1.8993683372994161,0.5720686434711544,0.040910347030570005,-0.2911974676036054,-1.005687976210556,0.4890596567823208,1.1543418969698864,-0.7550597408606878,-0.9910044073865804,0.01081045637724924,-0.2410389853990141,0.3821050258660858,0.2922562558011329,-0.25320670638466414,35.28,0
4201.604471623772,-0.908219337123962,-2.5110792536393416,-1.5247432143598576,0.22585977577588023,-0.9797146944975759,2.4356019691981827,2.06023404805195,0.23311171780857878,0.6981817938548774,-1.1147566688757724,0.0482236750954009,-0.458755882327231,0.09757542639794392,-0.4533519408230302,0.03474464729468079,-0.667434927286048,-0.5811767835632525,0.16047767640265537,0.8791242617725543,-0.034191943306689974,-0.3718580658858296,0.7427943617675606,-0.4980398258253218,-0.1508879428058526,0.31746355783861746,0.2630233831543268,-0.07904359205985637,-0.3874691881400995,32.41,0
4380.4056562437345,-0.8538337520584106,-2.9915706141916343,-0.14358426319550152,-1.2640073307189872,-0.36406800005009887,1.577966108764346,-1.0645066885076506,-0.19186341624688372,0.4388784131659526,0.905719658923922,0.9585709532954035,0.062087316379710905,-0.9583346017695066,0.7234282607378383,0.4675556261316188,-0.9009474041900767,0.4303285254615903,-0.5500008999742381,-0.4057252886341413,0.6787772412173827,-0.8000558050425133,-0.5714482763871314,1.350453545206912,0.31158008524066244,-0.8390763228500163,-0.2994421974906125,0.2782029918614879,0.22584194407319833,165.45,0
4386.5591672623095,-0.6084753992341486,-2.627990071293046,-2.6985610183283932,0.7272989213126966,-2.2077645342280214,0.1874435247476366,-0.15616236624848226,-0.6678155987593063,-2.2258202821135042,-1.4400750599549939,-0.6753675631390054,-0.5785634237964251,-1.7530455217741385,-0.033985588486132964,-0.6089060079387799,0.9037056998374352,-1.0083876373569056,-0.8502243872112949,-1.0487494902865904,-0.24486237828354332,0.47623941510425244,-0.8283117745412828,0.1458022144608945,0.05042208390718324,-0.6991793136490637,-0.31476434586851604,-0.08767281747109516,-0.5488351310115819,87.08,0
4392.221748365696,0.43171028847614795,0.44539616277079763,-0.12098856406002502,0.04922963345326784,-1.02274942219252,-3.0748431339543747,-1.1215911184067324,0.5177632432354726,-0.9596269571820409,0.17451113126748366,-0.5874218350888006,-1.4469164234138816,-0.20837506936120465,-0.7779094323598088,0.06538381496158029,-0.8718791709300744,1.880708617037776,-0.09512241227510805,1.322603995853928,0.22182053750364472,0.12515300440177465,0.5922205471781088,-0.10775242569239767,-0.3323015221535206,0.008199541675988898,0.38397896630426437,0.44106067793094045,0.10197420854497813,30.93,0
4556.002257329168,-0.940470673557843,0.8464873498061525,-1.2648063087984018,-2.787100597735728,0.9014519854983072,-0.47779608529685047,0.8559568560868703,2.0793797983200086,-0.03557585980967372,1.0749216306103788,-0.009070182681079193,0.2062743551054788,-0.3190915927709356,-0.8931832012776769,-0.5773481887622266,-0.5321569749324505,1.1438123877827509,-0.8447992940863579,0.8992311684753908,-0.7028283358696629,-1.5544430678701708,0.4153860328993076,1.1101755189179463,0.5630014902238383,0.4984738988831007,0.39200041104751127,-0.09496494856737087,0.28819409892840997,111.34,0
4580.942371107916,2.455326418047782,-2.62310050938391,1.393027668310928,0.9274502906153165,1.9732156642065155,3.6172206849005692,-0.4629904771910469,1.9783137276300673,0.5349579027029449,-2.276107384944061,-0.6541193569841571,1.0730504819095048,-0.3864201798989743,1.5366686163836127,-0.6712726206183348,0.7888736476926343,0.8542372666995894,0.008708115658905925,0.16984705735591718,0.8058157793999939,0.4838697075235906,-1.251866769485118,-0.2428917072775337,-1.3470706832504695,0.6841669428776406,-0.08364346801001125,-0.7785338036063691,0.18765366035346404,37.62,0
4584.552571765056,-1.7546348897127106,1.4878279969729644,-0.8338306102651534,1.1480781344256303,-0.5807620959368801,-0.3035894855477731,-1.6075039172076568,-2.3166985602861216,0.8441050636142468,-0.22370148228062073,0.5247488861960632,0.8672521590298871,0.22467785788396102,0.9264848114632813,-0.3770930532947704,0.0349991461230123,-1.2104718660064189,0.295841916014141,0.024987779256626784,0.22816676402320663,1.558202051175343,0.6191534982526152,-0.056195609330230864,-0.037896686547899676,-0.11058687374506643,-0.2065077408903956,0.0900755467490347,-0.1343936666343888,78.65,0
4681.97073666192,-0.3690366703432614,-0.8000330734045523,-0.17596518207304568,-1.4071183328553734,1.0454989222163966,1.4791103416443159,0.543707108346604,0.6975561389817095,0.15641218629039325,-0.6175153867399694,-0.7291188895826651,-0.8285713634822218,1.431423662117009,1.883458396996205,-0.6539774823370356,-1.5848267867084846,0.17703594916329388,0.7124112037092954,0.35531889218488466,1.5332967189865827,-1.9070781465356925,-0.5392888525523374,0.6066552553833541,-1.0690977293206876,0.5557839866650528,0.5637205918376299,-0.8637654316952154,-0.42836710045514526,437.28,0
4973.416205534468,-0.8640824546786545,0.24562345042174513,-0.9645869322839287,0.5950226233397,-2.6477772577923107,1.931808515669444,-1.7662915601299478,-0.2129207230745597,0.3622941495926425,-0.770024982361108,0.23550604420001411,-1.274405769399231,-0.3011057443551659,0.05396563729689548,0.6232252713117538,1.5490991617650773,1.0496812782710547,0.942029630186774,0.15586742057186684,1.84940313870134,-0.9069693833326495,-0.2726501712050242,-0.24564821136584195,-0.55254747597426,0.04030519671186414,-0.17449668929588172,-0.5784644073133837,0.2003647253259709,31.96,0
5270.199187468229,2.8296985801026553,2.6784631120756734,2.6447806026966028,-1.2126258143604842,0.9112999481683993,0.2973250687572868,-1.031774240452206,0.18881845653831567,0.09086287752523702,0.42497869517211356,-0.09970311071310906,-0.29785516094636244,0.17240729726903026,0.2792124253028204,-0.6761997889646401,-0.4643771641425611,0.5141155382523788,-0.33917219717686087,-0.6479483383597939,0.5928166458142438,-2.0887990576298137,0.13448553773988267,-0.45743801881055285,0.31964526817682476,-0.7959251451091847,0.3600650255130903,-0.35147324311817074,0.41041194558888305,237.46,0
5388.196273509501,0.38163197224189266,1.4908179423891392,-0.4867928638834865,0.13836910335042352,-1.112531202148979,-1.1203911365478525,-2.595449470996889,-0.4785048869476498,0.7539423134003956,1.2334015217995533,0.2238234708977261,1.5723379437009586,0.7288081759615487,-0.2586591686373745,-0.8300511846888986,-0.3518545548930941,-0.8728464592482729,0.41697983854956777,-0.3382630755086139,0.05677865703895273,-0.056659898334146204,0.4244271355833543,-1.3806047504674848,-0.7722662736641722,-0.0015899086630376397,-0.06665175369416601,-0.40117728090149735,-0.19670337427681267,34.43,0
5430.711853182184,2.016954419306933,-0.4438789589698224,2.7872237343007527,-1.7903079423439086,0.4243500380534361,-3.2500558865239393,-1.7542550909362062,0.14352137274902227,0.34251706645245616,-0.1449405622558456,-0.46888900745756634,0.6410749917496467,0.5560888503488108,-0.2779320803123632,1.6164648441089207,0.23045422841272287,-0.5667861075969975,0.41122304731591536,1.594314938021006,-0.7257939004967963,0.7242480834012033,0.3220159166641977,-0.5737973771360602,-0.8630177846005174,-0.3201041924359194,-0.5068617276901428,-0.21685970579142952,0.17293685979482337,69.2,0
5794.136462864791,-2.9115972574168407,-1.4775948277951236,1.2391338050524552,-2.538757191714465,-0.34333136061505476,0.9190535391793843,0.21959481611848627,0.18429926796745638,0.06975065606371182,0.22742586605342063,-0.34500883588154374,0.7000156091704466,-0.6124216400291138,-1.0092955124961278,0.8770716332547407,0.5569974737273385,-0.39449762600008276,0.2736307537623719,2.1737689675191274,0.7019153371916723,0.07582901844237806,-0.03735754229256029,-0.5796340590128527,1.4468328579174239,0.48142725874010683,0.7788565407397773,-0.41486522698394673,0.5408533696901513,54.86,0
5942.061340540817,0.5196473787223166,-3.570426999588286,0.7343274107705646,-0.541946986013454,1.8253886149898924,-1.0842185274982317,-2.420107295096522,-0.6963511042922739,-0.29901784736292364,0.12720450114006948,0.10172614613070781,0.8877360840347602,0.09834496854562354,0.08163562826730042,-1.7081418356887137,1.7383664455675534,-0.5262210368971703,-0.40075940330318166,1.2701110142197833,0.16620820047276416,1.0185361414442693,-0.30931965499664765,0.09691895559469388,-0.8239126832698976,-0.010766652367071868,0.05753222084150318,-0.5598325110769188,0.11539725743684671,136.11,0
6210.537373886658,1.7385296882676216,-1.1919832631992022,0.5620476935671606,-0.17510731554544787,-1.2100126102627164,0.24010582986088014,-1.8246954399746689,-1.0790838087907753,0.08691805430535106,0.003540134328698764,0.2106282783067225,0.41403231860604917,0.5494860602162116,-0.764501200509192,-0.7035119336781778,-1.463619128392721,1.3276384187456722,-0.8590600729202514,0.38685067571017057,0.41903318229454245,0.6071248212630641,0.2978845304457935,-0.3741011186318376,1.0028943195485056,-0.6637381889386668,-0.3440644492431369,0.6145304538277063,-0.13649596436966133,5.61,0
6315.490206808011,0.15791369901713562,-0.3485852779650168,0.6001480061849764,-0.5629906119226923,0.8672594917674787,-1.6656723019265736,-0.003224843030691645,-0.5392913068456626,0.5320585665738421,-1.1958341256230705,-0.0011653546827446511,0.11092233141079501,-1.1263248419971104,0.4284194178640031,0.21912238723472832,0.7346195510160227,-1.6717891541534777,0.41914122118597086,-0.2777444427888675,1.338345351055161,1.2458064831179287,-0.08710958107606588,1.3215634411801747,-0.10340917287824256,-0.7793952904583578,-0.6727932893542641,-0.26988263002504626,0.3557453849516655,87.84,0
6338.563993872192,2.082806342096423,-1.6369488020791911,-2.9287458480418986,-1.676374562998167,-0.387247490504258,-0.34979936910740983,-0.6698900630880252,0.2842001569940214,0.2924177680211874,1.2199462518799302,1.754124102302015,0.6579481361072556,1.2654509629074835,0.16496483016560695,0.29358679297411444,0.6612784604024571,0.5687290529242343,-1.4261168067854226,-0.652761876580795,-0.6319604473096392,0.8486906983613381,1.3087018563254633,-0.647988664831058,-0.31743643835691693,-0.008318316226519126,-0.624066139404299,-0.8884287474521573,-0.25313591852055545,127.32,0
6373.769407284431,-1.015923587437418,-0.21598312059709415,-0.42240188089093605,-0.56613298690954,-0.21962933347873032,0.049749447191985,2.4533670176637883,0.7239917873622053,0.4175284575694123,0.3260328169432231,-1.0140869036327929,-0.5624098674403907,1.43349280971256,0.27898222596721844,-1.3682832000045386,-0.11700714562376671,-1.125156367278854,-0.22397469215166205,-0.5990846901289794,-0.7090080763447427,-0.29674423564204755,0.4242705046717475,0.857680490342637,0.3451206306598663,-1.259385604200539,-0.18076263005467044,-0.14350358991007126,-0.44508091009457823,56.89,0
6453.468230354258,2.75602605019716,0.12951020757845483,1.2862667106626677,0.38136982257822694,-0.254961908701439,0.3636540084306352,2.2585793239692276,1.0306843813091955,1.4792162316873563,0.43560656127044634,-0.06277208589756887,-1.4392462380790123,-0.7207731820133673,1.6233413903070188,1.0582818332188213,0.7004184611121933,-0.837322733630777,-2.1334966940758124,-0.4532804366739369,-0.17838212679895618,0.047416312448024016,-0.6712143208243752,0.13439492584325605,0.8123561342155708,-0.2675724758508437,0.9300661840602733,-0.44779725184514607,0.2775020545123535,9.91,0
6792.823267423168,4.497580017375267,-0.37137216387982197,-0.07279711829709795,-0.06348456829246077,-1.170235006130335,-1.4852502849381335,-1.0693629689436397,-0.5941473426235118,0.2898664976402422,-0.8849476029264096,-1.6125694412184568,0.7192350440704307,0.1956332045949046,-0.03631211014121853,0.752937939672595,0.8304020287954718,-1.748927109206387,-1.116638991232519,1.7494299054334121,0.6374663087738192,-0.6380208301932987,-0.347743439434043,0.49393944897480185,-0.6944979290073732,0.12309085841562609,-0.28311876794829655,-0.35227842403902876,-0.13967391215994024,25.0,0
7037.6112102994875,-0.7135430451274951,-1.077182192719498,-2.134513658501839,0.258479721660604,-0.02019671088123876,1.604329448157635,0.6859425117760607,0.34398898171865433,-0.7191361923935093,-0.5032116029160622,0.38518237455103393,1.2390385543578921,0.6442199598618535,0.7334604742454118,0.43845069264986697,-1.2177072367352841,-0.47893729322234263,-0.7329717823674784,1.4685300082095285,0.43201761530120275,-0.17049726685392,0.033756030733527634,0.4567279633374148,-0.3085874991655368,-0.5485530470775809,0.6991676647128978,0.28327367453614943,-0.10898315902464197,101.37,0
7045.618259530766,-0.8753817709421741,0.281917234489486,-0.07812855655775365,-0.9487284990039025,-0.08733865441032031,-0.7930518726935882,0.9226153847725087,1.1622993147187657,0.9724700297337027,-0.19204677517304464,-1.141926741374261,-1.140101814191842,-0.5436155670690885,1.9880320315514395,1.2398012021690892,1.5514931189862626,1.3119472633903448,0.9159648864479221,0.6051761408116958,-0.6869340966939058,0.043829552972055666,0.9416186707056134,-1.3588485647046535,0.5151174816574142,0.5209298918651931,-0.06371303640534412,-0.17825864187806154,-0.21526248945055296,201.06,0
7061.769941917416,2.8422413472006642,0.7356148159353844,2.5919630465067414,1.659099028485937,0.332928598231954,-2.2332063727940925,-0.7362463881901962,1.407183371515146,-1.5107422687637733,-1.6847330250408792,-0.2826051858917332,0.8191324878348115,0.48356324281368984,1.2662730954067076,0.4113261226377539,-1.3740404011384688,0.22869092108220515,0.5746119835909731,-0.7850559385913792,0.587596961211009,-0.06369663398377706,1.0226459264183012,-0.0072774546933084185,0.17590751474457456,0.6236644131630651,-0.5714499301390279,-0.4588985445383838,-0.1624948368508241,48.75,0
7457.687505763948,3.089290378778788,-1.8083094431778177,1.896946933213129,-1.6652496251381332,0.11616936779588917,-0.1410226841167045,-1.8424273572603846,-0.06920361994530343,-1.196412151885333,-1.8539085765301637,-0.37886686634907785,1.6864232178028737,0.16522026903039952,1.1175912026845047,0.4079285362254955,-0.9996125285148917,-1.043478483215149,-0.4629751246483991,0.7247237700719565,-0.9226140739333475,0.9820864843823813,-0.28863463811471324,-0.16081365821448274,0.6699191650833456,-0.5275307568136672,-0.22924563146755017,0.178063847887879,0.4797460384589975,73.19,0
7813.42444498868,-1.0268315686245666,2.3442930521143235,-0.0927209595605552,0.6904091652727508,1.102900555896022,0.05062651618145581,-0.015455459994842187,-0.2646587330241033,0.3678829188143889,-0.6587769051964387,0.29155298243566036,-0.013140660944794574,-1.4658754208691203,-0.2969292062795396,1.4238742095700854,-0.2272035792505739,0.8827998244828722,0.6090815562422475,-0.19700323166603323,-0.6422341858020674,-0.243416768853873,-0.6786286335700656,-0.694139272192327,0.31375678268805074,-0.1527917067328703,-0.6197094878930856,0.4584042976583625,0.5685799925795678,23.09,0
7814.913705429693,-0.8258189229952203,-0.1617477314597363,1.4478413835374326,1.6735030991086943,1.2764821721281427,0.21930887570557037,-0.21320812219613325,0.23218892307528527,0.5671635113712913,0.5759060651938784,-0.5644272966430559,-0.8369193817468172,0.4611117883161312,0.22274570294099974,1.0057523807673576,1.7063889858672556,1.0689986397373754,0.7412842946220916,-1.7562409674452168,-0.085067515767659,-0.6844855175057598,-0.7714026141769578,0.281314782325436,1.098612369150693,0.5212980282061583,-0.4142631872569491,0.21416521436852415,0.6139375374624806,47.32,0
7828.1704565311165,-0.5548563805484107,0.03321735963376139,-0.5555995928371452,0.6809903957611287,-1.4536740738167604,1.8251442345317581,-0.5370561168306899,-1.3845552994650645,-1.3770266857305187,-0.7163627467525246,-0.6080792064236071,0.1133561602556227,-1.098117271632766,-1.2771012942540225,-0.7738058113934494,-0.26829328972410604,0.08890241954671024,-0.13444237079760996,0.23118422808176373,-0.42291849238746104,-0.6387053264940483,0.18194415071267936,1.0511621692171973,0.10950361324862865,0.00193974490572944,-0.42865808230796876,-0.9771847381366474,0.37261310860512453,36.57,0
7852.770951961188,-2.635333695873444,1.1776710391784548,-2.5885433088216825,-0.2866725277180108,1.2007840160801548,-0.31132390919803254,0.5445130416364163,-0.2317142320441287,-0.42534006581909345,-1.118300249428412,1.4774098194012746,-0.5668206881751967,0.9411303356586332,0.48365452835916645,0.5770371563351008,-0.023957666172722276,1.7675551868885544,-1.15671731473748,-0.6883768410057299,0.6904290203088488,0.4785600083324531,1.6703480533117738,-1.6373894722418232,0.13573758060696217,-0.7245205197835485,-0.9207668278907583,-0.44391633484297527,0.15902386419404865,94.9,0
7948.888520222701,-1.8017092682595595,0.3890993819033926,-1.403759627682081,-0.7479300214934118,-1.6413606083050165,-0.15518427477219576,-0.92501167827757,0.8995409498638135,-0.6717692980183357,-0.8939345869725219,0.2953269581500293,-0.6336678509480966,-0.6692064712596928,0.2661709796054475,-0.6114524982626474,1.270580763717738,0.7127493703481552,-0.1739123156091155,-0.6607988041985202,0.22490668272261694,-1.0296591002939124,0.3899401857524863,-0.32755886960936553,0.19637818550868927,-0.07211231796166752,0.7307523713039406,0.019184806028769295,-0.49099094469287713,372.18,0
8026.259714713847,-1.9690784770742769,1.584280319288961,2.3772977958153496,1.4670619040332376,0.8122860492705846,-1.4696966168428636,-1.4192700079019331,0.775780865450745,-0.5399737959979433,-0.49894898123716847,-0.5729081570244371,0.4265719461347585,-0.15930524922496203,0.022893341087897243,0.45883459802497634,-0.2612737616924958,0.5919724254490271,-0.08200304855269101,-0.2066067578613096,1.3659410802808034,-0.14890248504630113,-1.1577073640160414,-0.7632208332752558,-0.08537464949747267,-0.442132550329457,0.10149723010195214,-0.0970440148829323,-0.06481829114955474,149.44,0
8115.343330995312,-1.5063679782674535,0.4785951724773192,-0.414968059214754,-2.0146927812834265,0.8563789933773523,1.101336122931063,0.13405505819355673,-0.324146808688309,1.0386848157578141,-0.3873996248227736,-0.25439369415873464,-1.630374085841841,1.3741856581957383,0.9955285828867846,0.4336067150815144,-1.0377413396890507,-0.7000599729507114,-1.029802091211419,-0.40852899128602893,-0.18668189688892414,0.9712756973198774,-0.5279782645026887,0.043761643816950836,0.5158563983781878,0.5804843625305738,-0.33223825759659525,-0.13010054158302303,0.7377998602566282,19.0,0
8885.969163570586,-0.07108686832672612,-1.0148180592163443,-0.36843880006805513,-1.3735074208974072,-2.6439835361407606,0.25100963293395356,0.4751083861192125,0.264255320887321,0.7769952406709466,2.3818719683872285,1.6925116986394868,-1.4690019384120405,0.49833033645055064,-1.170031570220452,-1.270246679059759,-0.3646561797972552,0.5439317211579475,0.3064014039374796,-0.030555564765661996,-0.09027044807507284,0.21292891991886123,-0.4539048024385123,-0.19964132415712263,0.14498148937726685,0.3185810239913645,0.10668908731862603,-0.39123639558947954,-0.14975998947038127,76.75,0
8895.11638598816,0.45536228018323716,0.602076574777791,-0.4542555237691392,-0.5628179754809812,0.1278887563959073,-0.5566729985166308,-1.4496292260287296,-0.9926088392954878,-0.023913011013185544,1.160783610451921,-0.238305812239479,0.008608232520655144,-1.0774497647140644,1.5843248408265482,-0.1145880672883053,1.2163885491947666,0.18692857707028446,0.23352641573691355,-0.06971074263973413,0.937679009732143,-0.05614766772632214,-0.5976319226272341,-0.37117277164868046,0.4794956971498091,-0.160985032226053,-0.4043596509039795,-0.5596856730958693,0.5177874729704469,6.12,0
8930.187964166062,3.0323741699418054,-1.8968408419098504,2.896032650039978,1.7524567298297544,-0.6486122622731026,-2.5408705279927304,1.1428606653256383,0.849990442268723,-0.605410015343183,1.1279766913413949,-0.704563543064844,-0.033400305719489196,-1.0128955074759731,0.873993853323098,0.24000197602319015,0.0669412233231456,0.4504052489690552,0.3715582194191008,-1.530466336680367,-0.06614016714027372,-0.027793076451405076,-0.28265528416558694,0.4221144608234369,0.5743741748244627,0.0767437360948723,-1.2916447483458469,0.8001576490296685,0.018227908475553944,25.25,0
8954.69257462079,-1.9577492792746705,0.182150166099288,2.4731714729924774,0.5377869399357542,-1.0500444577927481,1.9351093390193268,-2.1810818430410257,-0.09209961807583761,-1.492476751408368,1.2860467335594021,-0.7001685815551093,0.3360609742887548,-0.59730162831032,-0.06820589624918999,-0.4026225756562808,1.7114448455614808,-0.5967751180022981,0.23278395902474283,1.2355847110549467,1.156464145467417,-0.7559147706789225,0.2668113524047728,1.0019430787645571,0.2611600688358686,-0.6794902055422616,1.428703928618377,0.011082563092870066,-0.9175388065978647,16.83,0
9462.373095336437,1.9239160183312396,-0.05324296641508731,3.3743261794432673,-1.3705644971621835,1.8674837608959332,-1.636082184786151,-0.7123932243885337,-0.3310002618771509,1.5647157554160342,-1.0963337245556772,-0.5606648485400231,1.8827953508167223,0.3965976453105178,-0.14387615877469126,0.2853013644599605,0.6567911476565897,0.10981482303212813,0.6094768950695844,-0.8035964324686995,0.4211879753908873,-0.6295630286864529,0.4936148827448905,1.6298294223602925,0.30562629225111926,-0.3904309570227902,0.09114458685090143,0.25609538234068724,0.2186701567716826,36.4,0
9728.75561161604,-0.4221264697554656,-0.34358259200381086,-0.2402344385187248,-0.4392817513531765,-0.9047139892467018,-0.7855451778015556,-0.31810674318557713,-0.434422642352893,0.6507360665986242,-1.3420502273056556,-0.607249620492599,0.09466953473745801,0.3602551173494202,0.4659197683553076,0.735234534244235,-0.5658863064590877,-0.711782610584633,-0.15003335999438439,-0.7783651407741745,-1.8109324350643445,-0.14450255924624203,0.790941012328551,-0.453216927278443,-0.6121115275535592,0.8125691981223812,-0.2852220359546741,0.002772281223397564,0.4329166791814919,101.13,0
9741.234817306999,-0.10002070765290898,-0.2114683977283675,0.4509143558428301,-0.8697332528075411,-1.1158897536239705,0.48360412296617694,-0.7839700291627801,-0.07410029631258842,-0.7827898399698093,-1.2151003045356474,-1.3107252442221442,0.5931826420393758,-0.8410894692213955,1.4738539788835734,-0.03099978422080517,0.04944326948676276,-1.868388674302415,0.16834383692835092,-0.27025464679328937,0.9123678408073477,0.197302258311573,0.3791353239897739,-1.1154695640102088,-0.33292853740386563,0.0305264288845587,-0.9353218836107914,0.01874664636892764,-0.01738977793737181,61.61,0
9945.693260795999,1.3179741373619676,-3.1222405108886626,-2.3039342316931397,-1.0049021042397888,0.10398515780209738,-1.594488278603864,-0.6963153223394148,-0.5383049357011814,0.7914477219621249,1.4684302736199293,-1.1511197800505886,-0.9959994046309323,-1.1651811292526353,0.0986866453104955,0.20275923984193056,-0.7501700444935994,0.8664166536958846,-0.33249225612487154,-0.09089076900693636,0.7080687641308271,0.6932985720731654,-1.4190853676142678,0.3423006515590744,0.5130014796812821,0.4876089343446936,-0.7227478680739027,-0.024459347493657465,0.4215486280795713,240.57,0
10036.383513767521,-2.2012357432016705,-0.9090453723268993,2.2466375819845847,1.3860758695845259,0.9474485975169166,-1.9913577969793403,2.3043729267679387,0.7953095193648356,-0.08031599664712114,-0.5999086607969671,-0.8483530010300093,0.7646177527859562,0.28354238131580817,0.13979232963864244,1.2642546385359914,-0.586775675922184,-1.3078156598507167,-0.48850835626228606,1.1856584668375822,0.737849086674807,0.06634685513190854,-0.7683602564309299,0.9862041900287266,0.8651833883112211,0.12360331381658556,0.7992454459460139,-0.44609008082384455,-0.5716341646157749,21.3,0
10553.782839241618,0.7454970850238585,0.15606112589853074,-1.7736234565898474,-1.9421543483568338,-0.19659342748983644,-2.833923849769008,-1.0483760988774742,-0.4748881758637797,-0.31970281711842724,-1.3739173971680854,0.6105425329469253,-0.5424401442447383,-0.17987889607119834,0.017790255131979304,0.4304767773153844,3.9648650834059755,0.0916324838194912,1.117732236065425,0.21678648271435377,-1.4701238039398503,0.9897957188327002,-0.1159192441584997,0.4981753875359536,-1.1766368693469273,0.6879455382845697,0.7255040533572005,-0.6030722467938769,-0.4749948184322902,40.33,0
10950.687897930484,0.32269744695978825,0.2673107099323749,0.33105517116010175,2.277930756206025,1.6123518277161488,0.9682810162161013,3.0066468790814853,1.9224953849092792,0.47755577835756063,-0.4721879160374017,-0.3882851746571862,0.06125086860351704,2.159085042952074,1.7269158463388377,0.1809809210185174,0.9049881094739403,0.28796830232495274,-1.7075640263843335,0.4587218053997439,-0.5074315570406527,1.1747647712035558,0.10565116721845165,0.9836698928630494,-0.3435559810861454,-1.03965968951692,0.36358539757877384,0.15414937023459435,0.06952515384983088,35.64,0
10982.374462622596,0.9609353343444201,-1.7041778717517435,-1.6664904982973714,1.1727585235162,0.7336226621993635,-0.7239445632322578,0.5381201949114951,1.7684530232763989,-0.8212323532281133,-0.2607144879229521,-0.20955363047179346,-0.12079149004333363,0.03857436444036957,-0.3571925625566765,-0.8805869042994351,0.7656968561283978,0.28236980392927946,0.7322095003824601,0.2209507126427173,-0.4501283677477197,0.5812703794308571,0.6238092873330173,-0.138309878476127,0.015445641034489175,-0.09552332312498432,-0.5395113325389577,0.07511601491343216,0.16273637604332428,23.96,0
11240.394855112418,0.5629505313565311,2.1031975424392693,-0.8936113679253337,1.5446157251784012,-3.0130893065405644,3.9169158180431856,0.1130811715123137,-1.0732670699605988,-0.3822267050618735,0.29659427206757927,1.3072076235769705,1.0322608866466079,1.816138407099582,-0.02835674054645542,0.611690592924003,-0.5467614142220217,-0.24768456057405425,-0.518617112864888,0.18586723166669958,-0.6448412648475192,0.8961527919521622,0.030122370888732538,-0.3735597841007532,-0.5325673735944646,0.8602825787102969,0.7293882312898715,0.3740815610739065,0.4638412467638461,444.02,0
11353.927224103862,4.803782414855273,-1.4360620582411059,-1.2712004678066071,-0.6553911391412226,-0.7329328409309458,-1.324248665866763,0.586298002372329,0.08578350547485959,0.13125511307185372,0.27739998094365426,1.3327932523556723,-1.3337321852534036,-1.1683550897399773,1.4182215054647431,0.2994445716040121,1.3921685958579753,0.23424431165237533,-0.6267975565966146,0.24961502686070283,1.3477063429549794,-0.7274458044663611,0.03558089713898595,0.07050178057178934,-0.49811998311179523,0.50121216507326,0.216911958071977,0.2932406782964081,0.218135679168098,43.61,0
11490.023030840217,-1.2517424688793848,1.6113750193731822,-0.9225063134714877,-0.21222022338724736,-0.7777065349500161,-1.22681404085353,3.1159097635303366,-0.782811190220477,-0.5540740013761928,-0.9087680247708935,-0.2865219034093189,-2.31656603286046,-1.5711651404119171,0.14267971619369368,1.172942466128834,0.9764268256780817,0.4079221572797873,0.21829364849058291,-1.5768307524431613,-0.005081951407808284,-0.8435794342216137,0.17132803688345746,-0.20266206601536452,0.28936216127438985,0.693728565720152,0.3160736035067361,-0.3218195109988336,-0.4092813763083534,251.27,0
11590.278680901161,-1.0427619694878243,0.711133665740808,-0.8179947365331487,-2.029102106290005,0.6622413040515269,-0.7509504008803313,-1.2241565756244552,-0.3921284742762855,0.7356928042155533,0.7552227148055479,-0.6445880732030086,-0.22640411791358098,-1.1180590328658189,1.101980704212464,0.03996501476233811,1.6680843947305175,0.6374554521223483,-1.2446263809841032,-0.20620806192133545,-0.024207232894779863,0.3780772966404024,-0.18624716447923886,0.40593688150403373,0.9609267364129144,-0.0009058043430041113,0.21516614403477186,0.4514924597292793,0.072326215742725,44.08,0
11985.077900821589,-1.2231597875662337,-1.070914650828771,-0.8318978189598596,-0.7427837826114294,-3.6307296060446705,0.3296287222606218,-1.3803720723209956,2.4162169586755677,2.060166766170439,-0.7010358336003203,-0.8844020149938875,0.4622667657470678,1.1910452968909657,-0.8827447781524358,-1.666695240426346,1.6251924396719224,1.5055825849997073,-0.6819205207369323,0.9439864871200244,0.4298122505639827,-0.9842795759884776,0.06183051860450071,0.593771481049518,-1.2321081380532592,-0.2774492064699191,-0.7289532171328849,0.3050593978438126,0.20505804623742005,20.33,0
12193.715000815073,-1.09068900478921,2.949218527863592,1.2682928179293866,0.6990383600558363,3.524494007507734,-0.6237315832369008,-0.9301068868468608,-0.36912689339430976,-0.8353601662514706,-0.17021926152837993,0.7144541762787315,0.14289453522313622,1.7579899538528854,-0.19868246800573033,-1.5603046330705186,-1.3035903773208815,0.2020595357454215,-0.7095856973137175,3.208302765018756,0.44315226320234136,-0.21425522516572615,0.8156602611529236,0.6417391759435487,-0.10236156607639733,-0.5329868865917559,-0.5796725100040734,0.27550474913556006,-0.6423021940254442,11.3,0
12300.828944739887,-1.251051648869346,-1.9797003058078002,-1.6779829473138228,1.8351577032679338,0.7336924091988043,0.823053018324604,0.03928509343224847,0.43608801200500374,-1.84068155649488,0.7564512525399117,-0.2070335263385129,1.2334502619353558,-0.7801695359988399,1.4385677615575096,0.6709150191537948,-0.9770849295974012,0.05412640603083922,-0.1851783097796333,-0.9835416915595838,-2.568524453151503,0.563628675069104,-0.06209411759259788,0.3125313341244762,0.2822975362998054,-0.569364693016285,-0.24713409828875327,0.8963862618583834,-0.01555380252470455,172.29,0
12572.865395681729,2.3246642672848647,1.5278641058175984,0.33677970448771444,-1.5675300334013873,0.20519314649707698,-1.3031768558202173,-2.1260106696668464,0.6544485332412004,-2.212218708384294,-0.7039243558083959,-0.3936834011843762,0.43080174685052397,-0.4585715133044085,-0.6551007696162138,-0.5252794901359323,-0.8833097959402358,-0.7899180329007351,-0.6719916182036714,0.3419369089141137,-0.49460138527987874,1.0342007686441892,-0.023132286383556737,0.1503621544002557,0.47466070348057077,0.423458196583445,0.31061877517826536,0.8145701425954407,-0.115509314260055,2.9,0
12751.45601375904,2.7778687436540164,1.663047595709567,1.8529662011979249,-0.5174362088067592,1.6333689896633754,-1.8417818083448911,0.027209214631778784,-1.2048003336916138,-0.16888552613242588,-0.6242662554344659,-0.8322784610025515,-0.580265994973077,-1.1669524690203816,-0.1463658135497256,0.3971075878729733,-0.8303905315459877,0.3774733094626256,1.337329791515596,-0.46776104240132355,-1.0858225940635295,-0.18776098870369942,-0.02557940339702092,0.48637682313003366,0.19480373718235638,0.27023221973347145,-0.6677788961007024,0.2751351236108793,-0.2247641779530826,296.98,0
12794.323462436942,-1.1205828512856775,-1.1114106890209816,-0.7785838021255908,-0.21414370748296538,3.2404942322886243,-2.3985891758329547,2.0857051438351863,-1.0293188860846418,-0.7347719281351405,0.6519118982597423,-0.7871034895802158,-2.3591623961361052,-1.8095806301252566,0.24894805354782595,0.1016620726190332,0.29028908073700566,0.5786964157147008,1.500980415186974,1.6651211555178187,0.3127898918010286,-0.47773975070668934,0.9404161085608624,-1.2025144063127302,1.07019404013147,-0.03209275537503344,-0.08526348507010287,0.22544956626284526,0.17015297320242007,48.23,0
12881.75482271496,-1.6327590395521296,2.313634803705228,-1.089784938798723,-1.976200869942162,1.2035141890043268,-2.967072557037951,0.186187798321048,-1.4524585168135915,0.2266181033842749,-0.9412518888409587,0.33176763665835035,-0.2505185037616853,0.7203497550714727,-0.9582007615699984,-0.15580309132460937,-0.49691073583897566,-0.16875930728902566,-1.6893733114998128,-1.1052854010980038,-0.21885451334752368,0.23334626730364233,-0.8051820650879481,0.12877091874382537,0.018653978224964805,0.2676143660893401,-0.08587404119117456,0.4312001276432265,-0.3942349126675932,25.3,0
12983.207581693867,0.9197518236762723,-0.4131923988688604,-0.34889114346227545,0.8373625807231466,1.3114773940559228,-0.6877029970041831,-0.360819744139766,-1.066547568212975,0.14354709393169748,-0.42140086020951906,-1.3474729369518188,1.0271963305437395,0.22498208367562617,-0.40072431999123886,-0.09124415963355531,1.836954122413206,0.47195330703744404,0.4544955069026298,0.5063478179959603,0.015865594993872904,-0.7881412294249226,1.2872920261918488,0.03194072886971032,0.7974243608896752,0.07690212280536299,0.3826908606212258,-0.23235817287569274,0.14211345803044864,85.56,0
13108.576190552256,-1.0843182075754576,0.48120072898122784,1.7948463301998423,-1.0250095959522318,0.18004145903108298,-0.3975687859197973,-0.7617207593512518,-3.4347654675872445,-1.772350383259445,0.6124226273148217,1.0246270860554154,-0.4067758341908273,0.012459941184646387,0.1093730917760819,-0.7956820142647866,1.6884737251108823,-0.25588968076652263,0.7170918663924907,-1.1488018094581043,-1.5993644090878822,-0.128452642103026,-0.8547592567003718,0.13030805029626744,-0.3912043757388527,0.504363909419755,0.3256189685889073,-0.2267311394577287,0.19093984056379645,12.7,0
13301.5125791368,1.2359668421003667,0.43409910727353695,0.29659737803866854,-0.2765717657300304,-0.19642355418930063,-0.8392168090664891,1.106427102086037,0.6583807012588739,-2.0059768647327227,2.25939058671657,-0.544974272808607,0.01772641734896466,-1.398017030167761,0.04546644808883519,-0.01742874618899546,-0.0014340427957714149,0.5818347442635954,0.4533781739704023,-0.2621207563118629,-0.23502280998180172,-0.0073411571960325765,-0.47589399741870586,-0.05387009779277792,0.0363018983794625,0.4993940574109771,-0.48882830748780015,0.26856476866211676,0.37043653631194573,6.67,0
13431.92339045366,0.3940996611553538,-0.22104954466565882,-0.8059730710495103,-0.6398303428440006,-0.6587069842965868,1.6664687752043672,-1.0175193564102756,2.478635668672934,0.32382799371643073,0.6670108386931938,-0.15048926238323948,0.41463184919113977,1.6418506079624402,1.2408237371297943,-0.5383782879458385,1.7332572403165198,0.7919026808968239,-0.5500048126867161,-0.03060159247146435,0.8642018007020591,-0.02198482661038659,0.5391496088186375,0.2643056028573346,-0.7349494699298356,-0.5531717849383104,0.6987961077577799,-0.34092774257940295,-0.385243419815004,156.63,0
13556.635044892819,-2.9706907037309547,1.3479929195055484,0.7370786974540499,-1.1175352246668728,-1.1431826631697832,1.6459196456242724,2.273975320942959,0.17997455889976108,0.14667197703667662,0.5210774870730076,-1.3695887446697623,-1.0361498665115356,-0.5013601724229083,1.493820000647286,-0.3439670665481956,1.3201477426434194,0.7797525736280839,-0.2041393566408048,0.8685903740505984,1.0912382364048767,0.0633738951965124,0.7463570054018707,-0.3521400799975531,0.5478896195264811,0.1453125267706107,-0.56279230614347,0.23643402635107552,-0.5159665926010634,49.22,0
13863.74938036648,3.0265100164270153,1.3192397460031622,-1.674075282101509,-0.009896014657461844,-0.9508150856048347,-0.44277203612418237,2.381092265960344,-1.7059689260373312,-0.47280169370685504,0.5850082364212834,-0.009547738119751535,0.6184928834589886,0.5355733311515547,-0.8292637408726609,-0.2994421130612516,-0.3942532174813945,0.100898979731117,-0.6253243314183644,-0.8799867625772586,0.5585234771931447,-0.6129878386105346,-1.0195488616311361,0.6916202149671891,-0.07199381553986331,-0.8675985036453178,0.5274633246940591,0.06276191305597455,0.09487421880462384,65.03,0
14056.418504675145,3.512771307207332,-2.900913263218818,1.0372747306120231,-0.3051999065428554,-1.8684705530262282,-2.392850840237576,0.31594363383307406,-0.7733093788447022,-1.8318717786451222,-1.1780796485545564,-0.3339534930269617,1.6423500683218764,-1.4525192881072746,0.10804741892517616,-0.21062961402213798,-1.7723490490662235,-0.9057630728422498,-0.35130831556575554,0.5376593959371719,-1.0261757853980091,-0.5341988575752346,-0.7940434897764713,0.2899041825167297,0.2182889268542313,0.07198437633465525,-0.26643391845779446,-0.3408138098269666,-0.09862644780143569,17.31,0
14127.306648509475,-1.202893060458619,2.1673333883860786,0.6226608769999831,-0.5264298454466916,-0.10562592253093023,-0.7527040437194694,-0.014490561545250075,-0.5515675197478428,0.5174889977554162,0.12862023890260965,-0.048271141057947664,-0.18538529252693758,-0.18854360494360345,0.6535432470569427,0.8417442671053282,-0.18845681077735285,-0.5335898299150508,-1.0110147563653813,0.01264010374802243,0.9754921795443093,-0.5489446196918868,0.20038384758623085,0.0920920216309889,-0.18909029355998141,0.3177322103104331,0.07873430237329627,0.010586792232410018,0.9931745141501562,5.64,0
14306.947428118452,-0.7622195918551453,-2.7580733943881857,-0.466371232982485,-1.0313404371598143,-2.330535367061991,-0.7969632205406615,1.269199390596021,-1.2252447731396148,1.4010464186360558,-0.031161210882671594,1.5142211876113687,-1.1510408311816573,0.29333296359241734,1.469490082070419,-0.12186596958887128,-0.5657211257245057,0.5158995875658425,-0.09611810577290113,0.21953123274176595,0.5624875500854072,-1.188638272267224,1.6998316839928227,-0.42742345705914964,0.35704242857954877,-0.6824091263098482,0.10873365017786057,0.5202104857030468,0.1563626721436604,40.83,0
14428.255839796373,0.5564834533221572,1.716112659766407,-1.2732121342603346,0.45248970977777797,0.26333262671661095,-0.8735615252814988,1.3482016744774132,1.0389242536018932,0.30401487871601285,0.3550394665720218,0.18559982831443833,-0.07812839838087692,0.3290320157607353,0.6964112519650327,0.9347457781802901,0.18688009436616493,2.127563103587267,-1.255646897198624,0.7778905244640628,-0.086403353814429,0.24900464671742142,0.9030412019239142,0.4991718585928513,0.24233202091137374,-0.2145403195398538,0.09506362856101405,0.03309727322445957,0.019298130063613705,62.82,0
14532.983242222637,0.6516152380890794,1.8724312543578225,-1.3463221015980076,2.3414140492692845,-0.05094230365030208,-0.9278010573278571,-0.9930803236004269,0.9787287308898098,-0.9382024905263017,0.12962194368391539,-0.8127647387155672,-2.2571326886275602,0.15661359815285938,0.28211323048344894,1.4057149256241517,0.08317877899214075,-0.2978012341032849,-0.16741487463149304,-1.0472730667011838,-1.5581075457202116,0.6541007365049828,-0.18122281151215683,0.1263754375010628,-0.60259553354213,0.0075890197973136845,0.32553566408870155,0.03476141757002218,-0.059786520133880854,129.11,0
14538.712831424478,1.286110665607141,-1.8092513377561668,0.8145142362569543,0.19814340023478558,0.20250811144429803,-0.8686538903022404,-0.6488867009357684,-1.3914816703239854,0.046367261706765917,0.41891890184608666,-0.7271964154266369,0.3293442473737913,0.49647127100210126,0.6460767820400614,0.7801619814582328,0.06000229291298054,0.39476788187639955,-1.0432746366111085,0.6575608259220002,0.7395942483524732,0.5820345653522314,-1.7564605268631877,-0.46292755458926466,-0.5674627864989171,0.1245950100287734,0.1887196750272053,0.13134561427435365,-0.4176464949277995,61.91,0
14659.278292208483,3.9323784303687543,-0.6800921153700007,1.8697198861385607,1.4104696998031663,-0.7227882452426782,-0.5119195581240967,-1.6290970140949823,0.876021839843402,-1.5106492707707648,-0.3408031211788159,0.6141979231019002,0.4458500045126703,-1.1284938566440403,0.6530786635675029,0.48660252304683216,0.4673425609216314,-0.4850218262027087,0.17254688460961934,-0.466016646588522,-0.45279854939879977,-0.19382922537037767,0.05802678173739634,-0.03490618103681418,-0.01574516315838582,-0.1426545956077467,0.37829665768419785,0.1832169993478877,0.19244300358439848,135.84,0
14747.35917120316,-0.3496067406711648,-1.8337191246395776,-0.967246984547832,-1.9683182348673867,4.254493230290121,-0.8447018087896822,0.503555263471326,1.8427314997853077,1.164912394346233,0.06597993505400593,1.3365779854816187,1.6812433518166965,0.19933561437604203,-0.8986686301452784,0.29640548731012134,-1.067880867654187,-0.8483782963853811,-0.5678036381078521,0.8899149512924381,0.2710263469841954,-0.5957606566512933,0.26166120849865465,0.38510523890514353,0.4014381322298716,-0.6086607219686425,0.22408404619959207,-0.13152091847504035,-0.02771200448330685,10.92,0
14747.73984664503,-1.56607996399881,-0.3548785862888726,0.6983311261723248,0.2234512564355033,1.8802949573483638,0.28310306553511566,0.8208062027005745,2.2957968849196173,0.08752832566786897,-1.3480561343111668,0.29260734260470705,-0.2067750468977087,0.11572469658753777,0.1870456792915396,0.7897013669913442,0.3680207753367781,-0.5895849647864493,0.24252228200742917,0.2698370875323624,0.056754396219961874,0.5439337767105901,-0.2788832704231243,0.3376317046826286,1.1317953145456385,-0.025540164822166193,-0.6117179132693947,0.13982162129215187,-0.027427375051397872,5.89,0
14775.190063405249,-2.7035993422478173,-0.5094611904320242,-3.170982418402438,-1.553670626766113,-1.7218575956823161,0.4863094275349332,-1.6630662283245208,3.456542853641509,-1.9544022392004632,-0.3500803554718334,0.7102824786522932,0.4016303117385922,0.233634050561274,1.4140795996972215,0.07887914789168617,-0.38444663656981193,-1.8121698187844955,0.9033142112703184,-0.17331105871600613,1.1907061743204645,0.46670577748871384,-0.6184713858968723,0.29808655262019135,0.18500968147518568,-0.858930449453846,0.12991134840623877,-0.4176549519809404,0.03171997891977419,15.4,0
15019.130419202114,-1.4341890840211517,1.2962827848200338,-0.8871522666494814,-2.0910798870801566,0.3213501889308289,-1.2123721482740846,-0.5609942813031508,-1.0858664277402363,-0.33467496552925524,1.5303446668976148,0.6291951370486889,-0.8806310045965582,0.07431421359627742,-0.20068260759145842,0.8989000093900615,0.18111182069560497,1.1751854735354725,1.3275793563918663,-0.48321941072236557,-0.0927117864989085,0.15784075127928218,0.11427487094682066,0.05647299449750792,0.6126312331119709,-0.1186878612531514,-0.27306832350867644,-0.3180582775485518,0.07512234535870271,131.65,0
15290.796414555274,-0.06803679793597688,2.177242039789472,-0.045680982295403676,-1.0467874608007492,-0.8415498118431611,1.7034351180463931,-1.6597753598816265,3.4071161233593563,0.5085599697409914,0.3519879012693235,1.4601686369028581,-0.37080485254245804,-1.271179341241488,0.12566100054257645,0.5595510915959834,0.8508596533400291,-1.9405515613087645,-2.1120886943967148,0.6679047617869367,-0.007662848568705032,1.2767030180632704,-0.6848881172929865,0.6281026188842499,-0.9778123085425329,-0.22752994007281188,-0.5367006849700712,-0.2670957326824751,-0.5960892359530784,126.83,0
15327.088212949153,3.510187396420877,2.318978036259215,-1.3812884662093114,1.6876736378776631,-1.4036887308537975,-1.3051467061091826,-1.1073958757668247,-0.4253582758931713,-0.37040680641165075,-0.02143840129501523,-1.998586308057194,-1.5510575882582907,-1.3157641842454564,-0.2347503655790281,-0.33259382693630624,-1.0783837168182784,-0.23094688180538045,-0.6971003675895493,1.0243681621363414,1.2217320015847544,-0.02084282290415751,1.3573834569036778,0.7579363868655508,1.2228745535361367,-0.06739043921720712,-0.1406074469574859,0.1874296184665531,0.2859592917492455,13.57,0
15601.349947241319,-1.0165556580494826,-0.9313630578411501,-1.4220623620392292,1.3451939313672259,-1.8539716910177386,-2.157469724244458,0.6784035669585431,-0.7126456124755202,-0.30732565404161877,2.08575284660738,0.688213785262832,-0.20757769253817404,-2.2121896877316574,-2.2417655583579887,0.8176325131001364,-0.24445154645799907,-1.0258862999459593,-0.2534193028276286,-0.436651880707665,-0.5037537627364704,-0.18972066477706154,1.0992950832176402,0.4514011509070744,0.3687309135836162,-0.2890333713628891,0.08806821650883791,0.06411669494831426,-0.290414666747731,2.8,0
15759.684957989306,0.4349488265427342,-0.3454170926437513,-1.0135675429576816,0.34414611064666023,0.5970424180399041,0.5135860755226658,-0.9037671690348804,0.3961120839686655,-1.3542354265774923,-1.494255127105366,1.01319667463919,-0.31918415425893765,0.8194678203238047,0.020185193370842826,0.08082041887462549,-0.10053315564715869,-0.7704868737385746,0.3843272182506468,-0.9254672130403845,0.6321604226005038,-0.2944537835554344,0.476151452062648,-0.3600095675182924,-0.028998411008648823,-0.7835491251855542,0.12018376838637566,-0.053245327695725236,-0.04787338827207588,102.94,0
15773.60745522959,-0.03533371337578507,-2.7928473782665244,0.4456976961846899,-2.1700518787488834,-0.9430236455226946,-1.0877630421675104,-0.3708467312745086,-0.7001005608499493,0.6225100785311087,-1.217941994448851,-1.3713811856446758,0.29126994585770516,0.8295903354411268,0.2926539147708265,-0.10019424272115622,-0.45045764598150184,1.1952590243576189,-1.3789106743850426,0.5627682354108814,-0.1492155089008138,-1.1452459981405623,0.06388056785387136,-0.6482537425611598,-0.09885332798156007,-0.1884058663767793,0.5099578314820589,0.2754762324278238,0.43964438760013,172.12,0
15824.649614255768,2.3234440592971306,-1.3359466631695054,-0.28322899003643576,-0.27783233020714027,1.337771615793699,0.4340835616913481,-2.0047341556226717,0.4828939939639096,-0.7185519573202381,1.88414880756984,-0.9062079280541708,-0.6406021541399433,0.8454823558508231,-0.49634287389118725,-0.43917960708476644,0.7999448045779958,0.17325706816217634,-0.820652787972474,-1.1824560683067238,-0.7693603329820041,0.483132278586152,-0.4802066641054343,-0.3333592054267949,-0.6709068720388491,0.4879918410111792,0.6314239017208637,0.15121592486632765,0.6086204680831713,124.91,0
16087.413454716936,4.944023431044348,1.6037290551631638,-3.4008297359257886,0.42725200309350886,1.3736681302409943,-3.2077647468294557,0.23001662926751762,-1.5899832072180946,-2.3829738884231686,0.052077431414644604,-0.8703894227612516,0.07329266138675623,0.308747731593929,-1.1185439522192384,0.1490987740040338,-0.63271665607614,-0.8409263256042194,0.10867384924792345,-1.0659701023815211,0.004891281499033473,-0.07877564251442742,-0.016293386704300444,1.1963936052345236,-0.49737170457031105,0.660402340216937,0.16204736046695137,-0.11524132410993018,-0.5828184409663885,20.18,0
16186.250482551755,-1.0425110158134472,2.684044883544802,-3.222169348239496,0.24861835057575943,1.8993777852838067,1.8656709659060915,-0.05484023137424001,-0.2861467393009868,-0.41258064598862193,-0.26508651144356615,-0.7451339735713113,-0.34753112602139186,-2.131044605645925,-0.853023783575449,0.909793910015675,-0.4868277003874744,-0.5141176585782928,0.07068964179616083,-0.8682040206846163,0.5375736909624013,0.3721842475493413,1.1882154936690732,0.1723343666634898,1.1606498105371228,1.2745970437346392,0.24945497824730337,-0.4121414572194144,0.009740139729605093,78.05,0
16239.327348983436,-0.9614010621447003,-2.0472886771606404,-0.9209708746163813,-2.610524440485358,-1.1795197680776548,0.9031898156813778,-0.8981962285879119,1.5518613624097024,1.0801326000636502,-1.316592724935325,-0.49145243937834177,-0.3456319628627046,-1.0246888636721174,0.7406893899158636,0.8113020801067614,-0.6234593476529384,-0.6671099378577904,0.3152327990238281,-0.34103085828478114,1.048240944491544,1.3481971735595693,0.629059299679623,1.3022227331578962,-0.5991680865899004,0.8847219995052656,0.04556619275900939,-0.32628010331625884,0.09282325935064745,126.1,0
16318.98807493838,2.0410672293003453,-0.981659555182842,0.6972668692721732,-1.2605105606999163,0.6567158831209599,-2.0006687307856548,-0.2331236841516212,-0.06706751013651757,-0.42987862939257543,0.49365990609005295,0.2522405832483727,0.07028029913650843,0.17237971746159084,1.9115002976063962,0.3207361784026103,0.9699186508475547,-0.039421832139635626,0.37041626708606673,-1.0910719841728422,1.1415675308063553,-0.2878107966551465,0.14658237976870112,-0.07382183438391621,-0.6108599766556407,-0.6215141914798492,0.37035777089885297,-0.5840771190008265,-0.516752615464167,26.31,0
16791.320711638637,1.3318196275191856,-0.04191366827286926,-4.174982580941386,-0.09064798341892505,0.8739639963162608,-1.9716679332320692,0.22176971516709046,0.17246865371371467,1.9154861289200096,0.600021254226716,0.8919775304674717,0.030049106007670415,0.137483973835811,1.3397348086993497,0.5463035983031644,-0.43115923218778185,0.14876000049935628,0.2826326546456119,-1.5817712089873055,-0.2233838834728554,-1.7147056294312584,0.6691980821595706,-0.15872233158804175,-0.42510429515042614,-0.21035566387085472,0.23489639675840032,0.056283084948492546,0.2741708235011256,66.8,0
16876.95992339108,3.612285123401223,0.4670354898952978,-0.7581136897157738,0.7594062049507267,-0.6564703572978787,2.239630734923901,-1.0040137748332434,0.574791652589993,0.4706644552662214,-1.2014968355556133,1.113387554926678,0.7577876099173817,-0.2207650853719233,-1.3023613832388994,1.1619112805287128,0.41107010067284294,1.6465497782540648,0.16155231035044684,-0.9274526170828274,-0.757563594827325,0.35103581669005485,0.39466841144928644,-0.04556044050458424,-0.7261278489164749,-0.00925987534425209,-0.026842879386607024,-0.3431836905656201,0.03919033823645971,33.62,0
16904.960287207847,1.140027991112818,-1.3421447813621392,-0.798423529690726,-3.1093899002126872,-1.0680322736432142,-0.9808070979660896,-1.8186806243055824,1.4132927237635053,0.37109580892001137,-0.15263143502222373,-0.8570831065619376,-0.1327018939034059,0.37087199687694783,0.8283203794156032,-0.14034690277709183,1.751277065969424,-1.6676919734854625,0.046339372172780655,0.5206297203614413,-0.24187794813532423,0.12079089501428417,0.2863166420162264,-0.056657254095838536,0.010399434126248587,-0.04199308618029944,1.0397229248685287,-0.19704874757507818,0.06586014820484809,22.76,0
17182.67713767277,-0.7065998001747503,0.7059318674553687,2.1119607682399884,-0.22947033750163112,2.225213128973867,-1.1101847463581782,2.223693804808026,-1.9940964312233649,-0.14452600010787334,-0.3672370837804984,-0.8641470596514581,-0.3641987446011295,0.013623610467281833,-0.6423326665544618,-1.024712553702597,-0.06187788389632346,-0.0318285995778623,0.5551099140520297,-1.0383034876573445,-0.9074314234709739,-0.5382004384919735,0.7102573595089556,-0.4740549773186599,0.6620243611170306,0.03887926726343541,-0.26451898809471874,-0.05054868180509555,-0.3147603197571451,311.02,0
17413.632414008305,1.1531973541876006,-0.7847235975353107,-0.5837441464324818,0.20261977936692618,0.31392060581542447,-3.0238433572131918,-0.7803351505480896,0.7065414310801428,-0.078177585961107,0.28292463575978577,1.3541646664899183,-0.1934580054491071,0.12273714282887917,-0.5639496468388535,1.188872270488735,0.987608109853267,-0.2759318462545316,-1.8709273888042104,-0.279797462417964,-0.16369496398521544,0.2896265901811593,0.3739294048322209,-0.7038595942437025,-0.3694298016716022,1.2580449308229844,0.7025523579853996,0.41619684657196865,0.14074640719280693,217.0,0
17473.18945260917,2.167428327605659,-0.02206900674939428,0.5837181608674558,1.20303344133087,0.8788230925098712,-0.4641225585866433,-0.11949037468001199,-0.32158035409762953,-0.293559644793234,-1.2287081922358236,0.6671911428016735,-0.7325650121055715,-0.6370622683606226,-0.4473939670130617,-0.48825861277950755,1.4821577179537802,0.8214172748433755,1.2898921392629248,1.582896416870123,-0.25956325022742377,0.5745502087996573,0.6217291555284112,0.30686210025745697,-0.8324313784056033,-0.5616074118859512,-0.6551437270287379,0.37030074119491607,0.2863704647390799,52.53,0
17533.47083490742,1.603151180869087,0.9088415532318945,0.21625872096102194,0.981086921221937,-1.1376010424662506,-0.29965749898530214,1.2447861861188243,0.20266385580403604,-0.3364354745353067,1.377682801472212,0.08823015011589389,-0.3743230895096103,0.9839364201122521,0.6843737253235723,-0.635333126335835,0.9125634379018948,0.3069362512934489,-1.8418219696131308,-0.04270544270317375,0.5651781372449541,-0.6951279252079564,0.11588693662757266,0.6459145525360994,0.17825459441412242,-0.36944476576401725,0.3927823300606109,-0.021513298110109217,0.0429684961121747,13.1,0
17587.197009024803,0.9899552084525877,0.012586004486713839,-3.237167269021524,0.8249340339055261,-1.6869266081591383,0.9609252353491489,4.34657638005431,1.2797993765327547,0.5831352544280156,1.0082198439693844,0.4891458127689579,2.0402622371655634,-0.4287785190274185,0.9296971669139186,-1.6483120612737732,-0.01057683864451774,0.5117304659024777,-0.9017433719434466,0.2763312400529644,-1.6976520581430685,-0.22228641601718985,-0.1855971141937635,1.497324965014029,-0.03274319305972696,0.8597842265561437,0.6939053477633642,0.5044430520758667,-0.17657270731917782,115.9,0
17818.979543898466,2.0851445598458134,-0.7225449859577192,1.1692929573336202,-1.1325464598218307,-0.7882276867551328,-1.8651524055423805,-1.5331924167020352,-1.438187276189222,-1.0357265067708903,-0.39764031108539893,-0.027451986320649158,-0.932527076028198,-1.3286128998253544,-0.09475214084108335,0.5203250048628946,0.5720569318200567,0.29847480611539134,-0.1896581080521329,-0.7731863668075304,-0.5619059299856368,1.0806444306015313,-0.39894184658794063,-0.26584635925033173,0.6097137094904826,-0.31857804064053646,-0.9224176720921841,-0.8014132233382725,-0.14991328336367218,26.3,0
17989.130098278485,2.286054795013305,-0.18004543488065886,0.3289588482963397,-2.7014364956059924,-0.17221562097754345,-2.0271446784476628,0.5537638450947797,-1.2192878291966078,-1.1903199711440975,-0.23632701145676402,0.5417645348150858,-0.2922692114008272,-0.7689896302765064,-0.07831853241760979,-1.4882437023747004,-1.1340721094958326,-0.8118822613570349,0.5616675409717679,1.759456837714739,-0.5556656194316505,-0.5302632861745744,-0.48539124468341827,-0.21619950273724395,-0.27475514875228035,0.20785170120722793,0.06666168018428055,0.7481436713743475,0.0748426872014602,16.43,0
18419.3253554907,2.702796759998158,-0.14477234056529656,0.7741572480286371,-0.5564393926987532,-1.4724778192687051,0.6073861778375217,-0.8718283841517721,-2.331961513608726,-1.242528482603247,-0.14839578693445388,-0.3419064201158285,-0.40217187709638746,-0.3464770431700296,0.45007998519852943,-0.6902210969747098,-0.6854658167589591,1.0515758991960988,-2.5024338389503527,-0.44352850824075885,0.9197399397539721,0.04737476368954798,-1.165875780131074,-0.47257176094348397,-0.15679330979298398,0.5421371182172878,0.34531311819271765,0.2761653336686107,0.016092034164935997,42.79,0
18518.466183422584,1.2668569989242353,-0.6123523079163562,5.9698525056818985,1.418276348837252,-0.014313358415451083,1.3501569506175095,-0.6639572679737501,-0.6604276082796167,2.255075026451978,-0.8539493311879336,0.2791435246424674,-0.26047484610752025,0.9959276480932866,0.5505893066766336,0.5358548084291882,-0.5303984345391722,0.692700491802738,-0.023719656870163548,-0.1884411189760431,-0.8552184794838753,-1.924573246329947,-0.662887902632528,0.689295202997885,-0.08964850237138453,0.2563033980358647,0.12129002241229814,0.041237465335594845,0.3091718846596378,67.2,0
18642.77545302706,-0.3303633287113808,-0.42771802082753774,-3.1665526922455762,1.97305301159709,-2.3358426502324248,-2.09512536244824,-0.8874219045757894,1.6059405998608656,0.5825566043704252,-0.4858543545221902,-1.5477992088011079,-0.3453693256313445,-0.04029351353329819,1.1399311811047312,0.65831116351899,1.985518452424047,0.7944479814199419,0.6617320653838341,1.0700662851872107,0.17883809616253396,-1.087333432627444,-0.6838667570255488,0.49897008577041657,0.05513022323143116,0.10261653178179828,0.18228898691338657,-0.35482494021053385,-0.16504239815642005,9.13,0
19016.092142986323,0.2840535545409375,2.6559290435245706,2.623263872410997,1.0061361113037393,-1.5496852057733537,1.4501041174070497,-1.3868227621520315,-0.14366558468163582,0.3332749088396709,-0.29552008147469194,-0.7030312998952152,0.27111398312439544,-0.18416684389460633,-1.2442499138481222,-0.5999440029397909,-0.7142401859757597,1.097469624914429,0.8305831823209795,-0.15067324084249534,-0.09484193906738779,0.11394542028464111,-0.36932572346016407,-0.5373151891033449,-0.23715658788634025,0.4920542235911137,0.06534330191831357,-0.17423880823247143,-0.4177556288555768,75.51,0
19116.279091964167,2.3589107929019186,0.9331382803230014,-0.43542030910844104,0.6079769696379562,0.927148742028162,0.05485851613027727,-0.05116723021787391,-1.614156275163902,-1.170034057590324,1.7744025801328374,-0.6919700366150823,-1.7378665759349572,-1.2466311677156738,0.019639835480214887,-0.12586206297615823,-0.7274084978526252,0.3615873629466218,-0.5827655119681839,0.03635053110290709,0.8085936772691158,0.8983557979883511,1.1323081335221499,-0.5527888325442109,-0.3355326727191847,-0.46306342259895106,-0.5294428889859705,0.24303985796998487,0.12242925214310311,1.38,0
19214.035362644503,-1.6025701001184736,-0.4886196378109996,0.43830413983614624,0.5376057238815104,0.834323094834578,1.4638581470157448,-1.81651293566095,-0.5838846375733188,0.6852042732423925,1.0420688044514705,-0.3812547792115169,1.0364994029529009,0.7874174352179024,-1.034621228644967,-0.8022818888359002,-0.918797146179572,1.2860904235076909,-0.2515390205839259,-0.23208401442193963,0.46361752893909486,-0.9995357881492312,-0.1155331814446492,0.5832041797367571,-1.1219793945147674,-0.2562038766860135,1.1441636673980877,0.2520946104835718,-0.16410825554961053,198.07,0
19359.4259834221,0.7186040171642692,1.1589776421852072,-0.06765163369244699,-0.787322404429203,-0.5426503519181698,-0.08916326267935035,1.1659151140766053,-1.7922939410063792,-0.131472090878961,1.0289185631512439,-0.9481454692607187,0.6279317107065847,-0.6499484724248943,-0.0491257432403997,-0.505313385373972,0.4992875181228706,0.32677840343233894,-0.5149474667545506,-0.22649997398940486,0.09752253199265679,0.05315948839193035,0.1742082099930567,0.2345022438554836,-0.3420532080921146,0.2819263967232423,-0.243904967275607,0.26656166021775474,0.26769674819781514,225.73,0
19566.62841691578,-0.7732561516026912,-0.5522686754956172,-0.6433546052666995,-0.18407178772466756,-1.4082311947588035,-3.3662834505423582,0.06744244172318759,-1.3549879906352598,0.2335810157663994,0.4081753719024081,-0.5446652035819525,-1.2659672578627943,-0.09805060802217389,-0.21891669662054572,0.2408797306988782,0.1303910996704778,-0.1920218391469352,-0.3282604909088263,0.2991131270758099,-0.4238716503408288,-0.27679440849994197,0.19710197069664137,0.4643039241996897,0.4352145340558445,-1.0764745151127504,0.20936088153662893,-0.2899423278616388,0.001966148431254833,117.61,0
19607.316682203866,0.05309522236780061,1.949494905449828,-0.8646777133956651,2.3632926992434187,-1.42156193394273,-0.19841633119068672,0.5200236883917151,0.4705646449020301,-1.0807472772881193,-1.2265941981427877,-1.5517706773471671,-2.3022653980645242,1.4820846542912907,-0.045063130910629266,-0.4624897988463383,0.9652353316024365,-0.007302753905638999,-0.8622000763520294,0.44770814258504227,-1.424892372389323,0.696917030501904,1.1506917074485412,-0.5408883921648039,0.517166417369338,0.7412902614801803,-0.31317432896052766,-0.3701581030497287,0.22357555563837936,55.95,0
19621.843471358297,2.4997599186962636,0.6155880383473885,0.5024222007366255,-1.3344767199334266,-0.516915412617839,1.4215432317562293,-0.5745307584047167,-1.4136939331093428,0.17408904050093554,-0.04404876311724908,0.5665253458035859,-0.9975537528738319,0.5107114280340148,-0.7746715197177662,-0.2266797379980189,0.5978342145781205,-0.02229197782935443,-0.7430951967541582,-0.5265681363504181,0.194596385215003,-0.8938507772617583,-0.4188388690559873,-1.1502891973803768,-0.28483340188771006,0.16082359326737253,-1.1006132031966707,0.07804927944498236,-0.3478897550781152,26.2,0
19842.884620336456,0.37095083743486634,-0.1762143575073712,-2.304741634919632,2.286423154245952,0.8906484717154397,-1.189786920987014,-0.45260723417420184,1.3433247027656317,-0.4706113547199227,1.068306577627452,-0.08157153436122633,-0.2559253883595082,-1.6262036127439636,-1.44086589388893,-1.3446627869162255,-1.216316381781775,-0.4531466519621628,0.3626481605785782,-0.6266125825287594,0.4132129743412538,0.3136697924348212,-0.16266635786003636,-0.5361088501795778,0.7898333515110217,0.08241899388792488,-0.4473962524933026,0.3069823212264868,0.04847672459588892,121.37,0
20021.246533466212,0.08773191572236423,0.7452043403714151,1.14249635111122,-0.4558765826462137,1.2830333835549816,-0.513821837648964,0.3538974123736619,-0.08401953024401587,-0.847846866137178,-1.3815110762610316,-1.7476673184775589,2.5947959980371476,-1.7674530368719648,-2.029157981825023,1.034823422162064,-0.7095477503640539,1.4172875968112397,0.10972490941041028,-0.4987842550655822,-1.2108495798230525,-0.48048500060836113,-0.07826598509220688,0.4210486680596344,-0.01631286948219976,-0.8475991184084175,-0.7002498204801378,0.0015506950924456175,-0.24002379310384425,239.1,0
20056.42369847107,-2.665494693384174,-2.605976738844145,-0.6311299744932344,1.8767409549805554,-0.6873845587827105,-0.23071381277652395,-1.4341162913222876,0.10494382818139818,0.8074595794371799,0.7012491043419741,-0.8540098990699798,0.5377273807939934,-0.06233490964368553,-0.12687174232552714,0.4642500902437685,1.2115578703627852,0.25605354320254625,0.41044034039078536,-1.14394987202211,-0.9476700271670339,0.16195701026559037,0.8234258120086917,1.2928002800355836,-0.8108980285733436,-0.6682726731849032,0.5271385397644436,0.590487152798032,-0.418437995692103,15.37,0
20199.046250079646,1.4578270957605182,-1.8686866765594223,-1.7162997163777833,-1.9918121669516937,-1.5959384898067226,-3.8704508934700828,-0.4412585851546744,-0.33392007041125665,-1.700045076758809,2.5545408932429363,0.3487533495288261,-1.836239169258847,-1.2107100781077471,-0.4173814220471787,0.7233333558627753,-0.1754848856214621,0.0808095583915454,0.1785600280498468,-1.2980304760271268,0.19864182658692744,0.049031778116719764,0.9740331725967952,-0.2632439401109319,-1.0018069741985993,-0.20521739051067023,-0.2938527909216212,0.013483450828624864,-0.2954350559224904,55.83,0
20228.243902558872,1.2605417411575057,-1.9801787209080457,-0.6825378055811198,0.8296530186397381,0.3697201664665567,2.2384034091689977,-1.059128492735835,0.9336179482860125,0.6205622737040962,1.1686933833210034,-0.5543970378435046,-0.7073104472813798,0.6504881506368629,-0.6547112047945137,1.1790668118077303,1.0543957644521593,0.3360247470014616,0.5881708065495981,0.2393832169105637,0.265607963235839,-0.18597553459752045,0.34313340025647043,1.3937373425941928,0.7405318941083937,0.42365075953016434,-0.24900631608228052,-4.2518708238134875e-07,-0.18702918972133634,33.72,0
20307.595233109507,4.232018643147372,0.23923198406244164,1.9125394824619708,-1.0431043543357459,-1.1396187320635378,-1.1999837923522307,-1.0972574128392152,0.9460519815332433,0.7526915041066945,1.5558409678337217,-0.7124333890669108,-0.06460813448996157,0.04423350182320071,1.2817097218653823,-0.7588798034032237,-0.12807432640717076,2.589278668408491,0.7334241615083661,0.7618151696667537,-0.7601848558561066,0.3486480629921926,0.8933523583792962,0.5080547285053945,-0.22528587033582262,-1.0802167877472892,-0.5149815272003246,0.26742481545188773,0.42553505707209327,39.29,0
20346.445114753267,-0.6057464573993293,2.878170633724672,-0.8122371363927199,-2.0037795020039484,-0.7174238175022712,0.6805887993009981,-2.5990820315456116,0.4057365694204095,-0.9737097461892392,0.2415529793912839,-0.07343883615746075,0.2453060945260932,0.1673493098012135,-0.832512914760716,-0.33126929626246554,-0.8513609775957501,-0.9855405172033115,-1.4552334552478963,0.7067965100898511,-0.4388350497875986,0.030508541416499085,0.1276948389463562,-0.8534198652458623,-0.7357685182308383,0.41370940955699603,0.04495054216965795,0.486008312842113,-0.19608951461631738,46.34,0
20417.936894401228,0.4258693299133852,3.706232200247317,0.5464216596289941,0.30949839394259776,1.8321127045043546,-0.11118945008348788,1.649397039796154,0.6827454843898224,-0.9082408447348348,1.0654964927240553,0.3559365798642984,-1.3385514255173552,-0.704736876198356,1.3730671967983976,-1.7386642249029503,-0.263875757399103,-0.7362811617560773,-0.7139046545943271,-1.9427424993457776,-1.4126629320148654,-0.09879565113462555,-0.12644670532641775,0.1308920238584551,-1.3701607182423,-0.18511451557339262,-0.3468267471053254,-0.5372449566186451,-0.43595606257103914,270.01,0
20530.785387792683,0.4850599102198386,1.0611889214595602,-1.1096032220911305,1.429376850922809,1.143173725098666,1.685464478814639,-0.8459451469304136,-0.25399718519833087,-0.2489705847066331,-0.7874975754349628,-1.4716211824532057,-0.14719018849283053,1.7432727242619317,1.5736479445089067,2.873683858646982,-0.8517088086687458,-1.2019008210660207,-0.19351355630534625,-0.20225505785036726,1.0664104357502109,-0.26265090661581725,0.8540370903535177,0.528974023821587,-0.23907117429773805,-0.11388121202390074,0.4791809619864537,-0.4451203447251411,0.044399457788593916,26.65,0
20664.928944171028,3.085142082903259,0.8334044037693581,1.1536580495902269,-1.1962626933844216,0.21777468612136672,0.5473696265028563,1.4326714846385182,0.65551168250229,0.3084892094113984,0.8763613389168565,0.5679915450284367,-0.7355692913937615,2.844430061980965,-1.8900786243316234,-0.13999792492932872,-0.49580482596549363,-0.2037947809640618,-0.019169468845196897,-0.9002878263387949,-0.9987211475064148,0.05538295792499328,0.35259038660508274,-1.4857854987411245,0.24677301127811174,0.13485599237104953,0.1454956692014226,-0.12451764789457712,0.009375797568062621,60.42,0
20693.938281312057,-0.18974981943123442,-2.9881142637955365,1.0435805016504724,-2.1223582929801834,-1.7597183504980045,-0.30928636182022007,1.316168785231211,-0.4056696075436507,-0.17152000144990012,0.7208530343132987,-0.8185495296336107,-1.1254860957214259,-0.2765989220647782,0.08974691733666733,0.948509350602419,0.1819461070757214,0.21190546077703631,-0.5600103177095959,0.11441751425415525,0.42229198140782576,0.1612282858726169,-0.5348904611864937,0.3945183146716884,-0.4223552067154478,0.1430553275479678,-0.27691404560898286,1.2587657856360863,-0.16908059462958414,269.44,0
20711.77655232172,0.5430845988392986,-0.8989995840581435,2.8116242501044657,-0.12996291746211563,0.29165581886681335,-1.1894782927884717,-1.5843260129936092,0.004426529725862282,0.4757356268527679,0.32022449653813767,-0.015258534017824076,0.25127633074479966,0.35499480275088896,-0.3870490065538356,-1.1371447164194504,0.45666125012895636,-0.4061364374341557,0.7616683437999399,-0.34296365268071416,-0.022972810480238654,-0.7262942967081121,0.7224888009992236,0.7180784037284467,-0.6381590535650747,-0.36886984995287514,0.41048205472677346,-0.1038839978298076,-0.055813454890938,57.55,0
20844.913439215015,1.1869529513274437,-1.3059205445306907,-0.2653447633756059,-0.12371965506578726,1.4689199804469195,1.0709943354985387,-1.3409481158891816,-0.3294234642999795,1.9430738807951327,1.4480967178649433,-0.03321856416778393,0.7706156761739827,0.09938513868160474,-2.821140180091001,0.9097259514140609,-1.4018312425753223,-0.470827366641871,1.6537994204000632,0.47944745256775356,0.9987820013004467,-0.25756159000524315,-0.1524869976918517,0.24410117005660337,-0.33233504910627576,0.32847697948816185,0.003333922486774216,-0.04823494994112844,0.33361902505289454,177.39,0
21087.230675299023,0.36216046558181475,-1.0287803493603755,1.0179621570373918,0.7764375102083724,-0.520186706488061,-2.499127800114191,3.1535705152270315,-0.5495679726342155,-0.5631970940468849,-0.5906678448613674,-0.5380144441133692,0.8384403203501717,-0.25770196673427315,-1.3995418514176454,1.6985963616815032,-0.011077929972812407,0.1222531839513495,0.15529244925952732,-0.01825385294340999,-0.6071452847309925,-0.7746893732871966,-0.24124673339094954,-0.03800517709480229,0.7556656676122095,-1.2068139988568294,0.009886819127631341,0.24662576027395955,0.22901674114419393,5.39,0
21477.565840514246,-0.8772046563594631,-0.277221078929612,0.1506056976694803,1.344597478633535,1.8678457649446818,0.8679028119108916,2.156380997009922,-0.8291795628774972,-1.8959291785037768,-0.2040535511935342,-1.0478903076700252,0.5691629159844144,-0.8300581605865021,0.7511040745925013,-0.05819401254482214,-0.5144295496700335,-0.43811948550604163,0.07023250989486272,-1.5469130060321692,0.05124574731825045,-0.030676547217848665,0.6467271759507575,-0.10611735207942087,-0.8443624182724064,-0.23224654063157985,-0.707514171066455,0.38947845484375637,0.19940983545802085,272.32,0
21540.714010474883,0.37680644205023284,-0.7818203661205321,1.971402112113437,-0.08404629303033032,1.7871237310673869,-1.4641640941841914,-0.03912960830642509,0.5656657272596926,0.9088024535915927,0.10648843022534403,-0.2901787695063538,-0.513133395382058,-1.0829435695187914,1.956725249590407,-0.9289541930957673,-0.56907476327102,0.26812193451205507,0.7094002988397832,-0.7903278318589163,-1.3061626255046535,-0.4355232397808028,-0.06566482764427359,-0.1418841599029304,-0.38837195421701376,0.08275793771412383,-0.03486605461018369,0.06792221039181627,-0.405874659519096,18.49,0
21955.040102144474,2.0987650270545215,-3.284024063499432,-1.0911735561959377,2.6272618737143785,2.3001866815388197,1.678333843293954,0.3167101560509633,1.582034341882406,1.8551439103645042,-1.130177821157594,1.6719514625262937,0.7107047952632423,-1.1335704230171666,0.8748789397324337,-0.1301151670517759,0.1216046068882574,0.9672119989551768,-1.5589243864897755,0.002057860814054959,-1.4913745518981776,0.5633291492415841,0.2810061857777842,-0.7204773876278262,0.7359796509309801,-0.17725009704307884,0.154924166783499,0.4641437371335339,0.9876615536337396,348.05,0
22029.020941667906,-2.012883126816789,1.243572347106846,1.134023468654553,0.3175699438585163,0.4214423667992506,0.22025792118889156,-0.7773465742494886,1.4138236785058473,0.4307093253920049,0.25099851057013123,-1.3949463819224404,0.3012215358871909,0.4071930800820469,0.3138161744045909,-2.0427129564308992,-0.4824520150161316,0.5870843352704872,0.02355765585366761,0.07073929289916515,0.46400455283003933,0.49147636019957763,0.4790732916131077,-0.4213030048288977,0.3010498609809053,-0.9500093191822147,0.6441163743001312,-0.47538167352582344,0.3593056099846151,17.19,0
22044.855680651053,0.25714565646590787,-1.7789976284048004,-0.29442959624694914,-0.49042189089467036,0.8116440928497226,0.8655417203796685,0.5322397808137372,-1.513402068114912,-1.2034047048560637,-1.8878691716249605,1.740725738315529,0.12438679646924744,-0.5176771311493253,-0.020435413980007193,-0.0376808314484349,1.226421278805894,0.7644375992593395,0.8176494683790914,-1.1475521567432865,-1.3729646223705065,-0.6776430050548307,-0.569291528819529,-0.25536122859260313,0.1098308902704333,0.39789015195344385,-0.3639554046688361,-0.30491839902056317,0.1764017998881925,52.33,0
22125.296605191415,-1.373871072885347,0.3991113442123484,-0.09604113881314319,-2.2817183529252802,1.95507381850475,0.11426090249892586,-0.8836895800144314,1.556227260836249,-0.13955263026392425,1.1523571352828097,-0.2635189046089782,-0.6285813252864759,-2.5761969194896386,1.6306404203812068,0.7490382269945088,1.0548114087512885,0.9425926603034824,-0.5375078349428978,-1.2540724424026355,-0.17205020358607312,-0.0031697054860474966,0.2780255612852739,0.06931259382860533,-0.3924659020820071,-0.6483424101496936,1.1006898532523373,0.4634025189026523,-0.39924391608230503,32.86,0
22269.3849083849,2.3364699361149284,3.4452265334041967,0.14100610763662244,-0.371817306483705,0.6180320251749419,-2.337328187472645,-2.5036411952141844,-0.3818925578818089,-1.237372261884105,0.05282095541936583,0.03946643344076615,-0.512635137071735,0.44680937788586195,2.081757720239305,-0.03573059339501824,1.0492994258356845,0.24434445828967385,-1.0248784744976291,0.04315679280194243,0.7841041337280741,0.46640794745785835,0.9779276102169971,-0.3412450080656363,0.01962402008076396,-0.032583203522404,0.26867514105057466,0.004641493397054994,0.3238624277656404,50.56,0
22317.71366285712,-2.9852621276205897,-1.5243985769639798,0.38496568330544384,-0.4762070077600971,-0.693887777175463,-1.1456606303733667,-1.628121908277397,0.7260858285240749,0.7067418726755033,-0.5710012537732775,-1.1126277802008187,0.06374122560336977,-0.036286989437209635,-0.5683831629981587,-0.2632510089076864,-0.4333398415262026,-0.13949168584133506,-0.15544465202678284,-1.145915454261798,0.5799847991873128,-0.12993992826165165,-0.6951955411668045,-0.5325344970347701,-0.32532676851097436,0.08242047702318879,-0.734959075818856,-0.5026630403989432,-0.17218780118000193,25.68,0
23156.759354443115,-1.0974330611087286,-4.198750075795464,-0.1751490755641558,1.3597619466486135,-0.6210175699802324,0.9033180234116194,0.025673859502250197,-1.0909580418998468,-1.4942877025106618,-0.9155753465104198,-0.7887493723949189,2.4529975991516615,1.348580972372196,-1.9376402948318512,0.48028166744911394,-0.8468004271566363,-0.6729977348851345,-0.050920804603590546,-1.3617222734756802,-0.5086623386255886,-0.5350961601388095,0.32522998836056927,0.4651504748298874,-0.5204961322495132,0.01296029483842377,-0.4090570114917214,-0.526601098784507,-0.06712797496358798,299.32,0
23225.780857639238,0.7353207418006086,-0.47288783209565804,0.32792012199711545,0.6549034304369349,0.3292149285557766,0.22741646275698305,-1.393489276277352,0.17293182543145869,-0.33407279110203353,-0.25628860693793054,-0.5132118703526892,0.2933327493958201,0.37507698968039094,-2.0327914599467127,0.5503168288133207,0.07681370325883152,-0.34167150055687356,-0.7593018164624107,-0.365212846403895,-1.221367957230656,-0.8019613661005807,-0.6030484650365535,0.22679578527705616,-0.6544328136531735,0.6121949336461937,0.6863794996781085,-0.32278704064904723,-0.5760684994954675,32.49,0
23563.90000958912,3.0617871083398294,1.8296896837313346,2.4004480184679484,-1.6697744956213922,-1.7855001742462613,1.583051328974251,-0.0831753889249093,0.3800159334209304,-1.1113403549109107,0.7580842498317436,-1.0705149017357185,-0.6280717430401555,-1.4766303244826195,1.281062980234782,-1.5234669938359395,-0.12866448443763642,-0.4568802607512202,1.7508822454128896,-0.4004844511870976,0.39701758128046366,0.6245041670375132,0.7398856300669919,-0.3304742366911758,0.47701665894864503,-0.025151875980864373,0.6004488643631587,0.001128679959627972,-0.42566529781721973,94.32,0
23641.164873749178,-0.13190636494748012,3.253087925216478,1.4995258072545645,0.24397163156371868,-0.19882045733504683,0.5436521344678533,-1.3240114301029535,-1.788366831482308,0.13717518558445327,0.6036256102550462,-0.2113568731112324,-0.8514481367586466,-2.227597404693409,-0.04536261874705139,0.07838653918663217,-0.5340662451371997,0.6345927917775759,-0.40012197753167206,-0.7180951931991856,1.0394061114621902,0.6600037231967443,0.732998438421953,0.3098889303210066,-0.03555446514084172,0.22551547847871148,0.008241668861990292,0.1864802125485154,0.14953165163711649,13.17,0
23652.741790849348,-1.0901455368662867,-2.039321123974605,1.3227442589137322,0.9508911314167241,1.5157884405997624,-1.287290814859104,-0.9639646565055856,0.735170335819737,-0.407154971334627,-0.7739607871548879,-0.4147532715271146,-0.5074753717017078,-0.7174654693149136,0.17778559680480638,2.2284115135672047,-1.035351887726982,0.29994971669769716,-0.9639776903791237,-0.575834938214719,-0.506851558424639,-0.1538570688379492,-0.25829679166894387,-0.2777562187215105,0.19200350873759084,-0.026529255519210197,0.07196298150645261,-0.13081160247201734,0.3438928166380731,154.89,0
23762.518980874465,3.679730507834355,0.8265226358467135,-0.6909389591033208,2.163598595670423,-3.031126676776004,-1.059237267034575,1.050572066753989,1.6246333570922606,0.19229338649655084,-0.9283985348192646,1.9034323593663907,2.1878341669365216,-0.62310502464201,-1.734805875461978,-1.2258649974864948,-0.03243229252535564,0.6042363510102632,-0.07843503607800001,0.008614934661701854,-0.6156759632110069,0.5599250116934968,1.60203144811212,0.038425143210624374,0.09316727781409022,0.32224363924748345,-0.5634547530880868,0.15366087327624925,0.23387797857054782,69.63,0
23988.224816436876,-2.838089126217649,-0.7705643020920312,-1.3502134449419616,1.256684200906732,2.1214373882494555,0.14223147808144368,0.3045250819830895,-0.2088508099738947,0.021862333737497165,0.7236126240909129,-1.194011187372381,-0.41405559467576825,0.9450864955341732,-0.7295633296801827,-0.0812207589985448,-0.3530148195774197,-1.0104178502334502,0.7581905973120148,-0.5892135727111507,-0.40091114097634845,-2.1743013841887846,0.8017243152122148,0.5970031476109439,0.2687251942073071,0.7292508948860768,0.6382558244822273,-0.17384007006672977,0.22220804636329317,345.91,0
24065.099979652012,-4.307982757191516,-0.1739668542944122,1.4536957616696604,1.077351760336374,1.5515064279935762,-3.087983556298138,-0.012211018699610492,1.6417953314449962,-1.0918274604075415,-0.7924375334301986,0.1085860961693238,0.9049169908108118,-0.006898046714568963,-0.28606986293469466,1.7756834425285932,0.6129435517359014,1.2432760820234194,0.014322703425914355,0.05492742616947924,0.4449319049838066,0.9713155639515866,0.5117162920212768,-0.3699869178215104,-0.15349271682957863,0.07434187095548639,-0.4779721317853965,0.4878767771722205,-0.022789169028357863,49.03,0
24079.614751191428,0.8582750328350225,4.391948689950099,1.3332211738085915,0.08515386602881896,-0.636536902941648,2.241202407982002,1.0823493522017775,-0.22699238755682405,0.6891057518635779,0.06740982055522438,0.25762429752938676,-0.3904977657389621,1.1356066685211121,0.20161819899169242,1.0084597189824227,0.5923929423497727,-0.37279979184278156,0.405434206912499,-0.31253869992572736,0.9516682592377967,-0.11648366377352454,0.47085352524375274,-0.7182919034131471,-0.29123335212435775,0.41031249419029553,0.40782735540625964,1.0169038736182077,-0.1398604205547626,19.36,0
24103.423169787613,-0.9860981634542793,-2.49324242207843,2.2401562045553423,0.5498848012986189,0.7507924075933234,0.5950693353478916,0.5916785443184026,1.0261452980181591,-0.05663186005483541,0.1375873052660714,-1.0957991321967249,0.25288085167073715,-1.322797151026635,-0.38597885460975895,-0.4732529229775557,0.9776507939167015,-0.9579723362758465,-0.7282741102830822,0.13389398699624214,-0.9522310145903131,0.10241090706164542,0.7126979262364714,-0.08909503088824808,-0.49372607414249486,0.761493655820972,0.6530471008336572,-0.15613023617405236,0.09829505211011118,37.81,0
24151.548502009813,-2.002541132658148,0.4231716607310557,-0.9165860331295463,1.7692366091789737,0.00365486924971272,1.6445890316632317,1.7814849235582704,-2.673365260965862,-1.0938914425885753,0.3445725535147195,0.7083468053776503,0.7886595046402908,0.9671906203362788,-1.004876416973139,0.1858459346996226,-1.1092399606697156,-0.38343961453369513,1.2425715733528042,0.7126284214034097,-1.151771660593572,-0.23634527341071754,-0.723619972528117,-0.8353101994682706,-0.8571008108255349,0.7103167265627254,0.022773101013733383,0.19148127075286947,0.2806132441168639,118.91,0
24205.39716074946,1.3836324729084766,0.7783680414720954,-0.34740756018055463,-1.8869832760497076,1.7003358439652456,-2.107757201088934,-0.5667346365122075,2.9182426473303416,2.470605628649697,0.9449579164656993,-0.4058319938536333,-0.588399726912504,0.7229270872959651,-0.7599669284593413,-0.00491053975940088,0.35891136133709156,2.157953646807889,0.4690214968845847,0.6808980682771739,1.8090575804938969,1.0212560316306287,0.13999080027598793,-0.1701359834524297,-0.6799100016882658,-0.19828518201974057,0.46722049154277445,0.15900390512100443,0.0010498294265407983,95.83,0
24210.435867036867,0.4741296241462676,1.8044996094480243,-2.490667222596115,-0.49468770521969035,1.3583184975696698,1.668018238198812,-0.5295061352827913,1.8049250588736518,0.5230506653564366,-1.386675397384753,-2.5559038761374557,-0.6582891809882105,-2.0161650010037673,1.1710319344082667,-0.6882177791209505,-0.6389747298779637,-0.3386620697944362,0.8750119806880036,1.046569946311261,-0.1327902415318605,-0.7787530902942483,0.276820983485985,-0.17208919556416322,-0.22068153792483522,0.5430626734215056,0.8926093955959495,0.05553645683813536,0.41374286888617606,134.16,0
24338.966265466377,-1.1075289633083956,0.1645914305827671,-0.5950679069934527,-1.093791144121057,-1.9369477533186539,2.987033165290235,-1.6029370832286973,-0.3414592361749593,-0.1719676382275375,-2.099164799339366,0.6806473529550497,1.6643118574899844,1.3245269641909396,0.23741702892902983,-0.07099192234114775,-1.074859523052376,-0.28421665950961866,0.3048257288347025,0.6800013657897287,0.19907598500941814,1.0789638895507752,-0.2915378961273236,-1.5091833660525618,-0.9718572394720055,0.13234170470725432,0.1290266282364338,0.2605291026023536,-0.07424880806211066,6.79,0
24350.578681839186,-2.509749039994944,0.5133362356400198,1.5164307049874681,0.5369168528706549,0.811465294306978,-1.7606397538451484,-0.5287002547402536,-2.376164178540622,1.5592186479559818,-0.6221732458613394,-1.143666407292648,0.9834037293321272,0.09542647696603888,0.5933800659619725,-0.2594281110179163,-0.374707691258303,-0.16858671794700777,0.688872972524477,0.19164675286647753,-0.5297564118067422,0.28889717845125057,0.33603111300127503,0.32480715999318854,-0.8378706448086992,0.5851940948609463,-0.08524192700050137,0.19103841417211181,-0.3362360210963085,77.32,0
24707.818725273613,1.7049076353155992,-0.6482740135827277,-0.707593081310225,1.7419344498300997,-0.28507454356334094,1.0356459623919887,1.1880400566205955,0.34903371333224037,2.030088714014566,1.9817753446698034,-1.072650509449773,0.7875759970991005,0.3939981903116261,-0.8707238218430005,0.10030298208774588,0.9492712651164977,-0.130779220866805,-0.7295622490497579,-0.3556761810717741,0.38195026470322185,0.4547917838286455,0.8924707363085109,-0.11209720414358014,0.6336368889880677,0.29913247195615106,-0.03281977015942914,-0.18738010986675693,-0.004162628911193365,239.59,0
25036.67473838662,1.2697766331921259,0.4487169582581696,0.9751329913308797,-0.8451692315284418,0.11385625413181175,0.006168099303323979,1.600941297822248,-1.7393167279147888,-0.1632357628309896,2.224306343197072,0.7094501344739973,0.7841465725451678,-0.8628822333200012,-2.861854757381644,-0.6885030031167277,-0.32493922936510333,-0.681016683698903,-0.41074312560440224,-0.318478216016898,0.7445820309754765,-0.24271074389884675,-0.3072341892466939,0.7236981663674643,0.13717504470281222,0.1463669321156411,-0.35965054610201197,0.5247776754461185,0.03566718230155123,10.17,0
25413.120916690325,-0.1973466957602688,-0.5678289697323982,-0.2880539581751404,-3.3843219440794416,-1.0077349023869202,-2.059416679782788,1.1825406685596251,0.5381299176237603,0.3806314241451969,2.0143648571539226,-0.35329795482448817,0.4532229196091332,1.2771584043574122,-0.5066242561416116,-1.1723717799714746,1.388517209549122,0.12295588924686211,1.124608282196428,-0.7175876318531318,0.23525702298268647,-0.9601049868670333,-0.04069949972198781,0.1318096207943994,-0.27313363614334857,0.22891355794503856,-0.3705729680889835,0.08062326432643761,-0.02869976493736334,8.82,0
25687.730053915893,3.6121474325983622,1.0338308458433045,0.49413499582670206,-0.5835790972924896,2.4169148243477476,0.6634131090559511,-2.2102873289837746,0.49799222711576496,-1.0933106628911238,-0.21056497479344766,0.9454684655010956,2.02674772009344,-1.1838230801043037,-0.8394237788116284,-0.040789837072242416,0.48961990415086065,0.9336168725746339,1.3027641763290871,0.0010350152316902306,1.346885227594061,0.6803730311519881,-0.5966036259388234,0.4503513153185973,1.3798433635210903,0.1357137747402977,0.21334661096826693,-0.15301790621332198,0.43784714797937446,112.28,0
25904.53210644932,-2.0981830196356253,-0.6116870933048361,-1.743087204460625,1.2934544524877363,1.4376712250911796,1.1187767582864672,1.333847835425184,-1.133386731357801,-0.16527032833149122,-1.9573209733577377,1.2456829804231928,0.03346775965665659,0.8340246317190905,0.3384077728310416,1.5680899233771932,-0.34419101386839784,0.2716984139944434,-0.9584693518001036,0.5653553844648135,-0.24805349907590002,0.22671228678905325,-1.2977980424484534,0.7286852437041382,-0.999297633990465,0.15609966267514608,-0.07975458963103188,0.9736239898613214,0.2750988656287263,33.71,0
25990.835447560843,-2.989839963094107,0.6279698228237293,0.13105996292548275,0.7613020683186591,-1.0237762822606977,-0.7987075360782098,-2.264886429784301,1.3533721041520288,-0.22252139037028162,-2.5738816738967185,-0.6590292136853514,0.5720672168858271,0.822540639228263,3.1839163901422705,0.07232251728119467,1.0300407976457866,-0.9676655551509311,0.20840147593283126,-0.5936970499106589,-0.19879057005771006,0.9962802228788036,0.563959715597986,-0.08087694658297669,0.593257282384911,-0.0802005834725954,0.15783631324137387,-0.0460161028040762,-0.4905305886789368,95.69,0
26208.205818781542,-1.357792237802169,-0.04665683050180648,-4.545329144223007,0.606342221940299,-1.8464186747532367,1.5629060863277293,1.105941327389203,0.9730792531257283,0.20119501716407925,-0.6733853615887658,0.8176285898101049,-1.4760546303108515,-0.9721483162535547,0.6738113336150339,-0.3067195723138956,0.3981172057898205,-0.30095311258191304,-0.36023006269930286,-0.032967277533787746,0.18250144540359212,-0.14347275652428262,-0.019882503682570583,-0.0007057496326385524,-0.06654535049984953,-0.1286385212944457,-0.7207110723633237,0.10184840823430978,0.5247111266331712,70.19,0
26247.570217376364,-0.09242899616244064,1.871344040802005,-0.2825709940525418,-0.39635998210992746,-0.534070248439527,-2.2229074040893337,-0.45332237381205465,1.1783611649513963,0.364475892541908,-0.2161623262271603,-0.7725179289829225,-0.8439463185659656,1.985251079926933,2.651226352149459,0.687774228562218,-0.8203267705529704,-0.48108742032815227,-0.5825164084568911,-0.5543532028318341,0.36266487309573375,-0.3086798488767416,0.03331142982863429,-0.9639809939728176,0.47759412818849134,0.9220180104070662,-0.04527454713931573,0.07017518433315635,-0.9392023536888873,380.52,0
26357.526303241048,0.47322656494438514,-0.08339761166627736,-2.476969618195587,-1.8108840781420967,0.6002038152636731,-1.9930235402520942,0.8650324074320631,0.012416107343921599,0.6151011445882767,1.4311889944126492,2.2959933236381698,-1.2235010959075356,0.23348985348940607,0.5513403891691424,-0.14799863216029582,1.647907227967948,0.04446733925627999,0.2377266119333331,0.1678612774770121,0.17983312066408852,1.0156728641592112,-0.7171850372234216,0.7590028797695758,0.06723865592502892,0.2516254715223381,0.49743493287993,-0.051466539557893404,0.7358380227143062,195.78,0
26412.8363779391,-0.47547080850650636,-2.941587927206473,1.8347786166829654,0.7296774095245808,0.33149805261111565,0.18724405303458375,-1.6415387269423811,-1.7050708723538328,0.2594900234329021,0.9554387020553503,-0.7083423624623405,1.2757212833007738,0.6558337572709728,-0.6100899556601062,1.7081613866350145,0.2337211157177566,1.1552025243521244,0.9529213696399977,-0.45011676567643955,-0.9867958560054615,1.3995030376921604,-0.1358067741796588,-0.08943975047120908,-1.1352518199185464,-0.29632468982178145,-0.5413710142325823,0.17902443861514059,-0.09898055735253511,100.92,0
26497.89564723373,0.6860696245396318,2.09691162398865,1.183278193226965,-1.181169864094038,1.73234106128758,0.038611540356168726,1.4422686931666604,1.1808317238453998,-1.3391587260536122,0.25151857488332574,1.0566808313705076,-2.5885160573112165,-1.5250752034573152,0.33734562573460336,-0.006560118154285874,0.020899902337544192,-0.13100737594456494,0.3770882961896768,-0.6049718954477736,0.24506839409965872,0.005370398535872425,0.7944457362083494,-0.6162014277711595,0.059048915231368355,-0.14203602165292897,0.007484178377694017,-0.3363557723612323,-0.06551777096345131,27.01,0
26672.642297659964,-2.4534332433178676,-1.5017336333143954,0.7109241559016956,3.0925130168733452,1.0917333486168326,-0.952999788668001,-1.8047769764694754,-0.32427196205167286,-1.0386358430101936,-0.9765485536389048,0.8695075639002432,-0.4171390006114465,2.1196010494221422,1.7255733617633575,0.6386863831392965,-0.7522166637803189,-0.0782073751083333,-0.26714169139489524,-0.5564744931039314,-0.28463999699543113,-0.5530783578004087,-0.000614872824161496,0.4528710477049501,0.20477503784139944,0.553400867176366,-0.8969871181772073,0.23793750250109885,-0.021162822135659197,27.04,0
26824.272574859675,2.823407650171027,-1.0834306209685192,2.3136316486928754,0.8078526169854796,1.3401821269466174,1.086689574629961,-0.8236705299353326,-1.67402943759921,-0.6059019462709374,-1.0545191889105874,0.3276910730361749,-3.034021259785144,-1.2225258375950885,1.772977969678122,-0.6942016886388899,1.0472744929150613,1.544015376314275,0.4298837136443798,0.4072981053080425,-0.4441671650651447,0.592455077525368,0.019964074824915943,-1.3352956682227155,-1.3293184591901372,-0.3812583720445611,-0.6315398000069943,-0.7002249186282513,0.13126910512334058,190.48,0
26954.60515793313,-0.1640159267242445,-0.9869671344826888,-1.440927172001707,-0.8220534831070939,0.4513313949508313,0.7142130831453101,-1.2297014120132852,1.6319938525960205,-0.314328776334381,0.2808917330656053,-0.6853290232413322,-0.8503357538320315,1.0268098135272066,-0.5572351617127479,0.45785877432112193,0.4616751889971362,0.7602578357470751,-0.30094458540502605,-0.08145463756534924,0.029052202339327406,-0.1876180365783997,0.14936566931221895,-0.2631277099387456,1.1810510473751434,-0.770172448408507,0.3899034831144266,-0.5168532740249879,-0.0007049889396247106,78.38,0
26958.77291932949,2.1842501558654837,2.2837068131088647,2.6577195607022372,-0.865573523109954,-1.9220504593082615,1.1515683956264293,-2.1611322085503306,2.5331532895901323,1.1569804118386584,0.7677475022655157,-0.1522979256422791,-0.5066496672853054,-0.9927516193099959,0.24555526241066894,0.24901226970181783,0.5606771353519239,0.49757498674824263,0.3440502422454892,-0.351595702584774,-0.7377182623047867,0.43764390652237684,-0.8982937096766734,0.5561298462704732,0.18999683808808215,-0.7318053815947752,-0.15000649910446429,0.7276282917362267,-0.04628580121793443,138.66,0
26981.919604098766,0.6678033400749478,-3.543630097211964,1.4185675062430825,-0.131519603469925,-0.27134263369890765,-0.15988441414814664,0.11612656620997444,-0.048000360317571225,-1.2863956733977202,0.43230874826410315,-2.208040517879515,1.387618555249684,-0.6169866998058381,-1.3846449462207207,-0.05473641732906404,-0.444499965656773,1.7009399323193024,1.1663652202659291,0.21025519445416535,-0.8718396900865016,-0.19146905111873844,0.4522132952667659,-0.2683017980152942,0.4089726894162374,-0.8989418848345101,0.8802508719122857,-0.5001649184551853,0.44752355299794727,53.21,0
27031.0694772223,0.8910460376529209,5.211078679042434,-0.35805842424888723,-0.3390287645656996,1.4653691463135898,0.8100197601496689,2.2243277638086627,2.605154624623072,-0.3973022447131185,-1.1356594568622005,0.23357147954386331,0.38965629852602757,0.7906887326096186,0.7992920937393029,-0.4625915514566179,0.7418246596248603,0.42430626638596103,-1.7354584192972178,-0.3402699160004376,-2.013564441205538,1.1445863026644914,-0.9119460420207554,-0.43992154780310117,-0.7063100729821924,-0.6746372756985803,0.20853037108261116,-0.7805418225679513,0.19303001145134535,9.69,0
27764.455848265145,1.112303904217988,1.7551439507069766,1.7278017043639118,1.5813892903921418,-0.0719527578450726,-0.5909169990314213,3.284630586175712,0.11184090317331012,1.0490729615702548,0.7167635012314808,0.36211533183267136,-0.8522076116039116,1.0294759667529516,1.5053480146950695,-0.5874184925628635,0.8105416230784492,-1.728750417012951,0.6657897595478824,0.9148742882464127,1.3518061514349324,-0.5140450795355989,-0.6829685377559378,-0.25509219326867766,0.4202800532530373,-0.6131335551715591,0.255975442548809,-0.49029929946578527,-0.3288835309083336,36.02,0
27786.344820532428,0.8733384890059014,0.3725356367631549,-1.6801578007405298,0.2640231162014844,0.6950582651990859,2.74956751624278,0.11936385293914074,-0.45700934184776904,-0.3337954062450079,0.4697137762703896,0.14021903463186358,1.0655748140586891,-1.2692509087958377,0.03879790487514289,0.2556617605950724,-0.5870809227663785,0.7224017044996954,-1.2859323804222842,-0.7958502471028878,0.432684161588947,0.3506396018969246,-0.7624905194899535,-1.23126306650837,0.6623848577492546,0.724944855857125,-0.5208552517236595,0.6934994925772826,0.2529719537143555,15.65,0
27857.748667193933,1.2551354565426645,-0.0892086204704407,-1.2518216723274445,-1.0358289648689418,-0.44151623262374906,-1.0812646008301856,1.3751555914439317,-0.7584567019705135,0.5053747142980577,-1.1753054443991429,-3.049683320764944,0.007135261488735216,1.0923924090332386,-0.6464232362003698,0.5731385528477806,-1.248679825381889,-1.385735467089889,1.0259048241950781,-0.1549389001702822,-0.08607557816178843,-0.3595859339528436,-0.12834894836163216,0.43802180740376356,0.15501257027645418,-0.021458309134075877,-0.18665696374498536,-0.7135739825428853,0.17882526738393062,135.57,0
27928.1487658365,2.599021209043591,0.47598857627341185,-0.9235923764762802,2.6767292415320374,-1.4248925254871567,2.8183677022865496,0.28557362021686644,1.9756922369974375,-0.1568258939220636,-0.8605581054400494,-1.2963390823076533,0.02706395012107751,1.0469029136253265,0.34918115247157167,-0.1194586640848889,0.5183528800705368,0.3914358735164927,-0.5323882560074295,-1.1468096865262203,-0.5106970854363626,-0.20775899674226975,-0.25694023766993657,-0.07546802268571114,-0.004578982295848797,-0.18679993373895368,-0.35464672192745667,-0.3805028279670967,-0.1873019357127342,107.36,0
28098.906183282455,0.381566177144939,0.8670689866022679,-0.8025732093565442,0.06989391317559955,-0.17127890620060376,0.05131164550929927,0.6141881272168462,-0.9389439685024941,0.2806163758291217,0.7583439480479808,-0.7649509921890518,-1.2253718227552803,-0.9359360311516262,0.40472884551177296,0.26016419463242546,-1.3869367733644893,-1.491578274206117,-1.0174525449035134,-0.2851768815738312,-2.214561731312248,-0.30342168111886525,-0.0020996630467847222,-0.16699764649736099,-0.5412550647997717,-0.7500370986876066,-0.5155185764211163,-0.5806442187913339,0.27059201861747234,8.24,0
28153.7655242544,1.3848997709085507,1.0730830893297527,-1.6045537162577614,1.088668975633652,0.42670360504696236,-1.8336549162653413,-0.4217456050395277,0.8883066175276827,-0.2549825347698119,-0.25621002110278196,0.30260879220494996,-1.0106225974282188,1.6005434979441389,0.07885828714950252,-0.037706458773287294,0.13869799095490437,-0.40746921307440015,0.5805943636939843,-1.3706865179304668,-0.5579879599845017,0.5397521589716022,-0.6580383412302361,-0.16475838710136048,-0.13011789951730346,-0.07201080794652434,0.32040889115023363,-0.10892784028611344,-0.05456349702524915,86.48,0
28278.43767965081,-0.1788648206562695,0.9243145767734915,1.8607551247527634,-0.8611011043495599,-0.9074917843457396,1.8330921961848263,0.23997737167643507,-0.6724912799181137,0.733463527979913,1.7483286762689438,0.3002267116020486,-0.8440842754753645,-1.4548154011485257,0.17339939504067,0.08727464556179271,-0.39119246099905114,-0.3178540582804732,0.30399821947237254,0.6052071991389086,0.5562115423006755,0.6714715762605814,0.7283473377794905,0.00842218060611478,-0.3096677046552528,-0.9032972237164314,0.41738609437627217,-0.1734235203501544,-0.0765099113827862,184.55,0
28383.81575609213,2.816266827005025,0.15064200897011637,-0.39195557023964883,0.5142095781945673,-0.3266788339578963,0.17294907818011412,0.6617278140315245,-0.553291681643058,-1.708156059756737,0.5523928052326679,-0.17162776687689882,0.03604583871057143,-0.622770202760769,-0.16818237080105203,-0.18658590968173105,1.0818721017478488,-0.6711423565136412,-0.834933318522024,0.6216493419073875,0.7307844162776104,0.40721629598451964,0.6039353262329803,0.40002227984081135,0.3482823879421089,-0.1900087064592789,0.19233425066565318,-0.19124564141524336,-0.08583603339119779,106.43,0
28732.435854100473,-1.3274156133923363,-0.32568869629140784,0.5373790465375284,0.4405754744332012,-1.2999435249829645,1.14219304139899,-0.7128197396764876,1.243987221730946,-0.403810988062792,-0.5333412023190071,0.6553851998819923,0.06777934347797944,0.4809521462643727,0.9652589113362693,0.013486850885856624,-0.3430887306876747,-0.30487094225480954,-1.0469654360022225,0.6360383082791288,0.49945664847613375,-0.08060617925938737,-0.12732483859618682,-0.03208995141828825,-0.5147239037379422,1.0791391449418715,-0.40077625131289407,0.7397429671026972,-0.8319372001874827,63.72,0
29190.627418365457,3.522683130789054,-0.24921334518797336,-0.8654657974052666,-2.675450941282228,1.547178712663945,1.6403407987951695,-0.09575988741181715,-0.45650405143873163,0.32453376871324613,-0.009660126329397322,-1.0505420136232557,1.5484060257336638,-0.8515529481596168,0.7135975530342126,2.468456926222461,0.9833746268326762,0.8962015933046915,-0.15684465926072827,0.02086209921339234,0.12617849279364515,0.10124101516698127,-0.3482997819638438,-0.8341902811571639,0.34382438428600703,0.3487577449673829,0.1593642117887193,-0.47741509852968383,-0.18094256318431587,33.28,0
29286.990685383294,-0.08180198013129701,-0.32165428285509,-2.7659885693127904,2.853480679003214,-0.40792046491046174,0.45635473715739383,-0.0722777467962516,-0.48635732474439297,0.5862567415786929,0.07122797883792618,0.6297057200628773,0.3779697121901516,0.2657789126111846,-0.9523373227476671,0.2824840429200767,-0.45040500964253655,-0.6223085614883146,-1.0061042823308306,-0.719292422259048,1.0097979304282587,0.6563460346354856,-0.42157575116642515,0.35229629642020077,-0.5081139879712121,-0.10677637871074794,-0.9250566082374194,-0.04042847577313367,0.24355646311429296,194.22,0
29465.204380174477,-2.8043391689361594,1.88416019599999,0.4120494581956938,1.8274855768609335,2.008412384769812,-0.7868319858785192,1.0176082172061827,1.3676457003394007,1.6450327597074723,-0.7990798233759403,0.49058883263484265,-2.745066232923724,0.24303699485755484,-0.9789711253600434,0.5881225125743801,0.8885116187525488,0.4724127038749503,-0.8869663305805824,-0.6545168715333666,-0.24943632686981515,0.6794943071791484,-0.22624299534135534,0.30516737960590373,-0.1581260372258618,0.36665370669497377,0.6390130544468074,0.135176498462975,-0.008287882777595963,48.94,0
29528.008000304253,0.24762049766185804,0.9873212741332481,-2.9053093657223785,-0.5623047881713711,2.1135071169360287,1.3087038320430346,-1.3133828965055696,1.9278408327497336,-0.4343987103639036,-1.0015478457674696,0.390802020152435,0.2543526318529103,-0.18509285050473376,-0.24624007076045273,0.39825796340977754,1.826115995265478,-0.8411467145967577,0.09636323282876239,1.2436432478065367,0.8411051987306528,-1.97283686421774,-1.0171880075506217,0.12568166994349939,0.37501782431708514,-0.2693338544260807,-0.6280053928988626,-0.3902215302274147,-0.4406281474770825,172.19,0
29664.807160300057,-1.3365376556319402,-4.8795822365145005,-0.1027993568978025,-1.5606104856309482,-0.11278209661739354,0.00569440185369623,-0.06379362250010934,0.7790879188741716,1.630164357511699,0.7725167835933687,-0.18376046197091297,-1.4751492403388533,0.834333137161216,0.7141882977192697,-0.24371916498237584,-0.9401304605996024,-0.1663217055816082,-0.8071021553197052,1.1666788316733059,-0.2926693405690949,-0.20095565852052402,-0.6974739560443842,0.6583729594740443,-0.42606099181541124,-0.41488681483924894,-0.5421128615613875,0.1941334063004677,0.3296489244275066,136.04,0
29775.49518467202,1.6426229172351892,1.090822181418657,-2.078459826194312,0.4921868523655373,-1.3953480743558944,0.921318347615988,2.354789317146245,-0.7877707376399982,-0.7302015790604302,0.9306716294951111,1.8828591098457934,-0.9863433538550554,-0.22637739610102528,0.14369379376152341,1.1823313709340486,0.26250922826958145,0.28000163520517307,0.35610069979464193,0.09716493244925395,-0.675712454591204,-0.16580944955752835,0.6228675195965759,0.018405079846614297,0.3959528322064531,0.8912292107547648,0.05522570782749108,-0.158997736992454,-0.10284754039587898,150.84,0
29927.897505491343,-1.2808822144963548,0.3252166525453719,3.0224138512871805,0.12283303237525148,-2.8854230065226254,-2.8737281525354534,1.4335141157463167,-0.6139443659602493,1.4636805171941916,0.6652268185926811,0.5095359885603287,-0.8310293055881781,0.23350244148284688,-0.6229421946350753,-0.26968526364543366,2.4348629624435243,-0.8679943204433389,1.2446225748459872,-0.4226285351568354,-0.7718064412977029,0.48893040812876715,0.2177755475119944,0.6805051509785692,0.33674942182681655,-0.5930103722505861,0.0981824599967525,0.14940205857845382,-0.4188494725607686,408.27,0
29943.872153681583,-0.876714853691778,-0.02913544032358749,1.3869053367110982,0.5036659220959704,-2.036474728063481,0.6020657701058743,1.661532721812211,0.0980956890064702,0.899468677903574,1.6671765305506145,-0.9910866940652774,-0.6807344435846235,1.1483894357370532,0.2536313138509209,0.9634647310726806,0.0631600625628049,-1.1420385617782436,-0.12432629992707803,1.1120648302060014,-0.8171517040206541,-0.05040671531787134,1.1845712055254929,0.8617010794475953,-0.16334467382882076,-0.18203273719097168,-0.035669658783154236,-0.042743695292971014,0.7546644655528768,123.0,0
29957.570278171275,-3.7025062051363364,-0.6430775329036023,0.16228965995697445,0.27133082953401744,-1.9006644126792804,-0.8487710175635712,0.029786757716511993,0.38870582341515075,-1.0110327946627398,-0.5939526549265711,0.2580957732785346,-1.399545980019005,0.7926208062219893,-0.3203023654035157,-0.3091133082451628,0.058915218257118956,0.42610333248537463,0.10850164188191386,-0.5683141801597785,0.5123976011295538,0.5255182989231015,-0.2182981065195086,0.3564592461761814,0.7062545085436838,0.16220067767284646,-0.5371190333021055,-0.8166247519981762,-0.3611928497032472,3.08,0
30129.12400063048,-0.8887021824209842,1.868127435839809,1.9225075562725444,0.7168589141672415,1.9056775278907605,2.21429610733512,0.39507903328527044,-1.189410442551822,0.3360861879099226,1.8418953288350144,0.7757587644908804,0.19461082510651495,0.7879521105966493,0.853376444544513,-0.8823210397915336,0.7015018784321715,0.9749032146196948,1.6856680920563492,0.18373950031581765,-0.5689546498542354,-0.7918910623314396,-0.2635142899479758,-0.45830339518399194,0.048320374066499396,-0.4855718784845389,0.5473344139798123,0.5206156941610748,0.3004993657433862,20.48,0
30302.753975903102,-4.748629285540037,1.574966554290395,-1.2849628709354646,2.04930018471317,0.15948307306718862,0.8374270146841403,1.234188814947623,0.8735583106963667,-0.05935831420490631,-0.988723537066688,-0.6006896090864956,-1.4355495095581987,-1.1471521092743164,0.3229494032477698,0.33173051162004275,0.04060490114189699,-0.07030418990928587,-0.9923322216263825,1.098490581339568,-0.7928777675341784,0.1890816479761072,-0.2971704023768112,-0.0803064953116594,0.6701368759262979,0.3418754050652906,-0.8154600401713692,0.8251272413884817,-0.2640073351772793,3.19,0
30478.26017238334,-3.1041311825889752,-1.28117410727346,0.8276815093791734,0.8044488201175871,0.5381112641753348,0.32524920614393793,1.9215243588119146,0.10484570890461475,0.6876791940683332,-1.1115736236630638,1.1215556217398415,0.34930296757777307,0.5267399048738364,-0.3052524071153325,-1.0148639327334605,-1.5053179821175249,-0.39917246667545075,0.9949181958786485,-0.6838364787973257,0.5545676085359879,0.6581663018804429,-0.23278727355503404,0.7585853385129714,1.0896543289718317,-0.157250233110851,-0.7174882947583039,-0.0701348213644024,0.04588857951679504,18.75,0
30585.995599147634,1.4855515448922585,0.6776946628389824,0.30526627606101464,-1.4861146660524511,-3.071463847982257,0.654627133535159,-2.404177029501563,-2.0670261813129844,-0.24924200363742424,-1.9329671542789693,0.395400790728222,2.248098709674523,-0.8764842604528418,0.224563166966164,0.4876758032366203,1.0054933627755334,0.13379126133940647,0.8943562407887855,0.6727334913606818,0.2569904795768116,-1.0818650270743049,-0.4800542409100728,-0.9174835991619745,-0.14534878965977435,0.3488134084882339,-0.05221780485306273,-0.3574512604937989,-0.3094973757660257,5.65,0
30603.3085161028,1.535251043102314,-1.611178531953455,0.4028721218402715,1.9293138914339194,-1.657444499297665,-1.3297092293164543,-1.6205904508659272,-1.1183426279249982,-0.341928632241044,-0.4884549175081304,-2.4019829308258154,-1.3533053114635074,-1.27938115431697,1.27444225189293,-1.0968379791204916,-1.766807578646037,0.04667613834482107,0.713461188315679,0.42133327323981334,0.7465345155921875,1.8404479132337237,0.19541035305075172,-0.24026924457103654,0.3925651324900546,0.30817930959634315,-0.611610952151564,0.6002589979243854,-0.42491929945571016,62.01,0
30660.133648785864,0.8297756938027745,-2.288458485539884,1.9356516934869594,2.32300368854661,1.2261023459061593,2.174131014989205,1.6125895424889403,-0.6061311403156807,1.5083250044719378,-0.5521275801690119,0.3108361587591281,-0.2981807540651372,-0.06973045163300784,-0.551705116477039,-0.2951908957076856,-0.3642642986819643,0.20963105974280097,1.0788852244865297,-0.03483951341528039,0.39941249302364495,0.871168591769167,0.019906253421470316,-0.21026407656879617,-0.38586336216185735,-0.12409559428107446,0.5904893484570494,0.753387392385183,0.17817323200529417,2.55,0
30763.19078735809,-1.896317926254139,-1.0385248495988717,1.1150019897904722,4.4630349798399145,0.39590035850320293,2.6661067951485258,-0.34136303006924673,-0.08611444505097968,-0.11176973467570638,0.5796614546506161,-0.41374014217417754,-2.559147246492532,-0.9022794207911157,0.3903864898500677,-1.314455525279717,1.0719337200234234,-2.199748028742249,0.23416390977107934,-0.8117875748738962,-0.5769509392860533,-0.00048728623456064323,-0.37118993703186043,-0.5301343680314733,-0.6257585901205595,0.8946337391284663,-0.5700308418715848,-0.06696414428581164,0.13814570743191304,56.97,0
30851.089245692412,-0.09658996642043863,1.4336324401687546,0.4404243286316802,-1.5906616854476194,-0.20427814142595788,0.5298048190994229,-0.8276932475310986,2.279784876220293,0.9093529369076884,0.26963962988370727,0.5546965443828468,-0.3147672779837913,0.7925523183160479,-0.06803764962052095,2.583990161372087,-0.3109895252674311,-0.931095539546321,-0.48719703158056044,-0.5926969943391637,0.06270073901566842,-0.6085129860976778,0.9065864371516231,0.534428045791992,-0.11752533016734164,-0.34431361308647734,0.7521328328127543,-0.08683780125282493,0.3912823111925146,204.0,0
31315.623968896747,-0.010234138974045699,1.5842610804998822,-2.5140819213739825,0.3439723687069542,0.7804591332459256,2.1302235508560745,-1.5451089444551138,0.28891720743170246,-0.2515376801782246,-1.309743737771756,0.9726184096173124,0.6381657322961363,0.8164689137930441,0.41395769937423155,-1.518020393291654,-0.6091146397817407,-0.7364477432463639,0.9141680374975862,0.23309861492785494,0.10052268759093554,-0.1297763956760614,1.3748945749700756,0.23059389626488402,-0.8259224364408022,0.7059815602173231,0.49985392356666053,-0.03155371722515258,-0.012386324217696986,122.93,0
31350.591700036257,-2.2710166228842734,0.853726292434015,-1.4578456739609535,-2.9479375567977013,2.26155350597836,-0.7559691797942046,-0.6839439926781085,-1.0120478352978441,1.8367650943591833,-0.4301220503835948,0.20353093389085966,0.7168541534341644,-1.9005626622608855,-0.6340022351861859,0.006013269453815272,0.7817598861095199,0.1296111468440171,0.9461374201004875,-1.1619358945154366,-0.7050388547383257,0.059929051628061884,0.8452236669148773,-0.43571766511733184,-0.567972835945581,0.6152830884159356,0.5964979951990343,-0.6668379728753849,0.7595738673636446,256.59,0
31378.632681551942,2.940157943021586,1.205696750194189,-0.1849992338151653,0.7832755771918299,-0.3063924163321018,-1.0606398048049224,-1.727663237041713,0.26776727127217037,-0.7515157907644134,-0.40674868736342157,1.7129411667319845,0.06725221308612292,-0.8262904128700175,0.10714331093688477,1.0443023982100892,-0.7483101947863164,0.16005087343868418,0.9231406104047862,0.10383448107631658,-0.8481066762316509,0.321426114058991,0.40374773390692353,0.3706690347047631,0.36007967039547517,0.9260369221190979,0.9116866396335436,-0.11569911102726936,0.09125980648579,22.89,0
31417.89973364933,1.7145105243962535,0.8588609367284569,0.14346852134906737,-0.776110776161483,0.09523771144193979,0.0593796961449003,2.5753804085618075,-0.42280366693818017,-0.6806651546135747,-1.950579837436555,-0.18033775411436767,0.8871367198316584,-1.4577443045517602,1.0736530698394264,0.9463640621658693,-1.0764613316042848,0.5515672488436695,0.03695154417140824,0.43802215819009016,-0.5211096646820739,1.0981628918884094,0.5515071381454916,-0.09722990928651248,-0.31065066243626693,0.09338197567550123,0.038759653385071445,0.683493830715005,0.19343353290461304,67.44,0
31427.423543497032,-0.4357827044936594,-1.0630360203018774,-1.7165039975709064,2.723460746593027,0.2656565543584032,0.585973671877168,-0.027942364770118733,0.3933217524682321,1.6798719992029036,-1.0766866897980747,0.6446785795134424,2.560221920155453,-0.46063466133249614,-0.9076727243552007,0.7768620274989515,0.24701580972118492,0.22239392285043666,-0.5985249784801383,0.799789869187821,1.5750055108480303,-0.3503504449333483,1.345750274853579,-0.5454368007857213,0.4323562922116437,-0.4085815014721257,-0.4901569605416816,-0.06692161606076613,-0.4657045177291723,34.15,0
31435.725524538888,0.049455721082016804,0.7189831906993711,3.667550345612816,-1.0966883621650352,3.3075066282535017,-0.5218697217668036,-0.07168703166798887,0.7017709368387843,-0.49391457103038994,-0.8457110057842625,0.82962107090571,1.7182723690683943,0.45712633307194767,-1.287884487983896,-0.2935607248792902,-0.15746854291576362,-1.1324873194152032,0.15963671429789647,-1.1415903673895864,-0.31439310196163683,0.41085891056279217,0.5504547624844615,-0.43685692931408027,0.1828374534116387,1.0855540472816927,-0.05029641590260909,-0.4140551867817095,-0.2108608310757531,60.63,0
31690.832066594536,0.4047887810160951,1.3307293671336138,2.306620631556554,-2.391613382089612,-2.9040354901997913,0.7233998651820908,0.7240514284631098,1.459798363923915,1.7643715820594352,1.5773805198991815,-0.09680070327951266,-0.5385321487805486,-0.24030403466772035,-1.2511135141217113,1.2346353208136407,-1.0954259761283793,1.2565396839791219,0.786902351930126,1.0694054303048746,0.9550231995519294,-0.9485344954587975,-0.4258046390601231,0.2668753543242075,1.1246688054040033,-0.17190642165591866,-0.2744197129328635,0.198155385425008,0.17730947801232272,72.51,0
31883.75597662715,-4.0004704570261485,1.2541659301670447,0.9168192591568453,-0.6671773061456497,0.9441754896311352,0.4141673864626505,1.1850534224421523,-0.027548410591337225,0.9815580424319394,0.21199798656371519,0.8027528907649029,-1.4762475671856967,-0.5877585373773796,-1.1340718413509303,0.8336995286949257,0.5674984808898893,1.104310586626702,0.8555058642492623,1.378188664874513,-0.35752675504560183,-0.30455385708193633,0.2834107209412143,0.5749325761661688,0.31935610616441246,-0.4215950993116601,-0.3433139001337002,-0.26552197750412754,-0.029452196650586803,3.28,0
31941.371079166867,-0.4871026780919553,1.9757066798039944,0.1110361553704401,-2.796988526270679,-0.15946587085569205,-1.3295300376161425,1.164782638780793,1.9779568306886175,-0.17350090978911462,0.7294053948466229,-0.6074295729795375,-0.42101817349406384,1.3020867244182053,0.5770693304847788,0.19149244091223125,0.41499808466104854,-1.0955027730295643,-0.35917106401946924,0.33140696870177344,0.6896416810786496,0.27456850658484694,0.45317380745249575,-0.2983422143601494,0.6773848071825292,-0.09634155270558054,0.07241529734108056,-0.02619182606287386,0.0636427822436316,23.65,0
32228.90644901161,-1.3383634725923303,1.1778194969504265,-0.3210492989588123,1.063550827040145,0.7831273819375538,0.6980399701493225,1.3221176311637262,1.0966086611586159,-2.004221514825884,-1.645723742205994,-0.43072177736081463,-0.9671684514910078,-2.3027743362968773,-1.3619646887533698,0.21739825962037507,-0.3138302240964909,0.28771021855795986,0.26323367001105075,-0.8481256650177267,0.7001734129446251,0.5050586602265867,-0.7229487227897549,0.3332633005747714,0.24503337098063793,-0.5092748894842888,-0.15117624267784333,-0.5052119955322318,-0.280160380217434,108.63,0
32237.289219873226,-1.9641433629918286,0.5853831705091865,-1.4454904553278674,-2.9238453096870143,-0.9098218522789756,1.158770903154146,-0.777345524613266,-0.8512787413737766,-0.02412948245864951,1.314223437808567,-1.3444444700188998,0.4449140596103394,1.2387851226703301,-0.28840940784687064,-0.28137252797091017,-0.2533278602698438,-0.5192537296512006,-1.0935621441739802,-0.26989304666899633,0.7388194260893484,-0.5534264095734927,-0.20794832259698864,0.968606999371472,0.19010967446034766,0.276978540852041,-0.3641081793401189,-0.4126965382706034,0.041136488341007985,132.01,0
32237.813615035906,-0.5535166331652884,1.7785412534931095,0.1193111232031911,0.04037160724573657,-0.06841527377125282,0.23384959836646363,-0.36720182242492216,2.6663291384456715,0.10936672413549653,1.4317129353149616,0.25101495912866695,-1.2036826244464038,-0.5422897673890663,0.5993221108481385,-0.8362269440806938,0.4202196425892989,0.11917456197444382,0.8225901826456635,-0.04142109867765993,0.3031638433435089,-0.32447863964790075,0.797201479805394,-0.7712471420751794,0.7080449171855902,-0.31320041192224796,-0.11912720755828866,0.2941563440793331,0.039972049369282926,75.04,0
32319.66340075158,3.5163126640855764,-0.042105420188370046,0.39334475824898596,-2.941867814501123,0.9831579174433636,1.5451731431981475,0.9469411668255091,0.39601820022184514,1.2855043387686764,-2.1949981716897535,0.3371000295340502,-0.08441098977781633,-0.07613280884857078,0.40395371867719854,1.1302669534094927,1.0568447571315434,0.914241463901449,-0.6545913866395592,0.21763358992573173,1.066489638725332,1.0687756578901488,-1.32428408337481,0.2176426744850105,0.4070363494254461,-0.14728525901655845,0.2648613368790524,0.04644180223766623,-0.4047640817413523,28.12,0
32505.831430988164,1.2514550087316245,-1.4621261933963656,-1.8860828876599975,-0.4534266026731321,4.304348900525988,-1.6223483116876098,-0.6499138851864943,-1.005238346438733,1.7504344441300637,-0.7737176211882939,1.21395349237647,0.83538332601716,-0.5253656224599014,-0.3733505517445804,1.1990199633559757,-0.24577751515130364,1.8504618498897796,0.655767665195258,0.015249564299562611,0.29585612936002537,0.8499348359498254,-0.9084853808939731,0.5085667234495683,0.12860740288458322,0.5072637414082899,0.46180944848051164,-0.30888991198785054,0.21937691107617246,46.24,0
32949.312628916276,-1.1214299795128213,-0.26879270403752553,0.5095175989257735,2.3269166229257925,1.1167877966957709,0.6300899764306149,-0.006597001003308437,1.9947804647482277,-0.7588585127301839,0.5464970896036984,0.8154493285867923,-0.11255855769439328,1.5447866801155117,0.1852288506295332,-0.8128293956987823,0.58318132025172,0.6516387218942921,-0.9603397660392672,0.22634987595715336,1.3258042719839624,0.1512726065951663,-0.12920663629339696,-0.05847986287874752,0.12593138830990455,0.32784244596804585,-0.7753272006507236,0.0479032285162282,-0.5826713945555749,8.99,0
33226.00413798784,1.1178160658556935,-1.234731181825483,-0.23447904946830667,0.5107155424844465,-1.173543742008852,-1.5593693576763503,0.490866881234073,2.5070724080289755,0.881493781970547,0.7098615099499301,-0.2892639469898348,-0.966492929750606,-1.2289470866582595,0.10405227971141102,-0.14384503109309624,0.5040522057899401,0.2548705407638455,0.8614071398170521,-0.0765655901511488,-1.2456026224840653,-1.6404292760603147,0.2554088129966496,0.7582344900476012,0.3277878846582037,0.01074802759958113,-0.14706599295368683,-0.24159795704671413,0.06246328825090345,272.6,0
33736.42634759971,2.7364637994643157,-1.1189777932391158,-2.898548793645092,-1.2225304642044346,-0.5867433237820264,-1.4842601833572016,0.9668380112385591,-0.03808541735009105,0.8420022004002004,-0.7442352198676603,-1.206543145791405,1.1754956653260658,0.01370826844965676,-0.21704243731554876,-0.13435337822734295,0.7817982511106845,-0.2970190725312227,0.26863219036061825,0.2132708881445038,0.2726620338473682,1.83860798167274,-0.9862694114788585,1.3465640734974194,-0.40638169954439746,0.09172247557306175,-0.06882698260561584,-0.31195860664075703,0.6038765810769238,180.77,0
33831.14176251211,1.8070580120120543,-0.23799962840508593,-1.3063493750963566,-0.04410172516575767,-0.6277543706105128,-0.8385402924252059,-2.1899501649717372,-0.605554280523222,1.1819674573175967,-0.33424346461516125,0.44757666595251666,-1.9083325787706398,0.5293858545165897,-0.20405254596251068,-0.032889366685782885,0.03903832374476535,0.1567965046783968,-0.6529614943341426,-0.3777419451085327,0.2225501549492124,-0.01608423284288745,-0.09320540286161047,0.21010015179163424,-0.4321321680674913,0.009012067507502402,-0.5721119836842179,0.46401900279025177,0.23238732646920476,6.04,0
33864.27076312894,0.11356265596381387,-1.3136173122995323,-0.6271946003211988,0.025588743112071682,-2.4840107802933775,-1.2543577233428325,0.8800748470581806,-0.20611009272577868,0.5476197593650963,-0.6550760840471184,1.1436110908714814,-0.3418911993406303,-1.6089531590472677,2.1662382258662585,0.0559185591873429,-0.8024351691635807,1.180695041656835,0.5773256205600313,-0.2781009286602869,-0.7184311909248214,-0.2305192504281791,0.8359300711925199,-0.14327292246639922,0.8662605748412915,-0.22220154296446337,-0.058367841408784045,0.3121707628677718,0.23024705227656903,16.22,0
34336.480043652715,-1.2697478646638678,-0.5093404064746218,2.8710284333469125,0.6692700416921701,-0.45720165579688965,-0.7276994961867596,-0.28819454614865603,0.8635428700595912,-2.146830091064982,0.12292788540853834,0.7785326199899945,-0.0529421067652978,-0.9178816573863536,0.7844113240134211,0.8643587368156692,-0.4046807009991414,-0.04043307811813961,-0.4934057963179694,-0.4718160153606431,0.4510841756753648,-0.38424953216755586,0.048600688886759856,0.5981906143374546,1.132716733300988,0.0013040390237168034,0.07103387818545452,-0.00819295407516055,-0.30786963526638716,77.48,0
34502.03216670729,1.3637939190193733,-3.141773287673216,0.8475550652999018,-1.9352380718005844,1.012778965998832,-0.28152242692160234,0.8710979909367157,1.5425460354475555,-0.1743538026038111,1.3174814829687056,1.1166326567225868,0.005192747314805887,-0.14619897672833712,2.403846021661861,-0.687435052040831,0.30744431104082554,-0.771993143189425,0.6259440578809325,1.5589189465356497,-1.1454468883590967,0.2743121752164431,0.6801648030139025,0.5155571750209094,-0.5626769939559628,0.25856782401847145,0.25029034180556947,0.057784125394923114,0.6050643964105058,23.55,0
34839.58788568987,0.7671808674239723,0.35602503387069,-2.028549280004012,0.8390871764993413,-1.762917312703143,1.1235229667302915,0.9566719692484197,0.6896162737886419,-1.2784140349588613,-0.8459621992983744,-0.2144079267016458,0.17139881720303962,-0.8846501131007287,-0.4812949252989559,-0.778238873635774,1.6122385268097175,-1.4098031152896906,-0.22921427910086598,1.1896665067017176,-0.500638932271182,0.28179784286079307,-0.43083158927089293,-1.5429602468400367,-0.40493771042399773,-0.06316489700559726,0.03679234214654428,-0.003063777847503884,0.4707363761534462,242.57,0
35419.646373490534,1.7494197504853648,0.003925307567522484,0.7403615891036212,-3.829034012015691,1.4493169435529103,-0.42453720319980026,1.9802285763474772,0.12439121026647525,-0.22643220259903074,1.101647176421465,-0.4759505328840149,0.6055709607006925,-0.8135802532085161,-0.08209339817684637,1.1297803381437974,-0.42370996171552977,0.4445093792392637,-1.4379664155469531,0.44962298991152927,-1.5380909967084642,0.6951142787911602,-0.5888629169607338,-0.0018770553753134308,0.6945644015351532,0.2215067369113325,-0.42633850557814007,0.1943004415150674,-0.28943741341115675,125.45,0
35446.48875816698,1.2403522615780758,-1.3545712397330778,-2.3505430490295747,-0.891766448167253,0.673877392242951,-2.114468679197414,1.6667979219832463,1.8080040410229488,1.0788682822814684,-0.8576464697808126,-0.7534620759943673,-0.04662802996605887,-0.3478734480099236,-1.2905206567641176,-0.42676361862062856,0.7159048185385622,0.21344411410054462,-0.8209233146219195,1.076786019927735,1.2063126809471847,-0.6800711180190954,0.6147073416553864,-0.24188976964790637,0.3249295592197846,-0.43365411360214395,0.9720725384731792,-0.31822982398513855,-0.163161042281647,28.43,0
35652.8158707737,2.0516233195490563,1.096375226546475,1.6473435628015636,-0.6912616877441458,-1.016117638154622,1.5283599108505943,1.6583210962215647,-0.3754753774901754,0.3340018733734456,-0.9301435388832717,-0.0542425640252368,-0.38255040346634767,0.6515226851056378,-0.7841903411634913,-1.1599297510260849,-0.28580108367810875,-0.5631469460790984,-0.3597880659587915,0.6476782019777322,-0.1746204610849377,-0.23046635905292384,0.2667175169580948,0.24277670177108585,0.41166777327089465,-0.31227498982391383,0.4002796817099487,0.34389326070232484,0.42894561291086947,0.54,0
35667.94439005815,-1.0510595883433558,1.558437494205838,-0.7146300933986275,0.896798095812372,-0.19642892558682779,-1.114067594750736,1.7779215301099873,1.2447946636381735,1.2643931453433073,0.9013467579415588,-0.07754389156537832,-0.4224702432108774,-0.34072890396760674,1.8430815954534894,-0.4473602960925013,0.1019604516333686,0.8905087758582729,1.142743234467536,0.1449880466687645,1.6755195970134982,1.486447545102293,-0.8614447782114423,-0.11881530870011207,0.5453020992082269,-0.3802852502570233,0.26666980043978944,0.14113820930849835,0.6143376833517039,143.06,0
35921.081799192354,2.576000597766498,-2.666877454260212,-0.14080541004798053,0.03212161821646103,2.209725495195212,-0.07379385704197347,0.3585966038710303,-0.3456038468263613,0.37440236383285247,1.0149387338591536,0.2153545189703562,-0.6284022617324578,1.0803470113096307,-0.5055874696636908,-0.30530796025379026,1.3442540018354383,-0.3682755936174635,0.7525792926404974,-1.22891443394381,0.6233874031854443,0.16309471781896817,-0.5822776785144299,-0.05237105677978754,-0.14500351956989882,-0.29206264343372323,0.4852118764110075,-0.10451654817184618,-0.43360936361838404,49.13,0
36173.88827799685,0.3836775270340171,-1.264318718858819,2.0168912548348223,-1.9900395392594448,1.0137729470792824,0.6014707567866039,0.039336752755042156,0.5214533209531675,-1.4358284143728044,0.937416947492563,-0.12960678796067898,0.7844162299282499,-0.9957375410402913,1.8599103597476179,1.4213858268984003,0.6800976410540646,-0.11862751006181846,1.356328783946118,-0.21618174583655514,0.3496565028519962,-0.12789993073426204,1.1340038147963794,-0.5289107105261489,0.20138465254962656,0.6738139987601113,0.11773503019835924,-0.19404293128753958,-0.34425845106159453,91.56,0
36270.007242172454,4.059745109336077,-1.2749728935343878,-1.9551005151864143,-1.3945600538806797,0.01144916289004958,0.27145955142667355,1.0747779735209417,-0.13519545401721061,-2.78518055006581,-1.4447503906574704,-0.13405288111187535,-0.6637592793130508,-1.2498898473666147,-1.204513801150766,0.8441742190972028,-1.0933269305304476,-0.016049631955767394,1.381201451113892,-0.2755362681019682,-0.44821751445592206,-0.6914698227755415,-0.6720411774208395,0.4496902231128865,0.15417735877095787,0.3812099054746645,0.621268922639283,0.33537820269984653,-0.04984359450269432,30.12,0
36536.52402494694,-1.3524665544119532,-1.5584625206279334,-2.1222438299726765,0.28138732730644683,-0.3294061415252145,1.4670312236070167,0.9014274554237123,-0.06560959441003608,0.1614400113120466,-0.5106097727668641,-0.7943190997532199,0.8442265037337241,1.9282256172049295,-1.020517919094243,1.0481646116511902,-0.5019257664990706,-0.3066974385664245,-0.44694914932159296,-0.9255230924448999,-0.8031536697645972,0.3692554062002643,0.676710942641513,1.013495203312566,-0.5199531959177923,-0.558933225876403,0.02698644050902474,-0.059670023871996054,-0.7439390852134542,13.73,0
36690.499612320695,3.3954724957857123,1.3789823510893648,-0.8856041781949943,-0.11187153134563207,0.10524936861821298,0.6448616916730853,-0.3809966260593823,-0.4533083455215778,-0.23892736712012563,0.9061765590965074,0.9699531531457541,0.008313564651639904,-0.6559541584515538,-0.3303994404736219,0.7481281734311251,1.1150807379390812,0.2035123150186336,-0.15768453481159483,-1.2131061030042884,0.40741345211461794,0.7540220498082933,-0.3481691651582246,-0.5193921201487371,0.19235384046804643,0.23075228109762239,0.00034031415609893617,-0.2781485991718678,0.005905674777732397,100.16,0
36798.503395447704,0.3842867499056531,-0.3198577581234543,1.579984058429483,-0.8198953981988794,-0.7084496428479456,-1.146436343804425,0.49833079601082453,1.623329940148037,-1.0811064620345794,0.04722001666242578,0.08171361514546009,-0.5372535742567176,-1.3088767690505827,-0.06153563032413481,0.863792834716182,0.12973379981947558,0.9996258540098751,-0.3438031038993713,0.3986569201047679,-0.05116985994931835,0.6393941502201528,-0.0035151201598245642,-0.8558837417726282,0.7523387734283025,-0.20104513609519087,0.30655294774306924,-0.15292601692740576,0.405351815569233,53.29,0
37139.977897454046,-1.278521166629414,-0.43721209023477375,-2.308043893669009,-0.6807274136549403,-2.9114941565323478,2.916284397913971,-0.0435367216590416,-0.8820097724067885,-1.879866678017425,-1.1786320695847414,-0.17596078402791182,0.6136167138034142,-1.7399980571247595,0.8946542607248795,-0.6332666098153906,-1.0115708475668495,-0.9948938262694854,-0.5611965944376961,0.2616488479543723,-1.0291109610484985,-0.19112090338016702,0.21253702343996758,0.012050216769827928,-0.2016933917859805,-0.3532035930833864,0.7614767763669824,0.30672364448361317,-0.493165501567762,23.87,0
37292.146983234525,-0.9505282596922011,-3.324801755262985,-4.303661196727994,0.9857740917771074,2.823563146249221,0.2644070187769504,-1.0521314559395751,-0.8908194387694413,-0.8137765121029343,0.5053351165462878,-0.7642715635133406,-0.7454806042632812,1.077024429765803,0.43700570933980043,-0.18489786066929262,-0.7198709651309612,0.42318370307819386,-1.5385868364414896,-0.9534775788464244,-1.1661015657929064,0.26323651096928735,-1.5256216473982924,-0.017752859634982167,0.09371114406400027,-0.7721079347471944,0.7303910665358225,-0.6413428709592858,0.04290313066618722,13.18,0
38355.0138047182,-0.6303540708550095,1.0568176102785047,-0.6842798543813728,-0.7329152851168399,0.21411077772813972,-0.19223224089394098,1.5892069522828924,2.5591812496390154,-0.2174760936118251,-0.7841494992137511,-1.3643884290092274,0.6335880384724684,-0.3393157094281522,-0.40315165885471116,-0.9097489506906148,0.6263366804575736,0.148122679187744,-0.012545005815398518,-0.6101584625904638,-0.7355437315542795,1.2234658216643064,-1.0625159504757737,0.7169830305258574,0.12657126639525032,0.5094224308072581,0.28606683898549895,-0.14130868525334023,-0.1997975199653104,77.35,0
38378.45278685842,0.8272469813456794,-2.0554392552425913,0.840239793647998,-0.12464835693106276,0.5499255797915177,1.292949493836722,0.06768424055970038,1.1808019320381813,0.7321526657071676,1.9740771193074091,1.346096852964573,0.2039458562251648,-0.2517251245937202,-0.12894106953180864,-0.19578544606976825,0.883576919417756,0.13212925381962534,-1.0741705328490592,0.9431403729726103,1.408681038244407,0.783233316922241,0.06142991560555821,-0.7530711323223205,-0.1716683244993285,-0.7085562974861666,0.24921593747547227,0.4267889738119733,0.560858514532556,115.13,0
38635.57212945326,1.020421282565162,0.10142159471302586,1.8260641699645495,3.0724638515053124,-0.08078274512185234,0.33807030390910764,2.523171799620836,-2.874179886961492,0.20539371799600317,1.6996282492796402,0.572622405582049,-0.6130617483294342,-0.15722162693622513,-0.30891960039189503,0.62367107434064,0.02006792930460059,0.7564657900546845,-0.028771711644644364,-0.7175218274925361,1.7113076147844617,-0.5760912336121754,-0.5267473048312313,-0.3296937028936394,0.4119549414131083,-0.02447432143071502,0.33594924191076875,-0.06673362136859154,-0.19569628631154773,29.73,0
38751.94252030904,-1.1263655973321087,0.4624132466242883,-0.7025250023664367,-2.015694820955114,-1.01733945873859,0.5382442511565807,-2.002493054213455,-0.6798403760230871,1.772090009283165,0.6655741143773617,-1.6642033211468181,0.5229614262967812,1.0148668373864733,-0.886013683253821,0.12030347099371635,2.193051070185518,0.04130075868288804,1.767263807041635,0.13645858531433117,0.16212334165421466,-1.8671194721084088,0.7218795805775831,-1.3156482439868908,-0.411657385031712,-0.4908264874963789,0.47592596293186185,0.1089687500589906,0.5194475076617068,118.3,0
38809.91656544536,-0.05086231362343444,2.2608306865399665,-0.6238823886388021,-2.621921124473313,-0.25782546005684226,3.335432965727239,-0.6861144088240007,-2.183119633089075,-1.1458503155425805,1.497559371882573,0.7867027790491928,0.5410929183018818,-0.17754877584764125,-0.8601517968569506,1.1983538638146913,0.7330280556300224,0.41597518616875256,-0.4257255350356591,-0.15722497683607414,0.11888945671349047,0.2159875540514118,-1.1665653905995954,0.8419621292621902,0.8099595538962118,0.4071804892649551,0.6272778568283828,0.4332373963547695,-0.20516742502724264,18.01,0
39136.657988002094,4.190935651181383,-2.17092309152538,1.7555902412716688,1.1095532927758849,-2.2126060108206316,-0.36300896450023434,0.039895654983186264,-1.1445854159961362,0.9696578032468736,0.07277558818117516,0.9503034358708583,1.1580311273294686,2.3459139870004573,0.9961962852142394,-1.0485249667660612,-0.21101614745935895,0.6208487623563494,0.16248684929445278,0.40976981089545383,-0.2554402110472524,0.583689196073134,0.40892181135064526,0.15325451678772717,0.3811851528076298,-0.17172410321358111,-0.11486460549733117,0.35577514524078835,0.26341498091693766,36.79,0
39385.37260594719,3.378986659517125,-5.0109396903403916,-2.840684431805813,-0.9608029861361197,3.148433604568346,-0.41999565867845967,1.4006524195934484,-3.7826135519852366,0.04939878434755654,0.8429171089279089,0.13085171988404815,0.9647764366174618,0.13572662925840195,-1.7711547736172233,0.45524731782633815,-0.7170003711094561,-0.44008216456604515,0.7571778970803275,-0.699938093694065,-0.7168617893673916,-0.7996318582800431,-0.9997568860930892,-0.2840495655778148,-0.5674634954721788,-0.06749315428243861,0.6366212958989966,-0.1750321604676037,0.08564452834965286,121.64,0
39507.64764855433,0.8510492576979132,0.30714310628246844,-0.5890629622419419,-0.45050948358484755,-1.7079857585279883,0.16048926200343547,0.4917360080290472,-0.16344321066920686,0.7639309341986582,1.625849497849606,1.6440040200012347,0.48523319845351326,1.0637063807235663,1.5673642979991296,-1.1464345802954483,-0.8577521550897107,0.25856460264332254,0.2339269320280223,0.07071734123795112,1.0648021954406837,-0.007919661308691392,-0.2566879498509649,-0.8100795709264762,1.0317176806429407,-0.04990569643440805,0.16529291687056202,-0.051665311670258986,-0.04795571840647595,96.1,0
39534.492611628426,0.07122173056201807,2.9910549595260285,0.29099767967472334,-1.1059502567438113,-1.4278720350591836,1.4367418121537412,0.3821151898288137,-1.3751916517014964,-0.4846083102858479,0.2714068378711087,0.22566512317528012,-1.1495528693760242,0.8071737571520726,-0.33210769299186466,0.08329040723249805,0.30087251076674393,-0.21960868951650622,0.24411272644008847,0.13476745514135438,1.4492634972286054,-0.19471016750465686,-0.7734923476491873,-0.753855796772569,0.10313843516572188,0.1603949455511033,0.314143547698071,0.36072879818806314,-0.27127059857645447,28.09,0
39612.807085038585,0.23181508147713295,2.058769275558933,0.6843947677519799,-0.3677687482092846,-0.6095615930031001,-2.0087644189615492,-1.3888044181851984,0.07396808003318467,1.180055407495904,-0.27894081999735715,-1.451569919156947,2.461795805612139,-0.034473114098536546,-0.7482830287931873,0.675176903045942,-0.4279166643669389,-0.11692137442305557,-0.3029714530736897,0.1848240627322601,-0.6851834725320852,0.07493912026086814,1.3791369575617,0.25353276567503935,-0.43768458634557156,0.009402802663441217,0.667503551039494,0.37455508037116675,0.11000430747804535,11.6,0
39927.87625204603,1.1979585987801258,0.3499915390322915,-0.7734311226041016,2.263428188847304,1.780665884510292,-2.6222368901229687,-1.4253595521266538,-1.9577983753465287,0.3230460098906865,-1.8721414962331868,0.37808501103812353,-1.4282927624591157,-0.5849704162552962,0.7170197131901414,-0.199462803100283,1.4842707596938705,-0.28157780833082185,-0.19393293557187374,0.06175020669911098,-0.0599054237032671,-0.40061698615140456,-0.9731073506819122,-0.6784882859608479,0.6715195092164719,-0.019942981382841507,0.360611258304201,-0.0347962066139671,-0.1514423026385562,3.86,0
40124.49601980886,-2.0055947927650712,-0.8142691405719438,0.053886259176550766,1.135802129573735,0.01936711628366454,-0.77998177038489,0.3969353865462669,0.10170890804595496,-0.7527413407503047,-0.08982159411135848,0.25459644188228053,0.9477265505429642,0.3339204921622725,1.4393260044404261,0.5018614876787645,1.3008511281331872,0.4080206959922809,-0.8022058548297409,0.2780240026727051,-0.34302899303219664,0.9441710223679609,-0.08977377442302722,0.06350072363236803,0.30135044131322497,-0.2676958939757158,0.4422703975384523,-0.021050045211961323,-0.23677228166848807,162.03,0
40990.891797645956,-0.5070704876991406,1.34187411846458,-3.7810038099790377,1.220889933072152,-1.7102314145030315,-2.1790168787743354,-1.6805327596372643,-0.4985608730480465,-0.01607845879944074,0.9066542578279309,-0.6162840943460697,0.4246530073047512,0.5120467642420292,1.0831575947196774,-0.8821010284622333,0.5640623308247533,0.06942516028670262,0.7065505859658742,1.7825029892575195,-0.32017469388686265,0.10694846395012929,-1.254152876131806,1.251081678846523,-1.0743835268820896,-0.8185111614935874,-0.1887418612452052,0.10692381039956059,0.5036057853937342,6.96,0
40994.74432674708,-3.2699193386907672,-1.614315340443529,-0.9990791378799427,-2.0051385607580725,1.7340082758983142,-0.5630929297278977,-0.6554427887690675,1.8127562437243645,-0.26721569405254414,1.0409862357759052,0.5920485851400631,-1.196562111192368,-0.57058616723062,0.4865009448288667,-1.5269335580049688,-1.0382360366311325,0.34147601748904677,-1.45504552373108,2.083476359797447,0.9187996113633974,-0.6455976683518811,1.1593907288283072,-0.21309548692519076,-0.31794093343800695,-0.5806398012616847,0.7237508283424682,0.5448384606503804,0.18684474947614368,10.86,0
41061.86650153472,0.7784141553531434,0.792752632315819,0.6909160342873396,-1.6298246992453587,1.0102502758733596,0.6762643099071437,0.6166936546423207,1.7035175330864079,0.5371214160905138,0.5559495449439548,-1.7091208435319045,-0.13639577314857612,0.1683033610379903,1.0533442067296266,0.5072687139845528,-0.5901232688245535,-0.016791473898864782,0.8110102360178604,-0.5232839092712058,-1.0080451074698993,0.6708113772648365,0.28994803463136265,-0.5890766318752673,0.17050748721629647,0.3772682841596967,0.3357773033098984,0.42558721745856404,0.21974979210163526,24.17,0
41156.07910262597,1.26389300598079,0.8410837650104317,-1.4916647254588513,-4.0197356211979525,0.7439386097471766,-1.1857812895227902,-1.2102764124679803,0.94868746699929,-1.3049802781410542,-0.5934314849867948,1.0202101590260582,-0.0903997678278888,1.2381182393490948,-1.6629553761376712,1.594555310705621,1.1145998716833057,-1.3962667491985712,-1.1728572045903207,-1.8908206764350666,0.3638281720683357,-0.9278398739670302,0.0981728775704843,0.23377402650711063,-1.3096419465386322,-0.15684608227005734,0.06043338709684944,0.27651869946974633,-0.13468767757302852,52.53,0
41394.3782121275,-0.9491590362437297,1.7620387454235216,0.09119468318795772,-1.145912878042725,0.9891373921601885,-1.9022371867381591,1.9770764284949869,-0.3920877400769668,-0.035203800256015993,-2.171339920295525,-0.8984596042836942,1.3075503976730047,2.0718210736914524,-0.5053900489409531,-0.9153637529662818,-0.4936061078078296,0.02571235083145187,0.8039252598498419,0.48236606207630883,0.5657550661275498,0.9397622132814125,1.0685077614681595,-0.7509866993587379,0.05274246293051608,-0.3436221653326451,0.5317339684775739,-0.42944679945819464,-0.06428886050333293,138.87,0
41495.24175992154,3.078355369533193,4.583392483267345,0.6808282502103122,1.354662474089337,3.310621433338936,0.09735225186937994,1.5072660990915656,2.3956619884653163,0.4335116133806324,-0.5427765291433584,-1.008141225448432,-0.7311984870286363,0.8563008668739347,-0.882638197349246,1.1165663731480897,0.9965221810948587,0.05368221196152584,-0.29579972760621687,0.1490452250695341,-0.10565902787833004,0.7247413762485914,0.10575462322116558,1.0532717160182234,0.09699482392868497,-0.7303865352752357,1.2504034959024044,-0.10920838874913691,-0.08572084193120047,25.32,0
41790.141049270846,-2.4029736159102644,0.6533960763585679,-0.5191810276652716,0.7320167296733956,3.0212123967385414,1.1574547961944204,-1.9358899990800802,-1.8708787471846602,0.03364233606273236,-0.3329743514604148,-0.11372026013560321,-0.2753935325938151,1.8646429428718312,1.1868406854462323,0.03680007560427577,0.4239433373633386,0.20936448275149921,-1.0293128024262714,0.8615452511877203,0.6929039170295145,1.016909093059368,0.15810377650688626,0.8595014117924911,-0.7172124250011537,-0.8940776180714152,-0.5655401686073276,-0.08827441098492937,0.1148466585038277,69.83,0
41825.21447501518,-2.870120498681372,-0.8430354085079825,0.2606560665023174,-0.3135588563975753,-0.9504019154187368,-2.260609481778772,-1.1487471991329261,-1.6906432215094358,1.4838733567607059,-0.3424098830860469,0.44770246862833823,-2.3699165814653713,-0.6273716108257542,-0.3713342172566981,-1.2264835573734079,0.050010580503518934,-0.5177798424325603,0.48371397461497345,0.2293803645914502,0.11789361970893733,-0.11743741539033886,0.09436522546701089,-0.10075502442595637,0.16537726409889797,-0.36406124746440166,-0.3890133844837622,0.5653890338628247,0.21912136624085912,8.43,0
41886.462483466545,0.43624853896115556,-0.040533339566756144,-1.4619291048094807,-0.03149579281116009,2.245078496845936,1.1009069738251458,-2.8157933841742944,-0.09928805595385402,0.8515171688551941,0.6814671909456592,0.17145743769005647,1.7409513441044624,0.7038211009200873,0.8193859863716483,-1.039446853955979,-0.6171933399338125,-1.0409641763517985,0.7756559606539507,0.04507783111603956,0.9428838537440982,-0.36501724498042926,0.40774585622791787,-0.5497846270993842,0.005639278251967854,0.46569111695994636,1.297520959149623,-0.09487877153093908,-0.010972131560589037,55.61,0
41896.96326405221,2.0468180934198568,-2.9350194116029518,-0.31254018378415943,-0.9753051820273629,0.5292100362263144,1.0969961801050154,-0.9642571212373138,2.7196033184776396,-0.011063886698561438,2.184188537659029,-0.7593738919869918,-1.0918683749169564,1.3404278700086873,0.5194497783247725,0.011482797807710478,-0.07905462037888075,0.5415043504301728,-0.36619042610617936,0.9168198426567,-1.1702261297338437,0.060089822713158526,-0.3585119510664952,-0.26098133065786777,-0.7219479919504217,-0.2878591928574094,0.20575176798619796,0.4996382296466357,-0.2719952056236422,17.41,0
42018.20922717767,3.293596685370162,-1.1514087179827477,0.9291288956242548,0.28999432423531313,0.6895339371589151,1.2797981246143897,0.9436854540186099,-0.2422399380003245,0.2363626270340492,0.1373395036731989,-0.516476556381817,0.3192535751076379,-0.8943179483906272,-0.8352925719389356,-0.37346788511461243,0.17197386774976203,-0.23944866430074208,0.6017641901525654,1.0307446609242261,-0.26504785249733115,-0.06335183764265152,-0.15669144624533737,-0.1812937761316495,0.5592372389628468,0.21145220473034468,0.09175838487997912,-0.22707750297387058,0.2597839948618528,21.12,0
42159.45845875861,-0.9015804186141455,-0.6775490043976969,0.2401485264058531,1.0844759729026532,-2.3410504051593253,1.633156290837351,-0.5101184811997292,-0.2192172348111727,0.32353253333521736,-0.23667114236774095,-1.160198531409471,-0.11327751650124548,-0.4835943972307731,-0.5684951055240617,-1.2056181730877082,0.9172917683667582,0.14732745958313817,-1.9091562537024052,-1.1319819130730848,-0.051400610148913374,-0.4797856422237604,0.5867444181401126,0.23472946568940461,0.5096452483851153,-0.31184019872611674,-0.05627964002874803,-0.195280294401685,0.01082171025351398,40.69,0
42394.36336005481,2.1086500754147326,-0.8681449023779132,-0.8900610598037981,-2.2878341752280265,-0.2363359534399107,2.9476271391834636,0.5672760849247117,-1.7368868567171714,0.4423331354642162,-0.2833756477033572,-0.22754039720218924,-0.10983714799401502,1.7397939974085368,1.2538712158065426,-1.5547338355167784,-0.7789233037060892,-0.24627692370498055,-1.1034347428136189,-0.6677648697894885,-2.057332188229536,-0.4071584591332719,0.20004293235477258,0.6365628178701275,-0.1747471052824517,0.3357545645822591,0.5836305235946273,0.1920873361401469,-0.49391850415323985,127.58,0
42499.52780301593,-0.07857264145168785,0.25485701035164815,0.34236608096940646,0.42434614841923146,-1.12480526329865,-0.4712243911620603,-1.8754291354522699,1.1423159620950398,-2.017868802256903,0.13827993014512246,1.106923421377791,0.8069543884173743,-0.9730796992638496,-0.7511647089068765,-0.7785799376668913,-0.22811361157612606,-0.006831437421244088,1.07943748231723,-0.08865755112540427,-0.8337029999413456,-0.2699466114500858,-0.08410287094256523,-0.6350551432309223,-0.1194200283061975,-0.18079668938242732,1.2617227354252403,0.6250124198213308,-0.7316823746954607,121.32,0
42576.300127451745,-0.34114922711026346,-1.3634220360064315,1.087818875320029,1.3203012822389613,1.1444783957871145,0.15112465388403448,0.9825921957704659,1.1510538299981639,-0.3356152853178288,-0.9088924489271253,-0.0012280090787222244,1.6768265028136558,-1.339093347546279,0.12122417511377595,0.17455485027869835,0.04391396411139244,-0.39219289200882607,-0.18707548845301017,0.07752164124663677,-0.6236108394439424,-0.8588245680593913,-1.0173891084363806,0.6189704130792401,0.4419156788749804,-0.6397367293206964,-0.3220438194373072,-0.08408753661091853,0.10137710574290883,47.74,0
42739.773196410606,1.7268399983273006,1.863010745072515,-3.1146079457818057,-0.5876562060645206,1.480568988246676,-0.551875987145453,-0.6840579612549539,0.9531845314843724,-1.641249943910199,0.13367850223999056,0.8855496891795153,0.24309467325404022,1.52988086206338,-0.7580041327361082,-0.008839374927161633,0.5902462783159623,-0.8432629162213174,-1.5558949127851058,-0.18671321127634108,0.7354372338053513,0.4953133814632681,1.0857308885196013,0.37812468679635375,-0.12068359075716675,-0.13762233261040518,-0.04733273569988104,-1.020693583130176,-0.28460439792946096,11.25,0
42805.933137884,1.2739304784006817,0.0022677896527028545,1.7634542825371182,0.9921917622871107,-2.8696412594445713,0.007326691893649505,0.014682950344874145,-0.7569642135268738,1.408089862465767,0.49708505137852704,1.4974774537117959,0.6506481630343848,1.1986783748658145,-0.30396758699488524,-0.46211540588405287,-0.7990209623580413,0.41032583567109215,-0.5840491033862496,0.3509998248486454,-0.5412598467886636,-0.03980081174892271,-0.481142667504589,-0.3112175239187566,-1.1708574672609546,0.9589495154408636,-0.1700391746792225,-0.6228697083771368,0.14696920481823317,29.34,0
42936.93544682117,-3.0894268703048184,-0.013515962216626565,-0.5096127411646842,3.9853114702798194,-0.03117178369307017,2.0533357054749883,-0.11470431813768746,-0.8503951762936016,-0.06996937525215696,0.23204205368722214,-0.6005971198603592,0.32125372696973303,0.4340720112705031,-0.04449386674980884,0.18195455271256916,-1.1598841364077805,-0.5259447718620823,-0.7716222723894093,0.8086551910042475,-0.6270664838367475,-0.22744997099522116,0.7150998047966063,-0.6658016894174166,0.2966556987714791,0.935945451576929,0.3537485673772231,0.11898614135040048,-0.2661657264631052,62.68,0
43075.7028590924,2.8875756969519446,-0.5424326227475531,0.648324356023224,-0.14765871350868756,1.550797362376466,-1.79289715088155,-1.5665258895710792,-1.5574815599329626,-0.2162061955697338,0.5044821413766734,-0.18841452192325184,1.016666199825002,-0.04373610487682051,-0.7583192565163922,0.949699083195339,0.6002265132350657,0.14098692482940206,-0.13886732138912847,1.4004616599697135,0.6346002909701077,-0.8151150823405302,0.1263109250691499,0.0709898186369514,-0.4924994210264661,0.25632127627926643,0.5903772820904801,-0.5872588676925652,0.044984350886045216,181.27,0
43239.97085965676,2.6987487599283972,0.2595649027134926,1.8214812971148504,0.5569572198876641,-0.258868881710023,-1.1460889831902792,-1.420608644931176,0.10286723615543021,0.987029035668748,0.4783277158849356,2.2324140308033247,-0.47834140434964956,-0.4365310446794808,-0.9303847427685916,0.3580477675167438,-1.337951791204203,0.3553143741933084,-0.30994572853059627,0.4688600996480864,-1.244052768155734,-0.8517674569753738,-0.9397008761443043,-0.6491888716724228,-0.23550651711779588,-0.06884690550461495,0.7830235961467326,-0.3445477879292796,-0.13016938287585172,307.2,0
43505.96646025632,-1.227901899181268,1.3717165464653662,-2.083565362601436,-1.0449265268478836,1.007571497007571,1.8452562627263525,1.1917655504574418,-1.3009947703886713,0.4633321070839634,-1.946089035554778,1.4861237650570331,1.0750943590937987,0.28390783253737367,0.2776172680224832,-0.11409622473069098,1.1405100397483345,-0.5117662986532172,0.1492524073952572,-0.6968642604713017,-1.5937519835052907,1.4171041311652486,0.9074038395829698,0.6267926963032342,0.8859650161565981,0.1610892307138938,0.3701126092694608,0.005198772548143905,0.5991956958212004,90.35,0
43508.86298665018,0.7717193158208575,-1.4376481181125664,-1.0768976003591282,0.2567100498364394,0.4849513775018831,1.3679407048662424,0.49114820243933993,-1.41796621728727,-1.2485322660100273,0.7015974935099809,-1.713986862659837,1.1105489608342232,1.5817037639993572,-0.8182686857056619,0.8471474004501258,-0.13359653755566842,-1.048281410495013,-0.05825602456404277,-0.12268925987266326,-0.2749348546223996,-0.4611154813511841,0.1834764760572044,-0.688568478365012,-0.0802092676805419,0.1678422064634482,1.2172930119350964,-0.9755161601571336,0.3247476488705461,38.45,0
43619.084487092034,0.9640265335333899,-1.0906525528975317,-0.43709422050993657,0.6517714897328833,0.4718059650560813,-0.48063265701333047,1.2930819117257253,-0.5091408907706932,-0.08106846626488834,-0.7360134235711714,0.4006521999688824,1.0823110967907565,0.24052716239353394,-0.7852472202107282,-0.8822090878134361,-1.3641093504433761,2.1078033421899467,1.1356844022514554,-0.06402703730886898,-1.1127583176646687,0.4458989968158645,0.9676769269464123,0.335262994263352,0.0021621149971871785,-0.01817714535336612,-0.27832899700308494,-0.15099623528588882,0.4606633503984623,105.28,0
43999.86801794028,0.5071635268659747,-0.5023088108021002,-1.1898609401190936,0.27595362134240903,-0.37591756655816455,1.146573885241146,0.39958803426535816,-0.5880776439129096,-0.37274603193782474,-1.2029750253609548,0.0037239183165018157,-0.6775126101416364,2.168827956158059,-0.9096553409688909,-0.209004858563023,-0.42052722485113064,-0.46043313894284554,0.35443770174699396,0.4165110883684872,-1.0834241080497167,0.11769499310168538,-0.13356125681164138,-0.049578269454134606,0.31045212963104457,0.2325490319181373,-0.4039053496014011,-0.4637636391865754,0.007618433535214342,36.49,0
44560.92894137389,-1.0805633797069047,-2.232432772476511,2.6388297053108953,-1.44369443839687,-1.683187536514651,0.4607120397558666,0.17582053183992996,-0.646946521922152,-1.9283273297773988,-1.2124419593624904,0.8517069437911858,-0.18086555740710616,-0.8959265240233276,-0.07525405872828976,-0.18717486125249086,0.3395158443140732,0.5404701495242904,0.3821082556363373,0.31350178059447337,0.4463397635742024,-2.035058584985967,0.5096282766012998,-0.34357867245904733,0.307822009918172,0.11120013597483207,0.7097486123585204,-0.596973032968455,0.28093939422194036,87.45,0
44563.54529074924,-1.3180790389928205,-1.3581724994912328,-1.300857337248492,0.29226383379305576,-1.5517357631447584,2.0097682082775674,-2.126305664158955,0.5641639233670928,-0.7646962824259461,0.47810128448451905,-0.7617555353668751,0.23094971296026107,-0.01770735108998674,0.9146284014450724,-1.1360382803676854,-0.466756060499438,1.684708950421972,0.9731328978412488,1.6673567021119333,0.6797176962901836,1.3119783343565636,-1.280049200661412,-0.06318482077333577,-0.5567988615603976,-0.1621402595095987,0.058870424099003275,-0.319298611134608,0.030763645957374724,24.88,0
44570.249736157166,-0.053210641808085185,-0.7886773049694237,-0.8429611694859629,2.070383080706828,0.9803116846590717,0.10426509192544985,-0.33332880101717144,0.09704972365043481,-0.20538879681364894,-0.2430938470023758,-0.8589161685907399,-1.3951962712215404,-0.37106834178172565,1.4599761872122679,-0.38758532246671534,0.021990662655469145,0.6852256781822093,-0.32499754779740553,-0.3785480492041175,0.6125217539022884,0.49979844943200263,-0.3641528873117632,0.6612773027929899,-0.035489147093910905,-0.6206375782474377,-0.6656076656140525,-0.4256779109548222,0.5025336871667945,27.66,0
44622.564342953614,2.2927767296741024,1.4535471972476917,0.31222625692956774,0.6352964263930154,0.026211766644404444,1.3754191086751983,-0.03403735178022849,-0.3457162640335453,-0.12968356514457208,-1.847241409128055,-0.6910044208865326,1.5997334453470315,-1.083117116889372,-0.703139428627124,-1.9036608870080751,0.6586864625823386,-0.2627814900700215,-1.0543817451844066,0.3107182893860829,0.8593006708382083,-0.564005931528727,-0.9248577339378664,-0.7304472575396864,0.023051905093894907,-0.2372734433582536,-0.15328318282711664,0.18731708520811985,-0.025458175664896537,6.96,0
44715.11058063012,1.061074151588039,0.437817012269085,-1.8258696623419592,1.362144024696099,-0.19225597571862138,3.5356746254594524,2.4054160180978643,0.22240849628585402,-1.6388132661928827,0.5270109588636335,-0.5840767935112413,-0.02326963826952108,-0.15110394133842553,2.0837649760474886,1.7485987785838892,-0.1745052279831899,-0.05991543128250496,1.0080631283008283,1.915215518304435,0.9614007312670559,-0.022265120411870218,-0.2731430678270363,-0.2526433102005153,0.16621607660133716,0.4195256177774072,0.1230761390428411,0.4769635746204922,-0.4790776439163245,48.53,0
44826.29390945989,-0.728766377772768,0.3233136424141274,-0.5999468666226219,-0.3355032739346353,-0.5869236075713126,0.8040308527465342,0.8458459637457294,-1.1938249505811853,1.268338722787178,-1.5808415958333548,0.8402803373283956,0.2758478726098843,0.41928177725926796,-0.9732681711613678,-0.8616570076261392,-0.8243043368195895,-0.725472753539261,0.11325557064665627,-0.4792943642345175,-1.6379885204275837,-0.8435680269557665,0.3411220595282323,-0.46063694693505647,0.1766526250191741,-0.013784228364007686,-0.31288843855019155,-0.14490132501254435,-0.6848891380140184,85.73,0
45317.128742655375,1.507643360741943,1.4145480904055998,0.4840965314445823,1.0618528740168047,-0.4227639545407035,0.07061067546947153,1.8917231792722164,0.12867824892994117,-0.1155027834780668,0.155247639502536,-1.209645446349485,-0.5935514895765502,0.5261775362566739,1.05013219028994,1.4499208369706404,-0.2600940571262159,0.7650315041612463,0.11618732992647676,0.11556695846518705,0.3514413158050048,1.3367237829535754,-0.43987653172417707,-0.023854161620540097,1.5715589986884062,0.15920425840143626,-0.4909719848827131,-0.2372073530201464,0.5705699862048023,138.46,0
45824.8475164607,-5.5800310911435265,-0.22613468293606956,-0.5044529733980817,0.3954905846824666,1.4471445032143577,0.9702189520374266,0.7357049715717787,0.18332873405477867,0.03864204876354339,0.2637127930693061,-0.6361178127008431,-1.3507994070243776,2.1723207005862797,-0.6990489041073573,0.0319095847893446,1.2553378210020858,0.4907840696923092,-0.5293009236999993,-0.7722419612347916,-0.4045415092722317,-0.6665848529620367,0.6255678780305114,-0.4195617329701721,-0.7125801075218445,-0.14495511369083394,-0.1008683365272538,-0.16473233293773434,0.16321218781395805,148.04,0
46319.25262506644,2.2458615691868182,0.6501569157358676,-0.140426400806546,-1.3463032329461517,-0.4643293077837033,-0.48350503005634526,-0.8764485742283908,-1.8106038548403238,0.4393994176229951,0.9749730479202775,-1.8337136017208227,-0.6208427232192162,0.4664176879588051,-0.8436413158552928,0.5144452063980823,1.4942808795609182,-0.4488293861074725,-0.5155382564007536,0.064204274234268,-0.5725637571049541,-0.3847801108066968,-0.6227440211807866,-1.083133579091779,0.5959766312593955,-0.5498988937669816,-0.515079512261603,-0.4412063438198883,0.18572403306639815,435.02,0
46425.2982828436,-3.4091764063999714,-0.1694402684127232,-0.8031119436584413,0.45106863217843784,-1.8553444808446296,3.1961502163839803,0.14395979344735188,1.2023204596601416,-0.8726426158918689,1.959963483060625,1.03720383934885,0.21048763268529536,1.1520541864219267,-0.7213924622571334,-0.4507219226217958,-1.7818199934744539,-0.9076816532504712,0.707116418966895,-0.6381266605695661,0.4362968467343021,-0.5360806780394337,0.6410911192588916,-0.6464627175507276,0.719360160283948,-0.12181041119267899,0.306505847198204,-0.5131371700565736,0.5094004847872909,8.18,0
46523.07636220544,-0.7127645903149868,0.44246714540495435,-2.300632183578272,-1.404051505522853,1.0277463773893385,0.24534560527696328,0.29065949067063135,-1.0610769227515442,0.5008938643664426,-1.4984774885730463,1.3081748951188683,0.6691794332274076,0.06806354192402923,-0.05058441132185106,0.18748954348106064,0.9690100922447746,-1.150309920977925,0.8223443240007463,0.8499462522618199,-1.3307458872304403,0.05742080376094418,0.9491108801663768,1.0029069649348645,0.30020479376922427,-0.5305316381942684,-0.9401025378704394,-0.6552869429090885,-0.5661245011822601,60.51,0
46782.513561820946,-2.1952603177728753,-0.9655467345236977,0.49038971860471275,-0.8960080526810335,-0.28403567406004304,-0.36008460696247957,-1.1571037349741933,0.11062918226807109,-0.40796398244369797,-0.05612086684685976,-0.33267261438847684,0.15251034791454043,1.6799477020964766,0.5621949595685073,0.5928790629369349,0.2254701774771535,0.8561653268492802,0.6545714286903181,0.11733451657281886,-1.3468010322414345,1.0026502381399491,0.7341742633238195,0.15091699963705707,-0.3936004508799137,-0.5638170962136212,0.0432053095195362,-0.5293830514908521,-0.12339028827896922,65.61,0
46797.64636007633,-2.537896346313932,-4.04689492575076,2.669226615412362,0.26814637384074314,0.042721068741084334,-1.112195017659999,-0.47377279132381017,1.405756750732958,-0.9924092536813602,-0.30218657414859024,-0.30276957598083665,0.33926158406171997,2.40030688885119,0.6492990106912463,0.6057607106865345,0.8213020154694286,0.10309765169264659,0.662205367633847,-0.7645180341196421,0.4927306614421014,1.3097240544407667,-0.25094437242852047,0.1298680729272172,1.011480931790532,0.6312931653301205,0.2506167896385438,0.6504472112179855,-0.08143883703180015,145.35,0
46886.94189827502,2.269474651966345,-0.22100043841498335,0.02950460628079217,0.42094318518119883,2.222526913082326,1.4710949765522428,-0.253758673149768,1.1178955655772294,0.6301331038048196,0.47832999847146757,0.4684930358980567,-0.3512133056496524,0.5330321590091006,-0.9144340478764313,0.7067242718134935,-0.4824841903690241,0.18535770276030822,0.47513528902205393,0.68197306400873,0.38027148359405616,-0.2938520410487925,-1.5433780996831408,-0.17329880855356208,-1.3293169820025021,-0.2164296505823745,-0.04427028199148998,-0.2747734335664574,0.2535202022322512,27.58,0
47024.50255223971,-0.9188421378277332,2.3639090606912725,0.34395872184311665,-1.6837398751858186,-0.029132868541561982,1.163661302587119,1.9774014483451647,0.043134105859609875,1.6436213297399909,0.23861817114900413,1.5170684681140627,0.49025666727238704,-0.9906390180034708,-0.9586898549116158,-0.3403728156619457,-1.5592897952470886,-0.7170750724609696,0.1096475164321097,0.14368070515248701,0.10947061331331683,0.27569853910552666,0.4211926232951868,-0.03182160909560457,-0.41360027504994695,-0.3840209887857375,0.5279387081528455,-1.1716270313583181,-0.2377562620793725,6.4,0
47052.5275639348,0.6752009210747839,1.5395868527374823,1.0545481334166107,1.492403619304917,0.3992326977291386,-0.6600183322703663,-2.5632411714280208,-0.4353573207475139,0.7972201739495917,-0.38595669924657017,0.42268868046723157,1.4865437551825964,-0.5468062807125478,-0.887936996220481,-0.4429906794724408,0.5211079326016398,-1.2740062659261815,-0.1467349626515975,0.7733995228713495,-0.6747652552476595,0.05853902249654584,-0.09207747608080187,-0.2634570457691845,0.7122627134616256,0.8462964356730934,-0.6630075165559165,-0.23359443749856737,-0.4119329376153106,33.53,0
47242.55477305059,-0.09504179012781827,1.6046352542469906,-1.9279922511836989,0.8099751306043845,-1.6311087742617365,0.7750990380117418,1.4849495028457491,1.1442238913668548,1.0159253503519812,-0.48307645517597864,-0.7130499323186594,0.7008484861605858,0.2838932626312451,-0.10766170113733924,-1.4632583282828335,-0.8277701905573356,0.8353850576175206,1.010864621844477,-0.9374043086257704,0.577782295081289,-0.7207744623969543,-0.711104261076069,0.32253688464557057,-0.2235304942464571,0.42759036321203353,-0.33939765859804455,-0.6333198725424132,-0.41500570457862435,367.81,0
47354.5496929837,0.9307649260487207,2.054094886310749,2.589544764228928,-0.9977369280051601,-0.30449358931170933,-2.0114666939941515,-1.1541964129002709,0.8152674724415515,-0.5774506840785033,-1.2256311408494556,-1.6589717689421226,0.8066311437364213,0.45844863512802747,-0.20339452215092044,0.47629784205424275,-1.2233041634506756,0.034989940545918516,-0.31242673511316477,0.297746753600502,0.5287780722456896,1.7737012802675003,-0.4048307149516104,0.061542857254250564,0.9700847495438544,-0.19109959495127896,-0.16003682366866429,0.023979964780168853,0.3929149625665139,204.53,0
47842.242578651625,0.14722005446950254,0.14910953431688959,0.30909446903266147,-2.176967405701385,0.8422551275994178,0.2518937276123605,-1.6903536719966141,-0.743874715520981,-1.7661725900226168,1.0874028979566124,-1.1418032507372469,0.2860356020754882,0.7003641488004226,-0.9204322434165004,0.9884939482589904,-1.1615037012113454,0.7872357649075069,0.3088511121111663,0.6272187093751133,0.06979919348404084,0.9971127277579174,1.0395664628947208,-0.7175915838071731,-0.9164822277577589,0.225609818519084,0.3440130788396826,-0.018981616881640215,-0.25483789620075653,44.78,0
47929.249369675876,-2.5150112395306934,0.32949904814278186,2.4821370679062316,-0.20508961833401895,-2.1517264499335274,0.6097834409692741,1.4530766046797652,-0.9567288987218252,1.6419256050068438,0.5063092632426536,0.07832677626449112,-1.528810558538416,0.46214810393791333,0.26146531953239854,1.4772798223156873,0.5356315693404057,-0.3371111940006485,-0.6718874535482461,-0.34748726120818874,-0.9041840718881272,0.13709979947677758,-0.8264317685767476,0.15520215819193733,-0.6738822039034005,-0.12032878282886643,0.10511802182072778,0.022546046621547872,-0.18961081734828075,186.07,0
48138.18186201019,1.9473006934422996,-1.023474981511995,-1.1127600684668073,-0.6313270098023949,0.277063494482913,2.2864928618646245,0.9012021918507258,-2.497062816365817,2.264854588830722,1.0103571220513643,-0.6697064170716941,-1.0658129097171738,0.008957042522371029,2.192536694016052,0.27656509122208717,0.12758900793047262,-0.20746265399928335,-0.5509952012717233,-1.0280887905423566,-0.3240388212755074,1.1576751263919782,0.3385807010833981,-1.5061563177421229,-0.32156919690771446,-0.35857190489680885,1.0355578324944401,-0.015942883396439938,0.2166202275977887,2.97,0
48147.87984837256,-0.9698531195191248,-0.5228064803538625,2.765189529321343,0.16027298863663741,0.13869224194416363,-1.0254974403530897,1.5449356553244313,0.1874637644949221,1.7000590549326133,-0.3396258270910726,0.20333139475733947,0.44847701181446037,-0.63419551402111,-0.48880649704973916,-0.7050796699741004,0.6961673243173396,0.6186173554190184,-0.19750554827097905,-0.03654255664746015,0.6502965604904246,0.886718579235221,0.15693329967027894,0.2532830534453167,0.25444998089180687,0.2501462991505028,-0.3900058979705676,-0.14820135170615692,-0.23991498722166762,33.58,0
48370.33792108335,-3.0506425327528754,1.0242007075895745,1.1798551161029702,-0.5140532642673569,0.05640079594266723,-1.703805069551898,0.9859507763430788,-0.09797935986041983,-0.3734292126075362,-0.7204276289000846,-0.5645639552834972,-0.02191900296089838,0.4030915122233754,-0.4198141643701178,-1.5575339529894812,0.5959026704485696,0.6351803264128391,-0.6718251158985757,0.997623519410823,1.027784611083935,0.05850672813109596,-0.26052090187562,-0.863418491501114,-0.1336462465482355,-0.16648362479085602,-0.6748153832835138,-0.5797293758563438,-0.5843433653530129,115.54,0
48378.147551747825,-0.8413409601058539,2.0005609967239395,0.8422148535951205,-2.842253143902369,1.4336565853324856,-1.1920347987130506,2.5368893881679817,1.3717292786155337,-1.2772294553375512,-1.1837127567500825,-1.0832993975001273,0.4332962530085092,1.856870986175304,0.5425151270680225,0.9512013523780568,-0.3679267442898532,0.6918838315114769,0.6662905969329882,0.9143957288468728,-0.24789305924281707,0.23737796547794088,0.46644335379413865,-0.05903433140988548,-0.2965391968298893,0.04198951160796706,0.864307092598752,-0.02945938227557734,-0.5421468217243323,22.29,0
48515.21805088036,2.934992290724964,-0.22957865715918854,0.35727541402667834,-0.5497764851848966,0.46181857987683106,-1.7816092823133192,0.6878963228016188,0.43467611498171344,-1.1790494812792613,0.3960754831537883,-1.2053643832158014,1.6820382169652595,1.0218522236106224,-0.541227165736171,-1.6483842533759763,-0.058035996784934,-0.25822421041893634,-1.126356076556326,-0.3516011634859943,-0.18860082142583412,1.1065643343611906,1.1830988574000256,-0.7318989777119531,0.8632200532977271,0.5352049752828412,-0.692154104565491,0.40620902429765177,-0.020064200840581463,19.69,0
48543.2357979019,1.6613750137098395,-0.7454607520790184,-0.37625922628340974,-0.43264323170482794,2.0434240263779904,1.7910974043144672,-0.1930466112660069,1.610518754551921,-1.8612192486142982,-1.1413700273980039,1.6072912686519123,0.7223039970477543,0.5366508043705172,0.6484235154431046,-0.3149730998233922,-0.4479539709675473,0.5327581814798014,0.08267025472329387,-1.0477037185427205,-0.12073049627445635,-0.6947935401592846,-0.21595912257120306,0.0015276266816246372,0.9196959553916697,0.477767883296777,0.32967510281055407,0.7228271356498316,0.16965700419655802,176.23,0
48548.191456020664,-0.685768993580041,0.0028005239152872475,1.8264744614292385,0.8972712834044984,-1.3747982908299747,2.074406531533837,0.42208966060462505,-0.8391301545674738,-0.12132565859745903,2.0335851774987184,0.9159141766820278,1.2603946401525414,1.0314900804435803,-0.695993099985669,-0.2084436083483529,-0.18170067582221383,0.9627474675961395,0.11047067963290086,-0.35384203547094156,0.21604684339600486,1.2249542720522073,-0.17765583126221315,0.3539882373200367,-0.2503990972767185,-0.2842211313816047,-0.47357479398032365,-0.09453095352736121,-0.06985820849718237,85.21,0
48702.25024264532,-0.6869545726592288,1.0000215181002294,0.21489476984364528,-0.9884929403085906,0.1872806507589606,0.43264699144684426,1.5313254376780736,1.3740913433734523,1.7694528421831208,-1.4357867061859717,1.779952526518667,0.08474018673218209,-0.3690737985383888,1.7754555701165107,-0.066597848212409,-0.851005786952185,-0.09265517854067962,-1.5129445038411151,-0.38422052015922614,-0.44423681123887854,-0.16643506752074638,0.45014138465990416,0.9202649593308787,-1.0366360961470351,0.25605966771797317,-1.0007733701026564,-0.05135313222636207,0.1467571301550799,401.76,0
48733.31786374119,-0.6328752020421202,-2.3951014008145375,-2.988633883184619,2.3768925025971313,0.11611631820561882,1.636918115738131,-0.9602957950079803,-0.6360195889404359,-0.15916648444310766,0.3023615393528725,0.5575417479792584,-0.8260267921297172,-0.5062683454017672,0.3343020707184857,0.02981933542840718,0.3495613951969182,-0.44801431468882724,-0.3686507866995143,0.36096876046319565,-2.2285646948140636,1.1157610595231233,0.6650394632840348,-0.9442676562117145,-1.3083777596958004,-0.58549198434369,-0.18166770750779654,0.1996459772290978,-0.5528070714083535,12.88,0
49034.2063147732,4.062656561148454,-3.8100964560087207,-1.6967163019704496,-2.7065880779495446,-1.4794403407164707,0.18371706838472207,-0.8032650977130706,0.9393432473417183,0.33088055223971996,1.723824933957761,-0.43834330735364524,-0.06930762552841221,-0.7457768334968201,-0.6005329825166684,0.12356838084257912,0.9549443446593341,1.165893243389978,0.21338328512711155,-0.08817582067714988,0.9240919579107318,-0.005308850858128268,-0.09387144465115818,0.5972658451392202,0.1463464558497181,0.23748717749148027,0.4342967390106501,0.5951711227971801,-0.5296852510955264,39.2,0
49218.15870447138,0.7445685167815277,-0.9120534797943569,-0.28097425949866567,1.8565438775738097,1.3218246109604077,-0.1224299110310832,-0.3808657878529089,-1.757201833909748,1.515501978887718,0.6600697490410486,1.3618848595292883,-0.8235386969356312,-0.12330816225270436,-0.5701747595801755,-2.2154741109841916,-0.7178023606407764,-0.5705699425743028,0.35792911541921546,-0.6161739849826502,1.3884101012372119,0.24590934613149024,-0.2227811086949912,0.08012816166846676,0.3992419802602677,0.0800534921870144,-0.5910851999524026,-0.1934527512198149,0.7710721676293883,33.2,0
49262.164388947225,0.8387503731252265,-2.0246500382942902,0.47276519504656656,-0.31753142172024434,3.214244515199911,-0.44041266067713236,-2.592608686300034,0.28525645986293496,-0.4488253760290895,0.19465610073234285,-0.0308035128972892,1.5627479946663576,-0.4200132268305733,-0.4976086652043563,0.010448747098885693,1.1372294479603697,0.5457384518290502,-0.17090065845745134,0.8967481376299303,-0.4684065965771301,-0.02661914165869451,-1.6102706020176807,-0.2762306649299293,0.03934565965437681,0.20023795157323912,0.27796882132095363,0.27622573031446374,0.4214573060964923,188.89,0
49368.76281281528,2.0138981409113548,-0.8416683887923019,-0.08448876276355945,1.2171539176971544,-0.024217141576521727,-0.4101459483138856,0.16976993929168635,-2.3913556620163363,2.243901710283291,-1.0629874273347346,0.2298975046256946,0.7872919890038771,1.2101893392713687,1.3303518712885638,-2.045290654750902,0.10465980702063203,-0.052356351050145356,0.5652390848716677,0.11172030052323427,-0.8188155631103115,-0.391198917150032,-0.5657114408764381,0.4652029321050654,-0.04192864873252672,-0.15247914318332298,0.36824931050044635,-0.32751927437221373,0.262660420225555,26.25,0
49512.03603775052,0.4643180493705086,-0.24341447576888084,1.854504003324493,0.11306877084044156,0.6977283837512149,-2.063917546430866,-2.3235297365882968,-0.32037258344479935,2.195958262335568,-1.5172657504601703,-0.040820841418218706,0.5147592267991755,-0.47332819452180613,-1.2291140724063012,0.6677431584545086,0.21745123500939081,-1.6027133690451816,-0.09154639319715592,0.35198410560978766,-0.10176297988950633,-0.19936754168442974,-0.8278622109045963,-0.14470315931097136,-0.4872088080362287,1.0893473876816164,-0.6152151174284433,0.13168970635088006,-0.22648686144926677,38.83,0
49873.05055549028,-0.5103314001645071,-0.7505394111603413,-2.9643609811785585,1.613560735245197,0.11618780289458136,0.357855275778749,0.0650484007095305,0.5327044707078752,-0.14752054198202352,0.847987237419414,-3.0225752039388984,1.2372259984497112,-0.8007108145384769,-0.646963534913953,-0.5114766404975656,-1.4984240269777986,0.9796970828769229,0.011180529106691385,-1.407623214824052,-0.14064388976546716,1.0090948944074596,0.495533166683893,0.4392786886464984,0.3986497003462559,-0.4673555044968432,-0.11059983464732659,0.38695876103348836,-0.08210179500392656,13.72,0
49883.96816408277,-0.38759301085748565,2.4132479227914887,0.2198017921993631,-0.548381873678763,-0.9875612659482268,-0.04922068764800466,1.0655062532695467,-0.6264362797661448,-0.6402578403696348,1.6570960424802708,1.6508053097339574,-2.0507954873453103,1.944456613003492,-0.5439830991179814,-1.9788443140372503,-1.5937740948082115,-2.399381559876937,0.2100035832580559,-1.9771735742888066,0.7719339316662214,-1.697232882469008,-0.17817969383502055,-0.6079568000068725,1.0196852993460916,0.5092310699109629,0.7618234939128059,-0.5139812386607544,-0.0011891441831445185,132.98,0
50066.7330518758,-0.1433613945063591,0.5443715810626728,-2.7619996815828807,-1.5554434676420845,-2.5187468687228076,1.0008426525311294,-0.5876954239820601,-1.2648579905618413,0.7667663706157704,-0.4808207045324537,0.507285624170823,0.5830497594342479,-0.4493811547573045,-0.014966292663670921,-0.7487961792926531,0.13171301206395633,-1.7266645369317208,0.7741790735739446,-1.173508855168105,0.04614430373788498,-0.9093581611092801,-0.20656305311872314,-0.3879058870564687,-1.3444269120879329,-0.5353510393701443,0.3139796803423489,-0.20892936524262834,0.4493818872431346,24.17,0
50322.06559310006,-0.0760544665914193,0.5007585888674703,1.1563797270912006,2.011352414240161,-0.976758664534736,0.12967674833114734,2.0654660768803508,1.0219659999882549,-0.38638608502898264,-1.2504844885659259,0.34179368396462967,-1.334407996876782,0.15549356580552415,-0.2624556138539548,-0.5251711641064919,0.7025923031298418,0.4569270731182709,-0.564711401920738,-0.3940478739434961,-0.6074297271347094,-0.5330841042157448,-0.0077817722789936495,0.5777440118617084,-0.045930325919613754,0.26560864320785704,-0.1269048412588483,0.38065583566961575,0.13728711144939254,6.3,0
50480.25810969742,1.4213651597712842,1.0348854674193286,-0.14205574111009006,-0.16059688045014753,-1.9257286643676872,-0.21276518221249677,-1.7992663543473704,-0.123017376256294,-1.2793496161745461,-2.7004314983814437,-0.06027941940272358,-0.018199424688487467,0.4532736724524806,-1.444681631932924,1.0877170259912354,-0.5893818964346935,0.4567019887586881,-0.4069099125867815,0.4667774647228904,-1.0130189904411588,-0.7916595221515342,-0.6325855390928257,0.909591365117681,-0.5878447557775087,0.30286360692060105,0.20024153442523027,0.24575301238278371,0.17944386646539282,50.85,0
50653.58260726101,0.09851804519376105,-1.8887175459049779,0.6393861573417822,0.31378064672000106,2.35601595351712,-1.159645354522584,1.467018133116623,-0.5885774045911493,1.4113544172465162,-1.0764867658827613,0.17094792161968297,-0.3256455201112157,-1.1346662239339746,-0.38717128025734787,0.17714599953782476,1.481043413267724,-0.5559058779262196,-0.5590127963093156,-1.9103714075081841,0.6717417377553213,1.104991416432372,1.1257801547204247,-0.02165824151850226,-0.9035306528538571,0.03128837231826143,-0.33174757900979657,0.4129902027746735,-0.058015417010500815,44.23,0
50664.475663251964,1.431174735317678,1.7270125573377297,-1.3116666500294258,1.7483480474459334,-0.15989105689273206,0.10111587338768223,0.8312873031910729,0.05225283478277092,1.3398413481878568,-0.1233724439863721,-0.6101052221644095,0.6573722429630661,1.2373970651299808,-0.09622455951484944,0.31253893579748737,0.6541393542876296,0.12696319840429102,-0.2777388058178329,1.2946949731636876,0.4664557823466686,0.9201111810456254,0.9407209193779456,-1.7073880606856384,-0.684730831074713,-0.2556622432316305,0.537834859891902,0.3382899015455323,0.2707723261543796,17.41,0
50730.321954150335,-0.1612072836875829,-0.12385656812101382,1.946461864808836,-1.461053102880998,-0.4790928057059929,0.9913222627999713,-2.114016124159348,3.1809710717163195,0.1688382431512121,1.7592941044663464,0.636219756946284,0.21955908036652283,0.6390609906678005,-0.6083570939881059,1.079035094590809,-0.7989121249553004,-2.2025171850607443,1.1912335049203129,0.13626891110778758,0.8221064775534743,0.43234522244709916,1.172840390693383,-0.12211724353777759,0.2315518934137208,0.0762154501222646,0.5376242925034799,-0.13560959719149743,0.10289230257055675,12.77,0
50878.412958487854,0.15077011470945562,1.115027003512636,1.5850700684555992,0.8432266973613632,1.2289706830853269,-1.5233623565630874,3.338690578403438,1.3926030596233006,-1.3966882896921653,0.741457918528295,-1.3389099501716326,1.3474736660944897,1.5602818443855992,0.6656813822057371,-0.09104538751462236,0.03155718307473852,0.6131200624522802,0.4782226996282267,1.1052814759286524,-0.7428588886691078,-0.46884373501278354,0.4946568474878757,0.019659117170920597,0.24690128343841103,0.14185240677220393,0.057939236926531704,0.8764124342792051,0.014457323902183078,202.01,0
50881.32752276704,-3.91523964097794,-1.7775270736071502,0.8885846753630948,-0.8351454168098761,-1.5520413368696273,0.12159140217973947,-0.07882465736033056,1.4035404451120552,-1.3598910673116351,0.33690382201439073,0.19419409512984334,-0.6186890239123064,-0.677216949717873,0.8910896482165973,0.6878678045160821,2.1944794120739024,0.215563282189463,-0.9451233206094104,-0.7242604986552116,1.4221570607260177,0.976809311917849,-0.022599273462952034,-0.14277291285999813,0.8874321338730903,0.9359726556887031,0.11101457793296664,0.05482516109889514,-0.2550269129923231,6.26,0
51340.25548595966,1.790796587205765,-2.57755919352846,-0.19534863144479545,-0.18705798127941806,-1.0612447907422256,0.3161413856577444,-1.0811403373850523,0.526907486227251,0.11554685448731015,-0.4382488087814439,0.579742649960363,0.7052159680320874,0.10109350627882839,-0.07571784701474883,0.6234476804673543,-1.0944452554568043,-0.0412452299931277,-0.5018309092317077,0.4077307257160137,-1.341081832168557,-1.1652156540554766,1.170389789446429,0.2058024403143527,0.006439062383116023,-0.45225479615466946,-0.4833037208992907,-1.2170753027713066,-0.039498786159753344,9.31,0
51989.364909859265,0.6751707596802774,1.3597491289343429,0.8829799960662224,0.10241773459090757,0.0934432675782026,-0.9549928714057787,-1.7334744837235967,0.20247982679927615,-0.5545373996780233,-0.6394507550938916,-0.20083392746016984,0.15294626962940233,0.04132633107835462,0.2236163293393865,-1.1813956672092285,0.47139697606045156,0.016559689970563347,0.31118018149417737,0.06673652279907769,0.5513785079346988,1.5681053669902478,-0.4953005337234209,-0.2923041012227075,-1.0660451896337046,-0.2872560403324713,-0.6540529783549481,-0.11220146274352559,-0.3702178422329194,25.03,0
52075.685632570436,1.9507136910268048,0.6268228739212383,-1.07302369498528,-2.1240657124892723,1.422053633574084,-0.780972146168977,-0.27131226151155874,-2.88740556162043,-0.3792867824694593,1.5466280855306056,0.38393622626660096,-1.6622452727031223,0.26584831795800684,-2.093707542041934,1.3462920720049216,-0.28110409095110184,0.4272997203251475,-0.7575103268795885,0.6633365930636185,-1.4690472360757978,-0.5031563057583857,-0.633334697514465,0.5135984322856051,-0.14344813531708295,0.15109511298080688,-0.18254792004474396,-0.18663021916156441,-0.014357392111570782,271.95,0
52570.62564546444,-5.673442679451428,-1.4956230168754099,1.3020723590833763,-1.1026663400746786,0.6931147514275303,0.31289093460488815,-0.15723926868096877,-0.8169632905398707,1.1251802505551154,0.22220704797850382,-1.0147003575638713,-0.9385231694956039,-1.452572628885193,-0.4077904920953795,-1.3039874348428304,0.6293455442689133,-0.026689451938223287,-0.6061650387286731,-0.19307281878281118,-0.6056621146786508,-0.1934909496427878,-0.437650064522075,-0.7148017303258312,-0.8403549970518057,-0.13089608561338148,-0.04275269308363186,0.31709946313194104,0.02982598200522761,7.95,0
52634.82240300507,4.0854192466737,-1.4418530721702227,2.508927511784991,1.9130454062429898,0.3427267619376593,-1.5101072073200756,0.12612579469047297,-0.5777299514817731,0.8064363870594998,-2.3095947666822325,-0.9885104917929981,-0.16222441154887962,0.11280353169560761,0.9738503077021119,0.8373411818275295,1.1248536255186818,-1.630961756590858,1.123337716612246,0.3827711554488265,1.2081612627533782,-0.31608998213609885,0.3781693669952401,0.757355871043211,-0.7313568123308286,-0.04954421852105752,0.5131494758969618,-0.17946483921778078,-0.8238573070328229,150.74,0
53483.895873347145,-0.27646838380797173,1.8703222701269684,1.6289798609419721,1.254825454454482,0.10733579987694737,0.4723499173158784,-0.36711480145667874,-2.258966302821524,1.5183118017001282,-0.7387886547611784,0.24619746844154383,1.1123591746561712,-1.4244231398256306,-0.4100518240258635,-1.3926309134955446,-0.33724673193747506,1.9080438708890943,-0.5126313542137334,0.895063994161845,0.6453060787484066,-0.7878217193906826,-0.5541721651175834,0.949206175283875,0.35347996443782126,0.5607497723967024,0.44537959419305395,0.43809813847255435,-0.07947693966205795,198.22,0
53735.2573338927,2.166408781043789,-1.9726862446672322,-1.107545285697056,-0.08861167342327905,0.5528140281408659,-1.191936450974894,0.7796628706878689,-1.3938498122863545,-1.0962029235514414,-0.9417826372299455,0.6998475597058577,0.4574112790685973,0.36028937197310146,-0.7141307312570239,0.547762937930681,0.9936665613791609,1.0424773677018409,0.7972918994600129,-0.533025236048507,-0.4173560925218432,1.409189517408676,-0.1139449304356734,-0.5594414848761117,0.11896737860630612,-1.4679886518575,0.08884031568182979,0.2226218759549548,-0.40320463548010205,42.26,0
53861.1802596415,-2.03909917189825,2.729018747323947,0.5509268136747085,0.3443142280523173,0.27818067058042506,1.4251649183502022,-0.47776665866070395,-2.3867116468983176,-0.3816031431284629,-0.5988888568933719,-1.921863157358666,-1.1898552447711563,-2.1265747265111994,2.207187239703845,1.702557192068963,1.9683564803373996,-1.1187583216120223,1.0484565132723882,0.19464950361286842,-0.3962326908987735,0.5766007317449404,-1.1634704047953568,-0.5597722830781383,0.3577325887241525,-0.3091753688390067,0.5749794473574061,-0.39814195769230876,0.17010581944303838,30.99,0
53863.07953852837,1.1965018700934746,-1.4932476317662136,-1.964187706046633,-0.41653524419487487,-1.4251143894261078,3.129139278903467,-2.3836823362813004,-0.044474314323380164,0.8349156459070465,0.6203021337686037,0.5391319070837284,-0.15256856832240245,-1.8495257043068203,1.7628181994575294,-0.19806688542533651,0.06288233200666121,-0.3016411319378572,-0.6129500990845236,-1.5402834031524089,0.08161511300871038,0.8891834982807671,0.3478596571954002,0.2513452050700636,-0.21587152824809125,-0.9059259067648077,-0.4565675860330772,-0.0556411357145288,0.21753148540325332,100.73,0
54318.19868214064,-2.065548210376786,1.0617547430282577,0.8716293602752918,1.9208476421236,0.06302764278497511,-1.145697568353027,-0.1842816867828294,0.9889849825985754,0.4917574650996167,-0.11654433410058025,-0.5545813943089192,2.02677865700436,0.8204819783499436,0.45328832241523964,-0.2378006564346542,0.6983095422015319,-0.20678130565258376,-0.7436886511826903,0.5695218988704381,0.40060158286713893,-0.8981491918296638,-1.10197687270997,-0.7273621460273798,0.4809217613457111,-0.6209293977070915,0.5202597142231795,-0.3086811796564691,-0.1465821640848013,107.99,0
54761.58711496353,-1.2243901302754507,-0.543634176584428,0.6864996538179529,-0.2835977177900915,-1.485572637895884,0.7186415662932588,-2.9164271591130846,1.3362591060548021,1.6885509725036418,-0.08293175603663634,-0.19481406385890934,0.10144481762771522,-0.5448398073056091,1.1037749474544876,0.5561931751637078,-0.5178117983613163,0.9364466408474291,-0.23090227260919355,1.589383015809506,0.9694580022397474,0.13110717566734678,-0.6775597502859649,-0.30191587169509587,-0.24980618667239962,1.2564978441380354,-0.38258252900063366,0.07388748235777283,0.18735552209301662,134.81,0
54948.4564473383,3.744091472899987,1.0033097610990678,-2.840797892705612,0.3283410882786617,0.11143602641642145,-0.966589650281034,0.4354469765364521,0.5018733137468974,0.4613585090728815,1.445311092583245,-1.3721966457612695,-0.3414171013197681,-0.9858383060927516,-2.1565720603586596,-0.3047068016000864,0.02130940896108597,-1.8789410667007,-0.9096510708119926,-1.0162244957385644,-0.34794100911232817,0.3803161436492811,0.8819302476748299,0.6750851460724042,0.6788807970940602,0.31453255576366107,0.5987402999506253,-0.31105454433561947,0.2017505477681231,158.08,0
55116.437109719605,-0.37649733380149636,-0.9013905458718745,-1.7645093108310235,1.6227280485794486,-0.6654178206183136,1.395896699740826,-1.2065515747881959,-1.159905595660849,2.0370351305384857,-0.7639836183805109,-0.8712462342065694,0.4857033977295743,1.2727572232858668,-0.7628586911453642,1.6625860020578436,-0.15194362940885314,-0.43542456737880925,0.10088525962513525,-0.07708238135566897,-1.2393275235067658,0.19692377690882223,0.8551938175466236,0.45157518919749495,0.21028802478375988,0.4988090863025002,-0.0069558011241318074,0.02993597825846027,-0.07926340166154355,27.83,0
55174.842066522964,0.42250691366646725,-0.2683377249912066,-0.42887072078081373,-1.1005912756198006,3.511178697397384,-1.6863049371937602,0.20091075913395612,-2.327904313243588,0.5932352318411175,2.050662657562183,0.9951149278464437,0.76002847410669,0.3295829886494609,-0.4551283438143371,0.1730738823210472,0.708962192259003,-1.5323493600901106,-0.17202400691454187,0.7144819664834765,0.12508054389533566,-0.8517678038699007,0.2703798759236026,1.2126488401506035,-0.12452785258548026,-0.03937012818734835,-0.966438014468071,-0.10820140158998942,0.5246837234681048,103.42,0
55302.01066128146,1.7002293036108993,0.06985627780435272,-0.4558083953387682,2.2071481997819267,-0.05587088229563625,0.6469781578172891,1.6182935891927395,-2.1166564275717383,1.1695555578248402,-0.7363352060102641,0.03689130848159764,-0.47152700728728764,0.8740208934368945,-0.22841700853181318,-0.2962548214157576,1.0695022249810884,-0.2494377597433759,0.3009991384213128,0.022934949877297443,-0.34886424023981283,0.7866170581391007,0.1988026633470246,0.1044020224654125,0.12983916808505688,0.39824809493320645,0.3524396623575197,-0.06036199900690921,-0.24886103518199765,12.9,0
55428.22898659618,0.9672602195775366,-1.6618643172541925,-1.8370081440628911,-2.166881495209642,-1.9427131192250475,-1.1620455840754704,-1.1689199846785787,-1.5283744938455208,-0.35988516009666627,0.09960329004756308,-0.3898675088034813,0.49664509193156503,-0.16426165051997962,-0.4744937996509498,-0.4978833868528966,-0.09268164819823836,-0.41237768771654376,1.1667643315298992,0.13181656659977073,-0.999306865843776,0.0875895158682264,-0.38645968214674997,-0.3743337034596203,-0.009731475349419143,-0.9185423837670947,0.3908145941784381,0.817351533809604,0.5031411720348605,63.65,0
55652.703179448545,0.29130759690668184,1.2318086240868908,0.5928232425880279,2.3074679644049176,-0.18626492250402,-0.271945599941827,1.3068863046852603,-1.0700310151329842,0.012962455033086948,-0.3075377493064724,-0.11645508241553156,-0.34299640366096834,2.6814728319780587,-2.470597932752498,-0.857566729612856,1.3603702456542965,0.06772917155762011,0.6826918919044146,-0.32111593049481707,0.2336160677619057,-0.7012495921146091,-0.5620072210161562,0.031184582124679477,0.9698674553464492,0.5440357165804379,-0.22120645873605035,-0.14333102970389705,-0.0777171042573149,84.51,0
55700.16558087233,0.7113360985730866,-0.8500909766819109,0.3838000805666012,-0.527587618599626,0.7175568683898889,-1.3732575823201598,-0.5341308169084068,-0.19088539652868683,1.0026438026223337,0.1372185179237578,0.5054455695652534,0.7155296243873192,-0.6025124506973617,0.37427066337084375,-0.5780063217302047,1.3572087302155682,-0.5274700603933904,0.4084799093699048,-0.3513762185500085,-0.16039922026555373,-1.3609540869428183,-0.26404284705651476,-0.0924354019658783,0.15007769153097328,-0.42488100070154433,-0.1799641690381325,-0.770372669212286,-0.2893471400070498,15.71,0
55804.294872463775,4.7022033213779,-0.3775876806927809,-0.2937787388697479,-0.3435551085989207,2.3135061793711262,1.1037377305610112,2.1591756459434372,-1.221120341182171,1.7775104189471258,0.49024772969222385,0.4554252137964975,0.16048967553690988,1.7463844693120052,0.5270048138728489,-0.3241966980232803,0.7531015239821915,-0.654539553492113,-1.6426374591080173,-0.07326481823649263,0.24043773991533046,0.4430691198177694,-1.0994742388289576,-0.08384141421988626,0.00013028098779641582,-0.2744297366173117,-0.07762551796639004,0.40497464182184184,-0.12097561996554629,7.09,0
55846.881029730335,-0.11598666107841626,-1.648851873284166,-1.1473555408922274,-2.6759619052826435,-0.815890626475936,-1.1139208773332727,-0.450080537184096,0.4104650748292304,0.8020850159663011,0.47842403850396986,-0.07388477625908726,0.4758354809010744,-0.05939064062694588,1.552384516649646,-0.44965868657385855,-0.4520117509961931,0.53720060515635,0.3701658640013886,0.031286604233399885,-0.6859742407966328,1.7941457283094293,0.18195851537525545,-0.014781087132089525,-0.14364315756332288,0.2660293939530271,-0.9310860171220716,0.40183923298512836,-0.37701618203955023,19.29,0
55929.182616762075,0.39052870173469645,-4.2519516873367875,1.5956841921793925,-0.6438590304432487,-2.189141529136778,0.7423725944619545,-1.0355769466017113,-0.2783343895111747,-0.09460746054404418,-0.8262594530990641,1.125341097111816,-0.777522277888961,-1.6524587025714588,-0.7635929802231054,-0.605871621646106,-0.5367239649557048,0.393755025008302,1.438836885616334,-0.9649163902342627,0.379441857965571,-0.7454285736214842,0.034219632484055414,-0.5708993168227287,0.5128805545706002,0.1676307192485766,-1.1435688399173882,-0.7881037497524539,0.2679966390861009,48.59,0
56189.076579645676,2.053780179645916,-0.3152120148158853,2.517936027113378,-1.472169640658322,1.1289590294136507,-0.4551946506900426,0.8461930910052395,0.014451468891916246,1.5174203605709862,-1.2327360938256593,0.9995682479442576,-0.840235880283481,0.48479808373652195,-0.8429048098883316,1.9195841970972223,-0.7140605441587166,0.4778532660885848,-2.5151781997168983,-0.05642771436321816,-1.0120074955807417,0.12341983120390274,-0.6784741233336932,0.1726539891288831,0.4307777657080934,0.046746141586790635,0.6286766155584537,-0.278947974420647,-0.5493598713657847,194.81,0
56214.47851324597,2.1612071589521555,4.007243992579294,-0.733535469055743,-0.8602796604264132,-1.910018626350308,-0.14830508661129574,-0.5370871969337109,1.3766237426956598,-2.4221935857974835,2.753013017916824,0.42757731055428083,0.9439236446184237,0.31671994879396137,-2.5965201314810047,-0.9465540322980528,0.8435701776141028,-0.15536706086805777,0.575676700633367,1.2748883029136753,-0.6345123004939913,0.8122620592395626,1.136979147283703,-0.8629936751486498,-0.16509934287928513,-0.7081563522082993,-0.39884295686959276,0.1739035026804652,0.47514972271405664,67.59,0
56226.464644336185,2.3207756535770603,1.3044901944781115,-0.9290301113116354,-0.1943379201403435,-0.6038862307637318,0.20215715498626202,-1.036755142493535,-1.4213607560044939,-1.572591932870001,-0.5304318192958871,0.0592214153562867,-0.09104959156811435,-1.049299007533333,-0.2842153263108052,0.13134075782322624,-1.0672143809438628,-0.4986600674297178,-0.1333511259820026,-0.34403084761403,-0.18338716451198536,-0.931844229712005,0.43914811862018494,-0.43925066117879485,-0.7003086179132448,0.054668759248529354,0.8962948857844647,0.20911807849051856,-0.32103063787608593,122.9,0
56588.92247752623,1.247318903488415,-0.03005122149192932,0.7482226589976476,1.3562035652469655,-0.3569785566201509,-1.013476984948405,-0.5888820713905965,0.5066001002685995,0.7495437213831257,0.7701233520092229,0.6780512065108572,0.2769656127168859,-0.9202026529212164,0.873361223191493,0.5397791941931723,0.6027664948017158,-0.10489746772410342,-0.7101331740321207,-1.0103756492453089,1.347626027654003,-0.35317769781927477,0.5007694723696572,-0.07301360459717633,-0.5463413219190734,0.5035002172327998,0.6619217000791374,-0.0015999998945475332,0.28583273882832816,17.04,0
56790.60412355852,-2.2409453968927275,-0.434515975455906,-0.5427126309277179,0.29402177085638465,-0.09699898772689437,0.28583563436401693,-0.05525066280200116,-0.015112908754977351,0.01276504393398944,-1.765541575460101,0.325821983046287,-0.3202811110314479,-0.02272399959677108,-0.5925342665023265,0.5742092644886497,-0.9516805888890199,0.4341752522727522,0.669027960378705,-0.125979638213734,0.609406206568838,-0.6317789808184535,-0.35481048165849854,-1.384155291908776,-0.1106685337910133,-0.2750404915127266,0.7570479282804056,0.007383303531433806,0.007679407426594376,9.98,0
56805.64824479912,3.1947357795842444,0.039220934742137684,-0.21036726622490892,0.43571425622552373,0.9523922989813824,2.0499426675985197,1.6529118652870574,-0.40037444385369364,0.6655259813920631,-0.3057890787607628,1.0923219101819053,0.8966931385476954,0.3517035272047885,2.077112231714313,-0.05666091042894292,0.7324919907678675,-1.8941658320509431,1.4280422071373915,-0.584693124267774,0.8349368051779505,0.7200642926148163,-0.002175876809995623,0.4707980471289576,0.8198419215851944,0.6882871894021487,-0.31484647665553067,-0.37364007626796486,0.09210499408402896,24.39,0
57176.53151033896,-2.247485357803945,0.9102275636663323,1.1258875851004175,-1.551052750674093,-0.9461409149258038,-1.0352216293545644,-2.3826028728884974,1.0691575267777125,0.06828252264611977,-0.13825823701952084,0.9267706137717624,-0.624659993974059,-2.468572506418321,-0.24839153195855176,-0.22346228044433272,0.0195058013460183,0.3411003239692613,0.6473932127346586,-1.0927090405083992,1.09712209187836,0.9698265121907914,0.45399254465306893,-1.2577380956870978,-0.1507358480666644,-0.4524381621520071,-0.7779748102359381,-0.9557885805817184,-0.20262985842674733,33.54,0
57625.988874856186,0.5893157475847137,-1.9584104273524432,-2.9009027318748606,-1.2469693596752092,-0.3792564242013051,1.5707827819325912,0.028122451877312667,1.061630865329111,0.6273717546715931,0.5212701822769967,-1.0423398745060053,-0.14780720955243568,1.0550434811598697,0.1426617429392044,0.410645983688718,1.1835361394449972,0.26721975675933085,-0.3103141072846119,0.11069616648191165,2.7832030375348475,0.1150583300920469,0.10964362934125568,0.4099141889666878,-0.3594947938047377,0.006035907295225755,-0.5258825373104893,0.8167806195330712,0.12017709548424599,70.73,0
57754.67038204429,-1.479895291564504,1.8518727983160321,2.0054990461586457,2.546870223022286,-0.02043373323834184,2.0068587290993842,0.7694126693448233,-1.1395212756823416,-0.9017004460507193,-2.990929962521313,-1.1118601426455217,0.7828504694451767,-0.49250183241897993,-1.3205359372200354,0.2411603869683752,1.013599370921982,0.052476239758128256,-0.7883879605950888,-0.5811657869634332,0.03607730810041885,-0.6182778740858066,1.1610817898702939,-0.7920342759215653,-1.0675611609264668,0.803208525352518,-0.2163120687563094,-0.38562334436661055,0.04559669068571681,189.72,0
57869.01096782723,-0.12875057392885975,1.1895692041673782,0.11201459518900209,-1.0408826843981562,0.20619047700500628,-1.0860882413318782,0.2379716650585006,-0.21790937735902172,0.6268644638277157,0.18417743651654955,-0.7168567003258978,1.1736311484726567,-1.329711248602403,0.27853486602525945,-0.24018520732752635,1.2732218189552773,-0.13138178433208625,0.12059519081993351,-0.5114723157438686,1.0996861244310043,-0.32594362759614043,-0.1490731418900979,-0.24821019080836318,0.9197545020094068,-0.35269014166928453,-1.147678331640474,0.07059960498622385,-0.4997644186203757,49.44,0
57919.40177847851,0.6404668350658638,1.194224965017389,-0.623983532998745,2.345082589164922,0.13459327352696873,-1.9399633164574397,1.6131081894092665,0.34081430950874975,1.0947735774227945,-1.2622237542000119,1.0053961167370367,-0.539782689346673,0.9429939461992267,-1.9176153586738958,-1.4336732498166291,1.2959939228976356,-2.2326778915940357,0.7292098767332982,0.12230979591186283,0.7851376539464602,-0.4634904321668295,-0.367305252466828,0.31776075886424593,0.3464812662192214,0.5522156412512246,-0.23031607882678284,-0.06300121504975204,-0.3301489927770733,65.13,0
58162.526437683926,0.62596901418336,0.7298625206826841,-0.1341138252439604,-0.34406829832948654,0.602282590905501,0.4082486856074592,-0.09188117057121334,-0.3274496054991717,1.3443702551370957,0.3580745111711711,-1.6153210963231641,1.9680845715429414,-0.021644387633420567,0.6723888633207081,-0.43159921966897125,0.13128368807800014,-0.3839921496063643,-0.32356425303620856,-1.2513967816451208,0.772330371815829,-0.7175939379328221,0.45898462214729235,1.346136850240755,0.4842480993108564,1.0322915855881232,-0.09799168401374925,0.35771445680771596,-0.18580863617865545,0.41,0
58337.20069717568,0.8228513652243119,0.03449075760911138,-0.055579512990359,0.003318347557365613,1.1663025512582748,-0.7269132517493044,-0.2276266003329725,0.707141040480092,2.219644516375019,-1.1375624112781861,0.4084647905315649,0.3054499719943069,1.2180799975137055,0.7021647234744595,-1.0532281044909326,-1.0203716414041755,1.5542695962473658,-0.24280730243351165,-1.4211307566715439,1.3726355873652067,-0.07624965648821377,-0.9188020756776567,0.07112411344148506,0.5848065680666896,0.09181140267414756,-0.6262027668371785,0.046055538995715226,-0.2591053798882397,3.02,0
58402.85914269058,3.1561276335580777,1.1189792039424844,-2.6300875347209396,1.5155949830004385,0.5423010846015797,2.502031173798294,0.7292898667282364,0.34079059829459935,0.26661556955640325,-0.938778188490085,0.375388866684042,-1.064057545494438,0.4399037509814037,1.3173115899902466,-0.6141013119238767,-0.9264034448857408,0.009656081084511325,2.3572391418861125,0.5437591686125665,-0.31946034810311447,0.4197376468099815,0.6694321499840624,-1.214540291934121,-0.09887407435460194,-0.27218813778084444,-0.5034550123425842,0.06141089496269511,0.42831390044686485,7.79,0
58581.63565488709,0.8847440709521799,0.9844283038727374,2.274005373614254,1.8009348090112478,0.6265947752464144,0.05120418389719464,0.12202198517458303,2.2113961447026833,0.29952114072159436,-0.2992103208830964,1.196893993562477,0.36180920652399107,0.0004580303405548468,-0.988057993198136,0.0274566134258757,-1.8409954180064751,-0.26873465196142265,0.9008675426927019,-1.575282795740429,-0.3806875207099141,0.3577678454289521,-0.944969448088002,0.5839271469952096,0.05245145930356126,-0.4003182306113728,-0.10713748953279185,-1.0491983846879562,0.0017865920156910845,106.91,0
58888.12532739946,-0.4811886875570349,-0.5858390738965974,0.0643516524321557,-0.15681917278269739,-2.188858287750409,-1.0674369188563027,-0.48118955171961625,-1.843439911441452,-1.6840017557224825,-1.155149711944468,0.18831110169709483,-0.3976382758046166,-0.15075017025120988,0.15581015071782345,0.3256298234451065,-0.9539411357583114,0.0131381483050243,0.9605783204462288,-0.7981401965182793,0.2506612770328937,-0.007511392007061836,0.4621276426346097,-0.1422492511882648,0.9046174527153551,0.6828984118699307,0.171717742498327,-0.3317102372392937,-0.26721100483582727,59.29,0
58933.536930676266,1.8842996748587817,-0.9503448698503857,0.6749448543960942,-0.5496293960779913,0.06876484384499494,-1.52846839616367,0.6354490241515439,-0.14589482699686224,-0.5893499376615972,-0.5211438022351473,-1.3759868473029762,0.427465064075239,0.48466210505664176,0.5465410783411901,1.6279370358438758,0.06513618938486683,0.3068969089939458,-1.2201297196273215,-1.468590516376337,-0.13693802108454842,0.040328490434161854,-0.47157923973146704,0.04261556987313156,0.11010588489870476,0.6683456982615867,-0.43111105005337086,0.29693461768798357,-0.16864126556419984,19.09,0
59063.30383457938,2.3255530216324316,0.17102145336926333,1.44799414492119,-0.07909814642989313,0.6624440392786904,1.461318331588326,-0.8040530558397271,-1.0937158706171637,-0.2159204627085899,-1.3101860481216494,-0.981865582044745,-0.05415009558414072,-0.411538994766259,0.42878055891660993,-0.49524605640431024,-0.4905890641020284,0.5712514236888998,-0.5910016159361683,-0.3986033041239656,0.24968572403436037,-0.061237064843343875,0.3445847795364717,0.3414839548683551,0.3577081253408422,0.7583546627676446,0.14076495868075178,0.2610937295687306,-0.1733294693846702,79.96,0
59108.98952411908,-2.4065801640451765,2.5735404091112537,-1.5507490760474314,0.4785885526481191,1.0074021522920051,-0.7586899481885836,-0.7531191438331144,0.7301546514951816,1.1564784965978998,-2.0134404002558144,-1.2104610412979209,0.0641317832898138,-0.8505592997898535,-0.8381919805079056,0.706588926879288,-0.1550035523284418,-0.20056122455964642,0.0621631727311544,0.3459920404729796,1.209492578673111,-0.9520388857867166,0.6571308308538105,-1.3632232293434954,0.529490676426581,-0.014501800681692602,0.06564437359898935,-0.37884499328358695,-0.09923526871821534,70.04,0
59728.54122009697,1.166403120012039,-2.0551880416403634,0.7212623104822868,1.2620641742125036,-0.9581955220553324,0.06326089512231528,-0.6506590396110805,-1.9482132081137689,-0.6771967368299832,1.1204834640043169,-0.5491832386341505,-0.9314310174615006,0.6118523759461028,-2.3174617748051403,0.2772863485281542,0.43995824723870736,0.3678861074612039,-0.8365628715058306,0.08884320252381858,-0.36484437418305476,0.11586337674229791,0.11010714464371284,0.00380219895179194,0.39133687523172167,0.5437794425184496,0.022159354587207022,-0.6283854594523642,-0.3687787456723101,8.28,0
59733.50210952925,1.3695682828014113,-2.434398059347982,-0.405312322574171,0.006067890838170215,-0.9121268696749669,1.2820937160830566,1.666324332872446,0.4193116405243814,0.8761497285168156,-1.4230428485104445,-0.18464463085560198,0.9889258447454863,-0.142508461415259,0.33641952734348374,1.184171138773034,-0.26458711115937905,1.4562059551379873,1.3367271539517998,1.9454832834236466,-0.23103218054742497,-0.4291432752610807,-0.8716208694131097,-0.2511349524458835,-0.07668330527150503,-0.022845442438096837,-0.3156755577690224,0.05070954252436355,-0.2792829994456161,91.07,0
59845.817058483175,-0.5857481518943561,0.27545286481946646,1.288718353172534,0.8763519401617278,-0.794659721819019,-0.6425157945649391,-3.967766104407291,-0.757962305806013,-0.004596953714896885,-0.1948460650091413,-1.1934642810357075,-1.1783699331935502,0.03553850133537934,-0.14752916492978832,0.52485528679854,-0.9876863582642951,0.8733255177958213,1.1779325036798272,0.8826189561243164,0.13845836948002063,-0.9887739634327306,-0.6518848358702766,0.7481600683287599,-0.019456736465921984,-0.45784198005061166,-0.6450346223224238,-1.1577414541643538,0.2618507144226183,129.77,0
59950.737662052976,2.690164747090115,0.08640559506274316,-3.2320915251981703,2.3198111023833974,0.7411435573123843,-0.05669817136642037,0.48696850638304573,-0.8834999055750263,-0.1983555020716059,0.8291262480553522,1.513146278586128,-1.130541664443105,1.091300128440745,-0.5488375429338794,-0.9267557046291592,-0.0427917817639828,2.0332170801773395,-0.44594211693459046,-0.7610651120631912,-0.17212803087256112,0.2701636100150129,-0.5299046826709214,0.4451483312613176,0.47309869444544833,0.5888164533789334,0.8195281334240359,-0.4573359285625954,0.06284161833014813,30.07,0
60175.75865789011,-0.2969585397289593,0.2896983769266467,-0.1491023499831514,0.5399702039949519,1.4291234407275015,-0.017458626876593174,0.0419070609652646,-1.7424187782754732,0.27190860942865097,-0.6743811606229473,-1.357579313520479,0.3601008696784431,-0.11189869362446768,0.7404546609130825,-1.5813043187062599,-0.790201684419439,-0.5725910916100894,1.4900385833505967,-0.9776334996115755,-1.4724591638603446,-0.44973742228543845,-1.376172676052148,-0.996723911076806,0.4721047649021979,0.8545929146338566,0.3041734750640758,0.7015086037821074,-0.05277115508609675,103.57,0
60281.64551249724,0.24267127851630027,0.40692459639625467,-0.914822748713305,0.44134410972273036,-0.564201575226831,0.9179326392364648,-2.0707046615812494,-0.559042254243546,-0.43454407959344166,-0.9054543434852632,1.385256182462541,1.6077354152043324,0.017005666355389505,-0.04329004522343194,0.2821427382291408,-0.23516069895064354,1.4558048811803868,-0.003777093666869615,2.201893999377837,-0.44351196408185656,0.1654126858311599,0.8168543184754347,0.7731441137680772,0.7101689765646,-0.5295649191339475,0.48564711067631605,0.5759790966274115,0.00028310621027804073,19.84,0
60340.6208164709,-0.3420195126910217,-0.3686267174230837,0.6586200999770921,-2.1505271727852056,1.2549821731463784,0.7942013006120149,0.38119634149263165,1.309401640072973,-0.47635492613029523,0.2502358336446147,1.2200111673051632,-0.3669331225057365,-0.5976483345335829,-1.2779915218591977,-0.48704283417936906,1.1916166806662538,-0.6890135303571894,2.162919181624135,0.8627915276716133,0.534232106276834,0.6196460762491669,0.07868004965715193,0.2751280523569415,0.33559793005105887,-0.5393831774205928,-0.040929368263783704,0.19439609426526655,-0.01621365370806725,125.87,0
60578.72546130951,0.027319391125564196,2.475330988337709,0.7160518053825891,-3.7247376606227673,0.1700699804497113,-0.2894924053606057,0.5856964672318876,-0.028636248089579857,-1.884456776048724,1.2303766854945015,0.9254781172660336,0.6969938260930505,0.4326917673691917,-1.8712344313449094,-0.9009538152991676,-0.23491205695160755,0.3058477225708098,0.1206440582688693,0.47737679637600555,1.1129123333155926,-0.6977870152569988,-0.8251096656203148,-0.9478715119322639,0.3632194363071946,0.02346987814901564,-0.07979114294931552,0.12272093077446852,-0.07221574208418449,216.18,0
60635.30684889878,-2.1494581830840214,-2.6558276398559815,-1.0741384337915185,0.5499750270068814,-0.17258126289576595,0.08975023289868733,0.7259760935910946,0.7585783907565989,-0.2764853333611795,-1.2837390422054467,-0.7091736196271646,1.0730238166363795,0.3517836208011704,-1.0936675931624984,-1.1640905917878115,1.5702310911202562,0.6352920071279498,0.4811193485751345,0.058311427368366586,-0.8866714931295777,0.06602492279377689,1.0549845115806997,0.033946661888367646,-0.2697326706224676,0.501188788846207,0.23667115003132433,-0.7766423757990575,0.17642791457383153,51.93,0
61056.43818507772,-2.8224992047698954,-1.3735109624394775,-1.081051855868509,-0.13418150591880648,-0.2930354128780531,-0.49218966691393107,-3.266673327076171,2.008922748399084,-0.5325696760640194,-0.16348288545789402,0.35475925461073876,0.8118242683461402,0.902704456022753,2.3189291134476684,0.14447901263932061,1.2701893840844747,-0.445657081638104,1.1692370663163523,0.22012432305199794,-0.8902691504072088,-1.3281056467745302,-0.5100740746169253,0.6336190591236577,-0.35162015219200005,-0.5886013258110717,-0.8873577061135556,-0.2947909075982923,0.1511111855243564,24.98,0
61457.400023411494,3.1185259042952054,-0.1694950655686215,-0.1666916679674408,-0.7287951984893616,1.0318393867814577,-1.9701113150585672,1.6827314381599807,0.319766145848647,-0.5723186899667764,-1.9027787516594088,-1.3083876348392944,-0.32514130630583976,-0.5771286427883695,0.7005646073000488,1.3780997289462689,-0.5079653776055807,0.07491971996326946,1.0670941450803284,-1.2097756877235675,0.027317911560594602,1.1215179690278483,0.18059729655933532,-0.7437912479303679,0.47491362124597913,0.12099747638212556,-0.5393017535321623,-0.11730968109994333,-0.5387442491380144,45.36,0
61509.231089508794,-1.6613540889872445,-2.726027093505179,-1.3614643993492686,0.3448901339556142,0.44956454067520546,0.3489624786609753,-0.909007782753668,-0.6720520599230067,0.45731477922311914,-0.4306439064439474,0.9384197308689263,-1.1126492327772872,-0.45582258478267096,0.18298924362003258,-0.3773243418697052,-0.9782205388403693,0.7900410008031886,0.4264343030740937,0.12525153290256263,-1.597108321944227,-0.9973644498818577,-0.6000031065402535,0.8435507442689598,-0.34739307688264054,-0.30525286546037605,-0.38613352431245,-0.28632377742359766,-0.04565823030960053,25.63,0
61530.66546134065,-1.9441197455144585,-0.2900218606642995,1.2814414565289687,-0.08544596516582224,3.1466895877787113,2.5335567331886115,0.8453669575709324,0.565137731103547,0.7241550682342169,0.039155106085181496,-0.07281468149410675,-2.2401305628778374,0.7940719258467352,-0.175784778911764,0.5377175307673627,-0.042190935683685094,-0.6191072282079456,-0.11813182094402717,0.05536266551693713,-0.33925216685914067,-0.3787242403043564,-1.4656016551547941,-0.9266715048652708,-0.011455399424841991,0.368064469716621,-0.22023310748559932,-0.1392507848717634,-0.5161669428337039,0.11,0
61644.12082603868,-4.219068046595613,2.7602250679383724,-0.5597041685542714,1.596888261971012,-1.1792955574652892,-1.176386221838742,0.912504295394992,-0.6545641606829747,0.25347665051539253,-0.9378350260261428,-0.41711922731336165,-0.27629783256188173,0.25417338608948303,-0.23947541118735297,-0.09665326030597107,1.0240981162735758,1.449887351066251,0.4292751505157095,-0.7390586231319638,-1.335178771065018,0.9792480033104342,-0.9912091808385458,-0.4848202631789172,0.838108556360799,-0.4134315064650216,-0.4257324761701829,0.5178770614604391,0.21698966623325047,93.6,0
61887.65237433057,-1.2541344258553642,0.03659887555213379,-4.417415150479394,0.12200214578271243,0.7158184205223868,-1.0284522680375678,-1.0801710350844118,-0.6064856504256038,1.0958780538770294,-0.5007619929261509,-1.2533270222903192,1.1788011684240984,-0.9042022682460434,1.1311818857702156,-1.1840636350385685,-0.429166857117837,-1.2054008922481347,-0.6820551016247755,-0.4412739937055992,1.0600829866026533,-0.17333071720856402,-0.3266224183202452,-0.5777004829390825,0.7419353891035081,0.40507336301380015,0.16036823752499713,-0.21557381227246672,0.262213508608898,3.87,0
61940.010166621956,-2.593513883672196,0.3849237130436679,-0.5682393779220866,-1.0574800659864914,-0.7325650361611843,-1.1590235471049066,0.8132089066868279,-1.8309163045342465,0.6324668991504493,-1.5463475927898815,-2.540622257946038,-1.146094219317417,1.3084639599304,-0.4751252806648607,0.6701186211547284,0.8072493363781682,1.68490709252086,0.12686568140372284,1.2314295545261735,-0.5894626405719461,-0.878898116602853,0.6505672621422812,0.8431565431180403,0.18428011073569814,-0.07987856603823772,0.03886566383070518,-0.13554412320688514,-0.20972914502159826,21.03,0
62003.03701266824,3.2115407254829957,-2.090147108656064,-1.5771706922237545,1.4020423745464317,-1.2028921895467806,0.9730854206762058,-0.47513493017431213,1.1185958006006957,-0.3284739349258914,0.08628159281528705,-1.063169439030641,0.6962238521721611,-1.6963967718416906,0.5592379750181259,-1.0057255270192718,1.0728305515982475,0.8690437596501384,-0.9269267296982115,-0.1046067015606953,1.2789840228054767,0.5210409547450192,0.2502235577617534,-0.30094401269870225,-0.17863310446200295,-0.48604447225655023,0.6727798317025527,0.29490213873421156,-0.04059000225829822,114.13,0
62117.19500156394,1.9738292844852983,-1.0213325700532139,-2.4781896170113047,-0.3073541734551577,-0.015727203240633834,0.6040754812887988,-2.5517079505752727,-0.46369739153333067,-0.5136825369808098,1.1619637206275553,1.1457108116706325,-0.9703693896950555,0.7862196560143546,-0.3373726673405425,0.016833999846982875,-0.6801448955816826,-0.07957302941196252,-1.4879514284692488,1.684277277158488,0.8629607042545937,0.5045237157209937,0.10051794926869531,-0.7124153039935261,-0.07377585247385261,0.03583227645607481,1.1952635870249886,-0.5652199313337761,-0.7235152515111863,97.57,0
62238.061310734935,-1.3504353996963079,-0.6209608028528165,-1.8794948183053628,0.7455953235749269,0.18925540396861867,-0.2071974039751218,1.4380491078558029,0.22130559304093095,0.34246914764580083,-1.2044091427988786,-0.41045894114628034,0.0962434028677666,-1.2631789864674898,1.8801373848831275,-0.31581247429406195,-0.5935118673253186,-0.35166154222976437,0.041900950046303835,-1.420405693781622,-0.49457034476069417,-0.4654599944164836,-1.4596283704954123,0.2724856424718466,0.5277362384974459,-1.007922426390254,-0.6109420778261512,-0.3344453712492489,0.33244219558997024,6.78,0
62373.40160006111,4.406616527353903,-0.5255328575120278,0.16784518316115593,-0.6758807145511401,4.035034849045144,-1.2222273005307118,-0.9549619086121025,-1.2474035222149806,0.6304858791322153,-0.6828753127446624,-0.1707088954758799,0.7038801834174192,1.8876706701670904,0.7194703824386146,0.8150920081164822,0.6344438433626826,-0.44239756876465225,1.0542663845412037,-0.4279195327124496,-0.8229087926009683,-0.38613026036010345,0.9203267436268461,0.4047651693617617,-0.021044176993336154,-0.28891479226482947,0.0707001541432,-0.2936177953783486,0.24235832778328478,96.07,0
62618.766616161265,1.9189101210582276,2.129653725498319,2.0212147276099244,-0.9200025380061695,-0.2553656274635536,0.12814420296485218,-1.0528219138433668,0.5273913775238026,1.5400573834817592,0.5539503214477459,0.6762372153179913,-0.6768537631674126,-1.5425532979920324,1.20710913465576,-0.9722535433998212,0.13854923685213372,-0.11962872582921134,0.7731807961066868,-1.2628841967239735,-0.1453045556292258,-0.32053433067368736,0.16108466873244182,0.4086576069336318,-0.3377409332244685,0.1785572131073627,0.0698400571969157,0.022429123329252187,0.3931433889275487,237.52,0
62737.71615931296,-0.6391329513597208,0.9277786512459056,0.4776074971847721,0.11925158982749208,-1.5636964532464297,-2.0863978641334446,-0.4967798622792432,-0.9169956373540353,1.3119449063727329,1.3338727742517857,1.857113491312094,0.16128898267287456,1.154167933386604,-0.5660258147175006,0.35506468560432086,-0.602363497400039,-0.04372578289864843,-0.06865346287428864,-0.9877065615272309,-0.07672819937320109,-0.1531802528892663,-0.08785679760899205,-0.1663940714620308,0.7390247340240844,-0.9212488181513152,-0.007367450724632239,-0.13714679231881638,0.5083378607047035,6.89,0
62832.286254322964,-4.896494138576097,-1.8432704857394797,-0.9204209138977325,0.018242797927487793,0.37686605902275827,0.1963710879920925,0.3350182906209673,-0.16913344664122484,-0.6004553893878396,-1.6397379131026384,1.3635930913207037,-0.430046015324351,-0.07965798992424732,1.0255089901020908,-0.7722393863602048,-0.3071324875433486,1.089797649108361,1.4591886302403059,-0.6772124662681778,0.27101178527845105,-1.3885946301939878,0.8204424489012009,0.1556981513022279,0.11133147048363053,-1.3380815650601472,-0.5248878671819163,-0.124549308412398,-0.419716978332969,47.84,0
62942.917830219056,4.482004714345533,0.4111606202220419,0.6945574357821624,0.6794597406890064,-2.8698538026043785,1.1694575705379273,-0.07084928623994924,1.0601982533911598,-0.1153959643518631,-0.1839683398964572,-0.9951927983995497,0.7012112354561667,-0.3646125531276721,-0.30263552021596296,-0.47115391402559,-0.05807665312392397,1.7100887250945718,-0.4756117884874121,0.2541599359251668,-0.5950260468704778,-0.13442122375834753,0.9039365147498032,-0.3984627971862269,-0.3492568733096978,-1.2172268019308212,-0.44386011417060023,-0.2645878332317197,0.3034275769160478,116.4,0
63304.39562640357,-2.7236730367009976,0.8290502665518501,-0.6963365482105328,-0.3802931358398126,-0.12787138068135392,-1.6675150333983062,0.6747697629427872,0.95521519383005,0.7378258968790137,0.31277161832529615,-1.9913789556711745,0.22675908031258737,0.18736023891117995,0.10685203746295688,-3.332857469889222,-1.3794273432387425,0.1717902427868276,-1.6023586172487154,0.2146710446858458,0.5797611080292903,1.3057229369588326,0.8365262789867773,1.0255976721807836,0.2918022953559932,0.6946443755760825,0.11570310957553585,-0.4263238311107342,0.5058591835164356,98.11,0
63538.34904224564,-3.2245273235633087,1.8947502395363751,-1.0543381779751573,-2.5999990202619845,0.021464083316310306,-2.043491784565432,-1.6502114409996433,-0.024827667131858952,1.175990758889993,-0.11062137168267508,2.4258750775046267,0.04619104360477003,0.6338425393287683,1.5845039205125806,1.9134078515050965,0.6812918293556307,-0.736794117642705,-1.8231253624441772,-0.5559235977427619,0.2086684840741695,-0.6580204068198984,-0.1804895837101172,0.7006126268244395,0.5905910298626259,-0.03740395326403964,-0.45746855705619444,0.24295700471260323,-0.5123181458538041,22.87,0
63549.983068825204,1.9987976588906475,2.625869440604324,-1.7532282937912484,-0.6126800185875989,1.098206540694723,2.115568168487283,-0.9147349684879489,-2.1302362916308057,1.0335763420710997,-2.720901268435386,2.3328285742342714,1.5628035389790393,-0.9023847314270136,-1.010156055091669,0.501339662873645,-0.4189992311671301,-0.4760434183508214,-0.986977239268695,-1.8171561563643766,-0.25858348045870433,-0.4290465552665762,-0.7293042063954108,0.6630986393490655,-0.6104990271282932,-0.2750291750932466,0.07648465665609068,-0.13429515288772512,-0.059232990524699915,15.85,0
63745.325608540115,4.773343208201227,-1.6832915232161605,-2.661443646790694,1.1240361208396104,1.345787595213475,-0.8129184192786689,-0.14318534572089447,3.610398264868603,-0.0733118619325072,0.552349643703445,0.19664305432883597,0.6579473744094547,-0.81377619777405,0.19717011471905302,-0.7058745041421303,-2.457193718759379,-0.16074957053162914,0.6819732601355614,1.2008999101408657,-0.545269025968012,-0.8688005052968921,0.7163228842316265,0.4861864890075343,-0.1205565985568344,0.495466533424682,-0.1193918063833049,0.24689150499706916,-0.1250339421362011,136.56,0
63960.46213453875,2.706935191557007,-1.3442266035610848,-0.5911955748422857,-0.42097203026605934,-0.6971177083379123,1.5228536220818323,2.3373993749747806,2.106852529323029,-1.3869288601038239,1.671593348373072,-1.3013206524018468,-0.7080136570296333,0.6515462174453743,0.4246369868182172,-1.0331725371257277,-0.016828108129684605,-0.8972024109139112,-0.5305312507969232,-0.23540416407453002,-0.1386236824485669,0.44709600301432334,-0.9916545973664824,0.3181298814840593,-0.14861560959417563,-0.20827618873218703,0.06797035186555261,-0.4425768865405295,0.2922722607981083,278.63,0
64014.615585528474,1.1008348532784826,-2.085852438571045,0.24179105126211559,-0.3487721632000234,-0.20899230543427738,-0.20112975894151414,-0.1404945648956892,0.8731204753015446,-1.1053785286848874,0.1297908873748529,0.9921386031297065,-0.09758071727154775,-1.7052887312504215,0.504089535504475,-0.4569956362676563,-0.6514474239761312,-1.0265936047969968,0.3848542003759302,-0.9118520135122957,-0.6261579843681085,0.8801900561107446,1.4116620215910622,-0.7623610933784816,0.27562521770953646,0.14260931694656856,-0.46131162728437697,-0.26474247568528597,-0.820235917711464,129.93,0
64043.99787598221,1.1612233382393684,-0.38658563733956813,-0.14534671571616975,1.3966765408577182,-1.0602169606010337,-0.21176431462435585,1.336406225105607,-0.90646021197854,0.29811102578328263,-1.131821196907737,-0.10772294411817301,-0.08751759735563022,-0.5822286547313213,-0.4365504142967398,0.6536928977230958,1.4976037182222965,1.8217898935473156,1.375059821267241,0.22127210184780563,0.04907502936492808,0.8634245915225202,0.019104844428762983,0.3876890995072348,0.3847071442311775,0.01605151590240217,0.07561325146238956,-0.0878347319357664,0.6211202034549174,294.05,0
64281.74908030659,1.667627837961585,0.7761520685901058,-0.630784184105913,-1.0079947341739544,-1.5607698568011525,0.5906134694800969,0.047183046081089905,-0.13523114129657138,0.37492295501608375,-0.5624653396658195,-0.11285404611135659,0.07023712533126208,3.0425138017953453,2.0217073245230934,-1.7361457074116566,-0.5133943569391699,0.26154687867940696,-0.9192323335673271,0.16386285638045797,0.069902691708063,-0.915985820563916,-0.7709575595003392,0.0697847524459681,-0.3336085187888933,-0.2429781305377734,-0.42634003957733574,-0.05065877874102714,-0.03914454026956632,82.71,0
64504.86337861107,1.4826421381449553,1.64105416768291,-1.4361077180130473,-2.1843561011763644,0.42787544193307514,-1.1767600561028342,-0.5960493118318997,-0.6535082416993168,-1.2154694137589417,1.9470241562670851,0.9215316042548798,2.538464769065195,-0.9659941473970005,-1.2544818739792156,-0.13266902088263974,-0.966300627230895,-0.7259300103213358,0.39950780984032697,-0.26546811103389634,0.20587543838137531,0.3647543006818228,-0.8950187915272645,0.7735962738311116,-0.9049176461435866,0.15600206862168817,0.07717281536346053,0.3008131936449382,0.313031211182789,235.65,0
64670.99934029154,0.5473328051385933,-0.12416658100416221,0.9261343088813996,-0.2273566221925177,-1.7620231280738976,0.18176415763941606,-0.3042076353187758,1.5256642922099457,0.046386516898272036,1.0017772411066905,0.34646711250254075,0.3636267516215329,1.1497202862737703,1.4138125533769133,1.6189501687042749,0.4534139490524901,0.7084364078985805,0.45001813656316103,0.11832179604496479,1.3664665793948911,1.0491325383525307,-0.9282036982306583,0.4943345948383849,0.6273603254619976,0.40583374324446486,0.646934146777177,-0.17122776268154463,-0.02123848615345455,104.41,0
64717.53621587346,0.20082282013268185,-0.5290730199218132,-2.000655761009774,-0.6854567051698119,-0.5741130026558214,-0.5051674041661504,-0.20775648065686522,0.3182556760934667,0.6939040574717835,0.7050670350410261,-1.2143825864305506,-2.0667974855492823,-0.5839502478050493,1.1775648638457628,-1.041682867075156,-0.5797144334670551,-1.0260760399229638,-0.7192748086581678,-0.9434047689361799,-0.09817151614565965,0.3719877667944304,0.10063243024472428,0.33690096209252984,-0.6786427487778409,-0.0937968402388432,0.1256502371120755,0.2977748957452099,0.1678755070273671,213.31,0
64730.06290653721,-0.12572535929422748,0.25386609630170076,1.1811812917862978,-1.368016695254474,-1.3769895225471682,-1.7601253275863284,0.7432284886914907,-0.9437911648446486,-1.2734682424973445,0.3933220181070369,-0.33027875881248164,-0.5590096201086565,0.5109932282862918,1.8420890490002138,0.07065731340771343,-0.6849468059828048,-0.9544905349494923,1.1310661039561367,0.6162811545422617,0.7789376521593958,0.34908614109670566,-0.00584889233924224,-1.0317723478266532,0.16570460414564392,-0.2375322519974416,0.15508162476394144,0.14965501187790223,-0.7954060586725601,15.69,0
64774.63717705987,-1.479285907405314,-1.3845441602631683,-1.5219498904082565,-0.24823718375610743,0.7594945218280721,0.4557219424835741,1.6928586381296997,-0.5658900470219583,1.2168287066374004,-0.7251559418884842,0.6819855289153394,-1.9622488088535965,0.6562968154200675,-1.538668479530531,2.0152785083918383,0.4548010677377554,-0.6997675710311596,-0.24057185852907303,-0.8145840944974866,0.1810983128268102,-0.34708529413798545,-0.8979599797859981,-0.054713490571412976,-0.0789968374733612,-0.17597938712682676,0.39451765837908986,-0.04228688732110743,-0.1323882498618017,150.52,0
64897.729552561206,-0.5526841492395231,3.4708860035591305,-1.1422536460533714,0.6959953351967573,2.490617243282365,-0.3472203232375116,0.44272683516808214,1.3536387243341494,-0.41950530015053966,-0.21890760265653625,0.5270487282952317,-0.34391410144667045,1.1308751322013166,-0.8416144964820428,0.5760812546049956,-0.9157432708800265,1.4369584486037776,-0.3208074360132118,-0.49587945991997107,-0.17978480365556965,0.15981130734244603,-0.25984475823472675,-0.34190496738266346,0.09970457615770202,-1.1956104643750989,-0.6789576898695904,-0.37870395319471084,0.2896357643536215,19.51,0
65014.646303058,-3.3176360606066178,-2.667045400288745,-2.228145470108977,-0.01307266482852581,-1.8007495268441123,-0.20517549504756116,1.4618657553355616,1.9310970985485527,1.3852778325594568,-0.08409395855535685,0.27217359840114913,-2.0177272527436396,-0.19827177624909556,1.4458435813205766,0.11237131152507171,-1.2843001244084782,-0.22142798122150328,1.7637906068491194,0.5257832475920692,-0.08792318427633904,0.9044600576750305,-0.99374492579898,0.1543700422313935,1.0033271172221654,0.15022116783191222,0.8303895062178961,0.30181176843646346,0.0982393148461207,2.48,0
65049.858089591944,-0.19570951885150947,0.3086223626964667,-0.7606552722298134,0.43472939254764537,-2.5633588515568366,-1.612668404229403,-1.188678400443835,1.84456295457574,-0.5916027315112748,0.6056429902001239,0.9615378766213758,-0.8910346942679128,1.9907618553452755,-1.8185111570584789,0.4611080478878687,1.5304760568370988,-2.1245073170157385,0.43648792266867864,0.9779486297812049,-0.04138270641190567,0.23902330407145214,0.4263694332623207,-0.25472070238000255,1.8451969973113567,-0.6278619145771297,-0.5107564299838867,-0.36875966395625687,-0.5610252471345697,64.91,0
65132.98184918863,-1.9386354996577215,3.361427709469132,1.4841160882272912,2.5676592387012422,-0.17341257474552818,2.1315557507214917,-0.5110245089488186,0.91454765013738,-1.1359402557501181,1.6601426094995735,-0.36824277180944176,-1.5465497799209063,-0.5873358815366354,-1.5563340730412207,-0.3701730388006248,0.5166955297882138,1.0505329368040857,0.7727513300864712,1.2889304813659896,0.21980716255632166,-0.9161793947720065,-0.04082209634775165,-0.16921557440683904,-0.9903072900355746,0.3309844122564413,0.4247069619283778,-0.008195954144986296,0.02041535588398877,34.11,0
65191.68511117396,-2.1637779144594975,0.013212837784076044,0.7853444332614656,-0.485398827308441,0.02101118102930199,1.1763936227878995,-0.8924603589788049,-0.30287360143551784,-0.508473635361741,1.2308211024832836,0.1865975482887632,0.37706592023730107,0.2361816579595134,-0.47290838045641426,1.1874995676309836,-0.2293448649253998,-0.2679447772322315,1.1316358435599374,0.8572744176580872,-0.7360197102072936,-0.33565339254016197,-0.2757686592450109,0.28095210722607294,0.5982918669727393,-0.0445295272743734,0.3605376573561968,-0.02120732499142976,-0.28093023016596713,3.96,0
65607.81059203838,0.34901395650830785,-0.31357057194288274,1.4888431094165964,0.3941890963129124,0.3016999363068201,1.293257499974367,0.38700746546678577,-3.906807583612911,-0.10782630431672473,-1.5586118740777004,-3.4627157188483353,-0.010327701292062626,0.24723764710041943,0.18626567569508387,-0.3687666769256829,0.0012048692911655052,-1.6095319480084802,-0.5436228742445782,-0.26660489856648856,-1.1263608035237258,0.8846469061906649,-0.9358264779543143,-0.26488181426055935,-0.09372563960135782,0.05743628399374299,-0.4365943749851154,-0.08222229020825314,-0.31060607842455634,349.7,0
65814.89289898747,2.7220678710336377,-0.5914914295506231,0.795247137243201,-0.7209096816929684,-0.6179441764326254,-0.403535343563879,-0.44245085017369506,0.3600444548012311,-0.4315899428418105,0.24777022431776036,-0.45852790000973515,0.29506949083709777,-1.119941930116759,1.5430112267373859,-1.7976069676566597,0.4515850649544935,-0.27690197651160975,1.0438601333050643,-1.2577973653150407,0.5087175560428517,0.2364837751499343,-0.2189949811331769,0.07427204352708507,0.6371053836639411,0.36780378477472536,0.4871719278926079,-0.1548183414946264,-0.5212596996589767,97.77,0
66203.27257328716,1.7946904982106962,-0.2975544526003405,-1.6761695078001302,-1.1982708194021308,-0.27817554465004757,-2.306329649387241,0.8985845785672091,-0.000469384877444916,-0.24121758962507908,0.81139884102953,0.7874837306577452,-0.1164519913926154,-0.28388610430018973,-0.1792778097676574,-0.36141393559806423,0.8649434784799964,0.45142676252306513,-0.4195010774356402,1.1417381630586982,0.6968040953634785,0.08576637648711383,-0.30212529473853234,-0.9308260958275529,0.5821208248437064,-0.4805084310206109,0.24012881512742995,-0.32722344331283687,0.21121226331245482,206.66,0
66333.33192351995,-3.0778924425089658,2.281067797113217,-0.5013045480674027,-0.8280842425393222,0.507555868685479,2.614715170993759,-1.1470602904427407,0.17052290269364007,0.3658055427896881,0.6818013144669226,-0.3976872787491575,-1.4188826570681647,0.16347822540402798,-0.5891151405011404,-0.8885151120154028,-0.6641840458232899,0.3497402710626153,-0.45519658444670746,1.1137528976167972,0.579175587678674,-0.4074458662153459,0.22932243897541177,-0.5100391089564512,0.8567550400820516,0.19516382515300643,0.9130752293497201,-0.6438858744119363,0.3804513378429993,622.76,0
66541.80672058387,-1.9406657861080676,-3.6701136231038394,-1.184457866734369,-0.6777891395213895,1.4381816399389238,-0.07697077260444386,0.05269607976876221,0.06672387977265373,-0.19174545132956042,-0.6900881779878847,-0.47554848305145625,0.5076993435928383,-0.4301278888544226,0.3019538450712473,-0.2605528613222449,0.3280409669317301,1.5620740279933871,-0.22745035556379586,-0.5499663425844216,0.12354036973264886,0.8694929243172129,0.11997257449778924,0.40161854907181366,0.17406881920552292,0.14217086241668503,0.09297122273912253,0.5595405814073412,0.7252651170638882,44.3,0
66715.44699087138,1.8386518677730534,2.5476644574046077,2.0241547391249406,0.5090559900078955,-2.7044632129892534,-0.9960695294030115,0.8457243648978287,-1.597440907743343,-0.07577824873117069,3.204710320345432,-1.0661594226640283,1.9302567466510798,2.4427795346822827,0.45524711110604993,-0.24029991410193113,-0.4437685512171259,-0.7430014591659518,-0.5198902097716593,0.7476376764585869,0.595829079764214,1.2166899996229819,0.573484953513038,-0.7536818854639643,-0.538820196136254,-0.09373125076928385,-0.05297214956309188,-0.19561474359515263,-0.5052894042373263,26.18,0
66824.77395796246,-1.9266857065154976,-2.3620681586088006,-1.8177205256970255,3.326104710476972,-0.5109288222609949,0.561730683310647,-2.544225855401466,0.6738461870460281,-1.8893579507048284,-1.4021977123212321,1.0333515569399114,0.4023647044104368,-0.8366110526317856,0.4277710975117323,1.093875897324855,-0.16282522126726495,0.03905991645401636,0.6865943650016502,-0.2732067703236493,0.5543314122353988,0.9241503251687366,-0.352805451694717,0.7627925587769537,0.564146829878706,-0.48137529697796,-0.24933075590788403,-0.05075640698069926,0.2621127154643711,18.09,0
67072.65788907734,-0.4429657915495701,-0.4407606554041496,1.3600525111653585,-1.0137576901277423,0.2949918447111127,1.5645155632909427,2.6129941379077914,0.7640476706592529,0.42952793465418,-1.1890695154270945,0.5662817985581187,-0.4409858201023612,1.181340448348234,-0.17222418215464444,0.6339191567336849,0.14637062081858088,-0.6098026865021694,0.2229995299002504,1.220108656950618,0.611569191246673,1.0556114034832047,-1.351071266633697,0.5966082756825762,0.0727278346346088,0.31300484570631515,-0.8432090388802137,-0.053192663492608414,0.2846405951804773,64.47,0
67160.32624002498,1.0737057077517809,-0.7106890254039003,1.3589218226682025,-0.5898154572868228,-1.270227556568185,-0.026121870660271506,-0.34907684636176745,0.8244841968813402,-0.10126473000310779,0.2583225483308657,0.8506406539696072,-1.4529841960715155,0.8583912595632932,-1.8941342815511966,0.23817770831065077,-0.0016259042867116345,-1.3424232401153284,-0.4105877417748462,-0.42200189594506315,-0.659049942670436,-0.26432873897686593,0.7178973436760613,-0.16448969934708954,-0.14082226689969732,0.3694334912616353,-0.1543295058243631,0.4367573011214854,-0.1993640661011447,82.95,0
67250.93647183351,-1.8989967941070882,0.9790147582898658,2.782759406355401,-0.08929616385563134,2.393449444866427,1.7134718541516334,-2.494632422705497,1.1430966042857775,1.774546652425626,2.3283213125409534,-1.7692355230961885,-0.9278699303948862,-0.01188900990941152,-0.88888394096115,-0.005674246353130031,0.6546972425776423,0.7683623261912478,0.5632482130376678,1.6089214107670236,-0.8421876245430597,-0.3679887204939577,-0.6803687677000517,1.836493002981557,-0.2879354414539147,0.06185861122945823,-0.1338683927126598,0.7704428998150147,-0.3147690389961457,56.94,0
67267.16774154121,0.20312205371010383,-2.6512130237914318,-0.6212373720107411,0.560485325230562,-0.8794482334698907,1.4520899257275244,0.1944238468991028,0.7300873564490218,-1.0398478234722321,-0.917577229100505,-0.16159260274764808,0.4466228097458415,-0.8631951597576136,1.3763974599867672,-0.9729011777706584,0.4349809836810401,0.4012295520950721,-0.23010894750725194,0.6376268522614187,-0.29574474120242694,-0.11604427056095742,-0.8043576178692264,0.7611869164748828,0.6119054209072012,-0.5554809020192208,0.12616954895761343,0.06396315311260327,-0.3723438481649644,43.61,0
67776.63304087294,-2.6149236973056715,0.7692031362730467,1.0843414202585213,0.373237051830845,-0.05780468737405012,-1.4338747465980066,0.040886752634731884,-0.49266840103075177,-1.9987048363713247,-0.290637488135992,-0.284454101916725,1.072799481786859,-0.7662460692401304,0.18149377174285147,-2.0009554427171166,-1.3293040073504476,0.24508374402935823,-0.27429087223125465,1.461413513008341,-0.009414316328462225,0.0267864330600791,-0.03249492151585734,-0.5816257298313029,0.9742757259307306,-0.2724134252071752,-0.6884052569159002,-0.06226605918902044,-0.18116644456292927,16.41,0
67811.37500177202,-1.1805330429018952,3.362595470516868,3.469898047894652,1.8182134045541054,0.7682610160547655,-0.8958207526287949,-0.10117964765854359,-0.08367776125710615,0.67938333273923,1.1857055387837916,-0.2849271229344125,0.2525593540647377,-0.5159700339159852,-0.3122713704465736,0.10067952952451907,-1.1963620559872912,0.36951249590995533,0.04044497029902482,-0.3804084350494529,-0.18262108891016196,1.047131885352956,0.21810787848846017,0.4568225679035124,-0.7244112737304724,-0.02883856764041299,-0.11603831583381465,-0.4472896855114591,0.06875730949474024,51.92,0
67924.14204061887,0.622884943245075,-2.2611586007256865,-0.9373523584895029,-3.4354180529959595,-0.8184247569480789,1.2844117272473428,1.2205841650913145,0.11161197268781776,0.3796706488661857,-0.018076115730359003,-0.6293552932329246,0.7968815948434174,-1.78368330518966,1.0836770520999566,0.7249233958034343,-0.32263872969598145,-0.5975465247376567,0.3869441011332877,0.32723522294648816,-1.4436741696716437,0.8528498896891201,-0.3863702617440077,0.04013891270137796,0.37860359671872823,0.3616326964011355,0.2780445496491103,-0.5748261493258773,0.46505089953999657,7.93,0
68519.4204428569,-3.1219292808318584,0.3168660187013011,-2.3319007904778792,-3.3795440373247625,-2.5544450375711607,-3.620661456635432,0.9203519547189021,0.13159722461591125,-1.1158604071535205,-0.36623464946093104,-0.35221246730117367,0.7037656983253285,-1.0014449108512817,-1.094785141300867,-0.10221118372191491,1.6212231870854599,-0.8759642980684058,0.3254489572539772,-0.7921142555504418,1.3321010804079738,0.3930961939586418,-0.3920705468456862,-0.4759299187427222,-0.22491166089689413,-0.8230790227919852,0.3260241094123157,-0.7064480952497333,0.3778232456045776,178.34,0
68630.13644983205,0.8591761801732514,-1.0970702024194188,-2.856293448250662,-0.702028558959402,-0.5935127251089739,-0.19505951470711705,0.3665994816562611,1.205363722518395,-1.6912605279329518,0.6232943878530994,0.8755189160893123,0.5006436507004759,-1.4804330614208905,-0.21811523083573078,-0.49290834643404763,-0.7487320176543406,0.031171599998753467,-0.303678816346202,0.6847598576641245,-0.20740205235075113,-1.0502121438029204,-0.28492812982146204,-0.6555101720620695,-0.8894532778763107,-0.29137021443909294,-0.8995035340733603,-0.3167730397100063,-0.5536901948536557,4.28,0
68648.06551050697,-0.04162781996647491,0.7089635823169209,1.0849340651700783,1.5537319374856255,1.4229823840738722,-1.9075892784486244,0.5541683738722049,0.7778567598082686,1.6940877441805187,0.3011061253910562,-1.9608648468776166,-0.6758218720567583,1.3477830123634915,0.13371463217153715,0.42251259990812345,-0.1798392946596412,1.0080562809024376,0.7074412750403745,0.7295989371975182,0.1372190560545403,-1.2384136276029334,1.026589652341269,0.6091606325934309,0.0907592818460982,-0.2073495193853125,0.3409590971962419,-0.8326891713902747,-0.2706935901758439,42.66,0
68746.2646703118,1.078478518126108,0.03371234281413983,-2.861066864166646,-2.2167017749819395,-0.466612645845515,-0.6322188348089767,-0.12884957222930127,2.5065489251540707,1.5580110001562408,1.1342032297845082,1.8279804677086737,0.1647616339197298,0.620405236078702,-0.4274355689888592,-0.07930938217344904,-0.4699790617712187,1.3965844620113836,-0.18601026637961424,1.9496782952374199,0.9640347918156629,0.1747253523865274,-0.003153953304793053,-0.3664371534785474,-0.504564670819408,-0.040773817928417735,-0.11969349822462727,0.4300745912391036,0.44434703754578403,9.4,0
68800.36490296628,0.4351958653099097,-1.0630448420786813,-0.5644345323789518,-4.258388582471449,-1.1712877152264956,-0.3946816956150534,2.186638610011598,2.6622455500457654,-2.7483262139812545,1.4211242704046338,0.4999312214907986,-0.8675937368247784,0.7879089207162872,0.09786798869691993,1.5411830095890173,-0.4856286573500295,0.6900293641279542,-0.5473908810629461,0.3899586217541266,-1.8049045985859271,0.6435530399607734,-0.7035364835057848,-0.06259980019460475,-0.9565097220557629,-0.6759463213971924,-0.089935101810731,0.16883827544223878,-0.2509214007946406,132.81,0
68858.43006599095,2.667520190503354,0.8118685338576316,0.666297024146372,0.8088043731902232,1.2794743471051482,-0.4741009312110259,-1.8222939060771433,0.09777533677768323,-0.508568600979293,0.33901168484936856,-0.04031518570182731,0.006727993556012897,0.5907762141818911,-0.18163042151673106,1.1262157751657802,0.1618862711085212,0.023804783028968664,-1.2265920633565228,0.5871075243701214,-0.39072248330539733,-0.05978343178821434,-0.6961505471417957,-0.5643206964397501,-0.4733690260658615,-0.11080954655330269,-1.1434659748931195,-0.09996862337939516,-0.02010075488561845,33.39,0
68944.47520712754,0.24198223250175824,2.9974248621980317,0.28301959597814885,0.34506997923507476,-0.4581485782109487,-0.7334001526732261,0.1717077958880445,-4.624415869299555,1.834037513555866,0.3222267230987389,0.9342379059189627,0.3232451153366124,0.16893208831141746,-1.3556504320896432,0.8759431498326049,1.2429028772290063,0.2330031294287018,0.8211101915449107,-0.3861367724312371,-0.29462469609905023,1.401708930080449,-0.1832450719103676,-0.4584407861289127,-0.6226992589729553,-0.15927814834838358,0.7214594185503554,0.4422469431145672,-0.5844599474560934,10.69,0
69248.65081476932,-0.8438672542535834,-0.315006203724938,0.648255846017354,-1.5435330003428434,-0.7062331028813204,-1.46162331389708,0.07978657841259112,1.4930800062205951,-0.5282589004446642,0.23690586925764417,-1.4875175705387178,1.6844218202960406,1.462582843490551,0.17607635208719294,0.6911161177422418,0.4074650620864581,0.008519328391649358,0.010125571639207364,0.43828962469967664,-0.2554322453283841,-0.794661139316871,0.17137198535811662,-0.07794441645951798,-0.3913981039915259,-0.5384241947894678,0.08495683180233674,-0.42645363270654535,0.3941527574967215,67.51,0
69263.91800542286,0.23625178016503315,1.1968350908742187,0.33943751179358933,-1.3953338005821443,0.20599427866369868,3.067772930258965,1.0014441842838482,-0.6498377466088177,-0.5443180402430994,0.5392039622006779,-0.6793305059602536,-1.3334851998683064,-0.6087609466255438,-1.286863887937058,-1.1847830012326575,-0.7062346722854694,-0.893569175969343,0.17593521407596444,-0.31206847725371784,-0.1298310175295571,-0.8869250909450064,0.34995111281464725,0.2375562055151883,-0.8036375023758601,-0.05889190323494826,-0.7407831151637893,-0.3263885660456605,-0.6554884228077463,220.85,0
69718.61141857252,1.0604826530101648,-2.1451119007949075,1.9455511379181734,-1.3729686182111658,1.0652225752237574,2.5005059654231894,-1.03971669627413,-0.9646753014670324,-0.3149013285397285,0.0622006210238633,-0.12116485137394781,0.47537075893661507,0.10863700790744822,0.16070623079234558,0.604332913955399,2.438795261699379,0.019868732864896467,0.8734258693187822,0.0917124671687436,1.1203085069299719,-0.488245263836191,0.08887505955758508,-1.5855455771527607,-0.238721569187154,-0.2795676660790093,0.1808609053432068,-0.7701177777778172,-0.5630690393111887,213.08,0
70625.99489238227,0.09247666464734017,-1.5859103511694712,-1.4460953393217177,0.15658440542498384,3.293129176335207,-1.5483903457251613,-2.1480606604929533,-0.4787005139756226,-1.2399919903197516,0.0008889063953390463,1.4052335379443932,1.484931781492946,0.748995513258523,1.3316949805203422,0.34174227585899747,0.07375714334684982,-1.1621284477262182,-0.3990442026799981,0.13948581666600554,0.5234986310501814,-0.5161024886741715,-0.6120496192985849,0.010161652546604836,-0.43179813986388843,0.2610418225293154,0.16600992872282894,0.30877496168928764,0.3591566265195102,25.57,0
70663.79717123052,0.07628890971677428,0.7861925367652891,-1.0275762582809826,-0.8867127564940789,1.1433406201118694,2.119148404555874,0.19285844835238528,-0.5368162855123743,-1.8844455602702377,1.316875379262541,-0.04459126271798456,0.7554384584413487,-1.3191735007186507,-0.2720612436129921,0.5525151451966794,-0.5061223099873104,-0.10944013046359154,-1.1483810687250935,-0.28959990977307637,0.7430194882191001,0.384168456032763,-0.3088102829227076,-0.457193190175356,0.22908829254491284,-0.45902692925867067,0.5904501349814129,-0.32254819957417463,0.6567626077214185,113.24,0
70743.05820542881,-1.3775338502012462,2.465789386278762,-1.1729967040260418,0.6996175588293145,1.6033202622613094,-0.5291920280024341,0.34609628552464594,0.7399966321724509,1.1589373749886458,1.668053776782296,0.46524109185296725,0.8302648658907941,3.0984130667332215,-1.1348669564866376,0.4482591990907871,1.2529116770425892,1.4209534332642457,0.05806899041058262,0.048613624405277216,0.04034405238761186,-0.31049746931616634,0.5312913945135126,0.8587315026669482,0.36135814402720684,0.04946498749039084,-0.15020201507227346,0.006534830857853149,-0.1001122960250555,2.74,0
70910.88603717253,-1.3010023076068828,0.5922979581810431,1.2635164746323662,-4.041749836807128,-0.7004320957651974,0.1773408573449385,1.834494291470413,-1.8785963253297686,-2.0369403221913283,-1.6555256894842498,-0.6021993343509054,0.5826023526885364,0.030536855575408455,-0.12280959906230947,0.4117590248313531,-0.4104914530840497,0.7138753956724657,0.2570423249091996,-0.3083250872540013,-1.075473917645821,-1.1356926734792654,-0.8327817908788944,1.8022049206199937,0.15900651911685262,-0.4189077164129332,0.005294295977173089,0.3996961052786156,-0.016659442422820844,12.59,0
70913.2885291976,-2.7491885399058993,-0.5178013972112967,1.370238627103566,-1.213126511243092,-1.4194384658015917,-0.07987955197330442,-1.5650644597422054,-1.2977553494315113,0.27011776355165285,0.012572867849084027,0.5030124307481868,1.3002308873098223,0.14395511171340797,-0.8058988566064491,2.471045583304011,1.4746943527931762,-0.8041685369359747,-0.21980580181005874,-0.3119380920346381,-1.6002725620281242,0.6518445360286014,-0.33914792142001104,-0.22025635949774738,-0.1417941426970791,-0.31011651899766196,-0.311225396645764,0.5464121185825098,0.31035561936327,61.63,0
71162.81523733483,3.4221237818127435,0.0007476512911136386,0.6874450211869575,-1.5942862537079088,0.0855037741313705,-0.877054648889338,1.4219771506259045,0.4155084312858223,0.975751141469675,-0.7554466064023557,1.7252491479338807,-1.109045587987712,1.2587903027684184,0.576280333754582,-0.07276308568188979,-0.7655776374568343,-0.06453455188917685,1.2309171905935885,0.8742697308673307,-1.1757820404826311,-1.2911219575140371,0.4322908550951958,-1.0550492715399147,-0.15817158375496926,0.15764239691844092,0.28853257263154936,-0.011329661228714928,0.09848427184293838,23.13,0
71297.0336288792,-2.43840487303504,-2.073948906693185,1.8005748086402484,-0.36287054044564837,0.14751396083363807,1.3195813783368362,2.915735301030251,0.7528673630227706,-1.604591499004786,-0.3402582226774868,1.0253026832068675,-1.4104292455014835,0.9168839781776367,-0.1431583260963341,0.8547185692314136,1.2687696500698902,-0.7270108936389035,-2.0771377291472897,0.14021720524240755,0.2815172312333623,-0.7864373735775338,0.6338679252155789,0.07138441690752827,-0.5069543624720544,0.12501363361916001,-0.37922865207719386,0.1533574001803991,-0.12839474371394158,142.54,0
71643.73158703989,-1.3597444054615337,1.0055142755021456,-1.7892218047318462,-0.7617359274172688,-1.492244177204134,0.17292922103761602,-0.4656155974517187,0.7752919415001523,-1.0229640881972755,0.4439985501705361,-0.08048571777064885,-0.017268803416252216,0.04004865666911862,1.6568991264049995,-0.4344077881316179,0.1820539469687661,-0.05591367595593485,0.9354565099579879,0.28002514498764547,0.028502705112764575,-1.1905524416864026,-0.14118459112106183,-0.12602495825297821,-0.4923387845823991,-0.21483203971511514,-0.43215894692257056,-0.3598010291480046,-0.1668211407545514,238.16,0
71677.49144792985,-1.409672114055251,1.4667352865367027,2.5358991864263594,1.1297355087563719,-0.243124605123017,-0.6322156563786744,-1.5904139107821387,-0.9472546639128276,1.3362340883496486,0.7373960680213343,0.6967069393791238,-2.1932889123974433,0.13209566719090005,1.1271061321185079,0.7212597025349001,1.1458796031040641,0.9036320113311138,0.6606950243323445,-1.189602190490495,-0.15812352230940652,0.15029366754989107,-0.29957050823236864,1.2072309421149585,0.4281621282179727,-0.13786091940152287,-0.03327641055145587,0.670917307427325,-0.5370443612700758,0.39,0
72125.28205608382,1.7488934120237423,-0.7486168230674147,2.317025138091125,-2.632531838259403,0.5515441148588788,-1.7388699871295092,-0.5015941214409658,-1.1778346674383502,0.5853698514021214,-0.12169024857804989,0.5961125694165128,1.231876501933219,-1.5021040391706917,-0.14809195290097266,0.8574505788926955,1.6858968963970082,0.5661979038982322,0.38135571048395833,0.34224508561144795,-0.28032274652631356,0.13485155502328827,-0.9605011210601747,1.0205676996450481,-1.0669440650380555,-0.7553523735668771,-0.5930635247189054,-0.06591046777547638,0.07913812245913698,23.61,0
72269.05072672862,-0.5806308297435245,-0.7784196511749105,1.1197597794357337,0.06448967760748016,0.49771328217516997,-1.189585105688029,0.016943546945035793,-0.6091530109208457,-0.684133316851546,-2.1015621377930933,0.5232861629868668,1.2218482284201246,-0.5544666689253306,0.6936195023906165,0.3308418614325726,-0.9972171305216883,2.1582823762077914,-2.7869958174623055,0.42936623672446445,1.5558280240940985,1.4028445914526357,0.38017822309661076,0.5298319337336154,-0.047886983747526264,0.7340841636038513,0.77393527760959,0.03226643593291625,-0.03208472389792919,51.56,0
72360.1965371511,2.4396365806043154,0.44332358752793427,2.7100656925984397,0.790620160762838,0.6967143452389498,-2.188983202032529,0.6941339080677453,0.2909687723009056,1.3241699457237321,-1.0592083475575218,1.1448433803851732,-0.44848480812088265,0.519157908637267,-0.38078954987468855,1.526071357220841,1.132368051414525,1.0352405585268187,1.0723198567841232,-0.32709355982608235,-0.6307881598424381,0.6681473875270375,0.9556573576328194,-0.35954579400774483,-0.19525717634016376,0.3610913585261922,0.931099577147172,-0.16180341409476873,-0.15052163280835815,73.73,0
72386.96627078984,-1.321734735838088,-0.7230992218670008,-2.5167204881112073,2.628881820829028,0.4016958380343756,0.021021182603858747,-0.7287523157001023,1.7928903467766686,1.3289013937693959,0.9869790212505234,1.137167774283632,-0.3852893928574046,0.44584404256084326,0.03313678337651082,-0.8129822735589026,-1.241529652596676,0.1758075100587651,-0.8576952986299479,1.6955646700452305,0.719711156156742,1.05491861317308,1.8599903386884857,0.41492366803056424,0.36475289046010884,0.3423150328099351,-0.21976116475641141,0.4780480705871048,-0.34360932049614346,220.45,0
72503.53398702267,0.5430310267450768,-0.10786648224461347,-0.7956877536172269,-0.6820472774193721,-0.7018737823090373,-1.5946321686924514,1.9152954483047904,-2.4670172664678636,0.29415871035535357,-3.0106848701409383,-0.1274107203710553,-0.08393136126114173,1.2230797312956547,-0.3499749900172518,-0.4492756734644848,-0.9216827529384682,0.5871882385181577,-0.42434454075973616,-1.8671879043132191,0.005471331563014973,0.21000604413306614,0.27918329588667634,0.16211218179554276,-0.8638032791022089,-0.8290979514007084,-0.6707579360871109,0.07979767554812396,-0.30893242245218955,198.08,0
72818.79094597891,-1.6386157312838312,3.4877914925423474,-1.116211429442719,0.45947560208014254,-0.7114051350140127,-0.35023101404051926,-1.373122530375811,-0.2644139988718661,-0.9963547986490963,1.306762887691053,0.6621961495871354,0.04165989095679787,-0.11852282687882183,0.7428872877026869,0.1915661507704294,-0.7061272356781966,-0.17757553897042022,-0.14273594577465262,0.636198730276794,-0.04301274358135531,-0.7173469641603326,-0.038127605740008605,0.14760648646565694,0.00868427004175841,-0.30789295495542013,0.16219779254431194,0.30342894882967114,0.2111007519119063,90.27,0
73286.38695568188,4.196571678388389,-0.40817737412771904,1.0982613339732492,-2.5539869535145248,-1.6588066770761314,1.8357952264600454,-2.1425579171586424,-1.6051775103865444,-0.4591491400330553,0.5744872605033025,-0.3901924941012319,0.11755227163208112,-1.3852476179691213,1.3887197049582594,0.8038520281087103,0.4496152240739411,-0.9818714817878312,0.3401270396795129,0.5779125157695257,0.9116482328339736,0.09239468053289586,-0.6685986291245556,-0.954601705510885,0.209283764892161,-0.17182536894103734,-0.2335435304548501,0.14129449767776067,0.3012430470799936,26.5,0
73302.16942180353,-2.328250144392533,-0.5929768203582586,-1.5947993057712484,-3.3866607583597066,2.4675838707729545,1.6075217910280781,1.3628740818757517,-1.9905007617831116,0.313291091210687,1.4482821088288194,-0.9446125792229503,0.5528497991382582,1.0586522865841528,0.7740797691345798,0.16138309046262814,0.033473516773141164,1.1337487220131328,0.5339453288641722,0.4384554200927268,1.1321845863755302,0.43263041573172745,-1.3644547205670232,0.6501374386468936,-1.1549693233039153,-1.0043183001116807,0.5673140644422526,-0.08752652134651027,-0.11261065081272317,136.16,0
73473.49186424779,0.6033829526884026,-1.0730969199908797,1.153009416975797,1.1961839284447735,0.017903061157310166,-0.0384526654666318,-2.8020518145459072,1.1676699104851536,-0.2109676863532739,-0.21670703601828972,-0.2735528735249022,-0.1851964545589291,1.4379930351622985,0.8935393055491702,1.174792443326153,-0.14350885634778476,0.8757084045667938,0.7456430055249653,0.14086802815765775,-0.1807915939182054,0.5142512018275625,0.12718567193759817,0.06582996489549767,-0.6509552867201571,0.4666804218654612,-0.3809960154065298,0.37057083338208524,-0.14868425128174215,20.16,0
73512.0131014079,1.2376212988447781,1.2373994115141391,2.084900293248617,-0.007793858822223067,-0.3116623337341693,-0.111702109549096,-0.2517420355985266,0.658431553349191,1.0335627765201147,-2.264313440970361,-0.07516939175858588,0.9415969842129907,0.9001740182724207,0.894602078043833,-0.6090910289287339,0.13358664259456487,-0.21114597454476264,0.6813289814778681,0.4458642645113454,0.6204968255618867,-0.3476492099575819,1.7041268695757292,-0.061965868488183855,-0.05460284044232946,0.7607404583792018,0.2627029242295203,0.1378516519844985,-0.2928810102459703,298.95,0
73800.80901230808,0.8069508619081148,-0.29893651897394863,1.0583182311537063,1.6687196620583706,-1.2851856787503368,2.5170950550855196,3.8398699268888894,0.5436523508745853,-1.6912882596549967,0.4746070013660113,-1.7028738322498018,0.4394611835971055,-0.161653373968378,0.534370525789969,-1.0477579887410957,0.5271214726681589,0.23661292563641131,0.21106731174886084,0.704459099212416,0.28469974390704755,0.3566899597305753,0.9208535675832529,-0.3677913874091281,0.31317104662021894,1.077804544288835,0.05459795061611251,-0.3825604524982119,0.32012711348547596,0.52,0
73875.66764421051,-0.365935558842739,-1.0761370534368475,0.43286536094786476,-1.9445043805151816,4.059215097073815,0.700663613363441,-0.015141493613495876,1.112287594986617,-1.6520936484643756,1.4026405907944888,0.8864925554464885,-0.6238051343842641,1.0463084988355489,-1.1036698983264803,0.2792725449827332,0.5951712885140432,1.0773757408409173,0.34723169766357087,-0.5938762203853098,0.009732674954974006,-0.6851754640612558,0.808935735388685,-0.4862836995517386,0.11187722377067347,-0.5427479830260726,-0.327396281736085,-0.3938078657810634,0.009997242069202628,75.1,0
73986.79535604538,-0.2573428675616093,2.1954959391620825,-1.5001458955676965,0.7362015589024378,-1.4850739036398148,-0.43342133320852805,-1.3808028514039148,-0.5766983893186827,0.19682868587400768,1.0180004411030308,-2.838193268908083,1.3373707686981842,3.43071873430549,1.64838043114295,-0.07367415527996006,0.9717856565933004,0.7343007323925543,-0.9114271008500444,0.24103537280057907,0.16155697972631328,-0.7659632707296016,0.17699144714066348,0.19411614372921737,0.3412773337223609,0.06379914876453864,0.11553113065885252,0.059572644349871126,0.1253445256023317,8.24,0
74126.73597818417,0.08259256625593411,2.3586876490163955,-1.2857761135328778,2.646113737370897,-0.5937801888129317,-1.9011566984481,-0.07100578263488294,-0.5199287370041025,-0.5453469294879435,-0.7268644874707965,2.7905782537591075,-1.3824874418917898,0.11711926076132348,1.748607316128592,0.4942926001663556,1.61362716773491,-1.2736568749652153,-0.6276234451759153,-0.1519622374005929,-0.5267309800388246,-0.8190944361591349,0.2596487335736283,-1.071546224049185,-0.6540170749172223,0.6923968039110623,0.42416149610461973,0.36180205520741404,0.1221156564447705,46.62,0
74587.31631211877,-0.29098025892545043,-0.9948732523496203,1.9010925666685816,0.5943345949544996,0.5743896453757877,0.5310874469059801,-0.06288038481569942,2.637239705793365,-0.6949090824989289,0.09692443681466364,1.545198376970744,-0.1039446048632161,-1.3097014147308317,-0.226381746194958,-0.0280770026030968,-0.014609907281285285,0.21025487464125361,0.7478314448862745,-0.8935084421564019,-0.23212789396846373,0.016566280107250926,-1.7598113440480412,0.48335851568427324,-0.9631844356264704,-0.12962620779963505,0.04147654171259138,0.6534070499344055,-0.10596363587705529,89.73,0
74636.64366120847,1.8838923536003769,-3.096825013741594,1.1862297201212497,0.39168704129353943,0.8293754605514945,1.1130573926053389,0.19757222934155128,-0.2955740502407831,-1.954291652091667,-0.5841292517848616,-0.2648408954878677,0.9655544018462519,-0.5842845126352704,-0.35895101382973027,-0.3144378867387408,-0.4564881545381015,-0.14730849106591737,0.6991695000920433,0.581467866918261,-0.44390355285714933,-0.8645641261706374,0.5520446806150621,-0.6458305605681673,0.05239997287422785,-0.293030725590761,0.046521175536566074,-0.7077382852982456,-0.39960283452288703,104.17,0
74966.09417512783,4.32456003410299,1.6745547599138961,-0.05778196412198451,0.012193332001049273,1.3240885988563562,-0.8395034795596216,0.8154297731231684,0.8881411886165858,0.018766647488896476,-0.8989697573528073,0.0128274325401193,-0.7410567002831422,0.6274185081252432,0.5936269973981494,-0.07161981471211977,0.5467927534398889,0.9661394019215688,0.6044281308217405,-0.46231529245667036,0.6993133542771517,-0.3127196274389357,-0.4215634717717718,-1.2611228232701714,-0.7450480183676559,-0.9704016106964846,-0.4223912256675981,0.010504460933925317,-0.34166407979653085,137.11,0
75134.68549201851,-1.0946332986498428,-1.1346688498017923,-0.6337371804584346,-2.224111714038055,2.4991617687217365,0.3938706649169741,-1.280223182614517,0.009430406954967569,-0.061035204367103676,1.0517089682111824,0.3142243163094656,0.3017276738006856,-1.6027549988933163,0.5339411992011762,0.023449669037838725,-1.0075163388619046,0.8948809121560641,-0.42996234148718887,-1.222632607824171,-0.06944197949796312,0.6601527712585256,-0.5103637562302347,1.115691049873818,-0.5240991114136733,0.5932203961846176,0.5525823859633807,0.1953515491056081,0.3855427986956274,80.12,0
75359.17522234964,-2.6849685205037015,1.3144865154818894,-3.077922470319021,1.9194169589578902,0.6993002168920713,-0.48122290983761784,2.0783158309617185,-2.2268521963649466,0.7184674998194931,-1.3147548681445886,-0.6017695300268558,0.5378108254822163,0.17136742325985077,-0.19543994293208505,-0.28234226443690347,-0.595857794835684,1.1449048743262304,0.7603889150348083,-0.44174981977068845,-0.9970546386684651,-0.7555960778876539,-0.2357566505901123,-0.5257712644991799,0.5669563245527894,-0.007421849517123826,0.5044095046305989,0.11807286870370863,-0.2490696697680503,25.77,0
75592.1667263242,-0.17601888630557885,-3.2687572734971466,-1.6262833744342398,-0.8648264904017278,-1.4611524292054723,-0.24127051048818127,0.3016104575843203,-2.4636312248399683,0.07324784398513566,-0.9809141524800542,0.2009200201906785,-0.8798592541547631,0.38229089742742395,-1.210970256946715,-0.1890472879540725,0.8879721804677333,-0.9735161304102231,-0.9703141899341315,-0.6533426055068728,-0.5540602833687804,-0.37102454695048087,-0.2602428810904436,-0.4425167967733775,0.11588324912229597,-0.37768916754350346,-0.1989608505721326,0.40238550363605574,-0.14111189847455405,195.94,0
75850.74972656828,5.047349572880689,1.4837755943725095,2.9071028608383185,0.7143701630070075,-0.35604455654168754,-3.320233962887594,0.8949153556883639,-0.6963902469424326,-0.1491681465655909,-1.21197349180201,-0.14470255238470567,-0.08406288662311723,1.537020686306578,0.2964417684640411,-0.37267191701033586,-0.10547971878324613,-0.6833080961115513,0.8997881081870232,0.8350234031979478,-2.463901617531891,0.051010426258893314,-0.5219063162109767,0.6946917918620903,-0.34372699437355764,0.15063714606080553,-0.06058304390402125,0.26143863437975906,-0.3889996884998311,148.4,0
75878.99912166518,-1.5766076372713345,-2.0088113176752285,-1.944903608619018,-2.213001035735964,0.42502320451119524,-0.29172121237877113,-0.7740245637979687,1.2751584390775565,1.2963021745438066,-1.636503785755866,-0.09364525230921872,-0.16891537114095714,1.3121045738992798,0.5345455324057486,0.7817379488013122,-1.0640525604776714,0.9670799200161823,-0.21815318378145063,0.12211901184061759,-0.3774535065544361,0.1794327927982509,0.008854361057311607,1.1356187690534871,-0.4225617889008305,0.08240523841038427,0.6831029062500477,-0.39232936885371544,-0.4169633487892594,15.53,0
76054.82969825319,3.205866353907918,1.215107070624594,0.28956258965713,-1.6699026940994866,2.859586811183422,1.300225117071126,1.5841831664664139,0.9522397511187343,-1.4514368811176803,0.1624945097497887,0.18946349427128878,-0.5680364116742737,0.866515849075408,0.703514434995106,0.17474904098159322,-1.3130639278947507,-0.515968445544344,1.4067101712277312,1.1232715480729587,0.03303492362098367,-0.367344975720094,-0.40628079114123605,-0.9391496432361169,0.3779780211237416,0.09035919940003252,-0.5484508740894122,-0.40399874739174974,-0.26395628603708754,155.97,0
76160.27656895031,3.281405763358953,0.02561956042629584,1.5329595842849202,2.032000452582774,-1.9338149981020758,-0.839170738119414,-0.31692904151492407,1.1039090408968193,0.589230199792809,1.2782674361335673,-1.3455113707362818,2.313438828660355,-2.160602982876094,0.3386795652031625,2.064232538462108,0.04735679457790416,-1.3243734977710246,-1.2712188406118947,-0.5455519147740855,-0.10101883538562656,0.5751098622016106,0.0715806068211457,-0.5858448997747605,0.12976505419946954,-0.11058286660921737,0.29159710000784833,0.1247600953749316,0.5774503383157084,320.45,0
76292.93839330856,-1.0869909782666525,-1.581765010259616,-1.9060907403803324,-0.4916619005724011,1.6624234185382742,0.07488500161303373,0.34156596690898505,-1.1884220294045427,-1.847328166790262,-0.20165648669462724,0.04377703130151856,-0.7814836649076339,0.9229814812027075,-0.26246090013579193,0.14423082299999737,1.0139901684424868,0.46150596073875616,1.4729009732179201,0.709341422549608,1.5314772197957964,0.4311878031977382,-1.080263762428799,-0.5408334786549748,-0.7360672104758352,0.8485899924321363,-0.2705276108888778,0.394887175539014,0.22467943050137276,90.29,0
77066.22952095109,1.110768602778983,-0.6738200843352806,0.28231264964995584,2.0577527137477136,0.2481170271326318,-1.0056265618908178,-1.1496523245895067,1.9501178028567783,-0.9281451497996699,-1.6535414975921394,0.17096838081175567,1.0039411412835848,0.7074520610324482,0.963366671739106,-0.5075673961757673,1.0021848927152992,-0.4773409877788876,-0.3021877721628304,2.310167113347119,0.4474754495283114,0.8337757426744629,-0.1565249010716615,0.5723550861875251,-1.1811243657834711,-0.06707447552896267,0.8589845340311542,0.057417694544249054,-0.18097321875503375,29.47,0
77309.27768815837,3.1848784817291036,1.1413203012415507,1.4272685857702707,-0.11068688305399642,1.157992347310608,0.48640693746472985,-1.2282688950966898,-1.1617105945900776,-1.341271853444165,0.9248143257984667,0.13544487023007146,-0.4075364762581101,0.2579045811160717,0.06403796641889947,2.4433902262808784,0.10232453481282805,1.5545756947520386,-0.31723721911787284,0.28732794738192674,0.41318370341126553,-0.061274530917420425,-0.7966509931182043,1.0037504306225795,1.1432704988123925,0.8470068463692239,0.03016456288998059,-0.6283474081766891,0.37013301717390734,83.07,0
77487.79863367783,-0.7454338497027305,0.17772542869791627,0.020532436656604227,-2.6078401870490544,-0.14175349654562253,-0.2846937371947802,0.8473840076265143,0.258354485797784,0.8602585699015705,1.8544601285221851,-0.2184545656412358,-1.1081953281243477,-1.7281668081031603,-0.4502498481247229,0.375909848939644,1.7806376525036092,0.25595719793983146,0.16254099357127033,0.6991432883982859,-1.2636141069748048,-0.37725807184247634,-0.46662777288277196,-0.6618454120789029,-0.7408758297289395,0.29677676808710335,0.6087385450071219,-0.41689843573236257,-0.05275791440745964,37.34,0
77850.42222850167,-0.40174883736805933,0.9721412287455627,4.36182552503052,1.2631457884877753,-1.1657535420674219,-1.2505906700360945,-0.5467158432479603,-0.010746863798603117,-0.07500324239185721,-0.7087837762670638,1.1714406528465775,0.09295302481648572,-0.7747642500952543,-0.17480852420234502,0.9039883931142024,-0.08840680472038491,0.13777674017794042,-0.5825560421160771,0.5622034910776894,-0.2772874201880046,-0.5016923926034443,0.10283521730006288,0.8663157727167995,0.3213949865439341,0.18573700919296096,-0.3685154841655612,0.2757733764608049,0.4630747344555977,100.34,0
77901.4366636628,-1.141990547937586,3.2831253589977027,-2.5349254253742575,-0.8351419638759854,1.0377327761782433,1.7856099738571527,-1.0519961849233208,-0.20791738730168247,-0.017711136460962253,-0.5244631507717511,-0.35996264198849565,0.6446046725540931,-1.1647944316914922,-1.691511562769708,0.5393962775140259,-0.1182474801666686,-0.322600709977669,-0.060647697305955005,-1.1609084522581674,-0.3714136407897365,0.2235021360424373,-1.1650248104861138,-0.43447783531716017,0.9180256002551097,-0.05644485612903847,-0.6040193101184904,-0.13861406395033238,0.7566221168834681,70.08,0
78139.64244223156,-1.989862311498588,-2.5949623613755888,1.6109178462743055,0.989343282837553,0.9043571656892064,1.2461815831439542,-0.7925424927012955,1.6157794928448528,-1.2243585543580624,0.5683654886968936,0.23655507034626425,0.9186901675127509,-2.0129394835513907,-0.17634763550476673,0.5677083694910401,-2.2659500105709047,1.3815935479832246,-0.6164287985977516,0.4744835047690568,-0.6023835440926465,-0.2778480417341801,-0.5979256752008566,0.2056703515117674,0.09069357823473662,0.5104851329260636,-0.11374092526924859,0.04727464143451548,0.3514000536743553,236.14,0
78177.92887160036,-1.274330597001353,2.6867505264917115,-0.2611458981255724,0.0357746276700332,1.343622861967525,-0.803759704043096,0.8606224749190987,-0.848470456693431,-0.3335923407317811,1.7843011785260354,1.3351448965325676,1.5667571939306364,-0.000942551051613263,0.6672908278800199,0.48768846830420526,-0.39129666371002586,0.31018482002853737,-0.5858847428328944,0.24694907940628835,-0.6130283861638485,-0.418550468056514,0.4116131922410261,-0.7789541909696088,-0.3633265154977239,0.06154039583108987,0.12647179514670057,0.424731447974138,0.03175682844280155,85.67,0
78324.68433378119,-2.399399872308247,0.1751712515343455,1.174937038671557,-2.184802119309193,-0.019098179212277903,0.6699676467364383,-0.7751189185340606,-1.6255874766137273,-0.8454783897323075,-0.5698374799619015,-0.07835024097051398,2.963339616277453,-0.7958114543892775,0.32946515081772054,-1.0124971529814555,0.7576653446586727,-0.35673158207258,0.4065135530000135,-0.21421352070443178,-1.3907816254012755,-0.329971180115182,-1.0265715353412224,-0.07488270988025211,-0.8644327226035402,-0.48343239985959335,-0.24738232193260862,-0.4786635383508156,0.2388100185245689,21.44,0
78541.05966335307,0.06354717200623164,-1.4901984444251015,0.6723682971273001,0.2327017077651119,-0.8302314572476436,0.7229238284749947,-0.1452273996104364,0.025845790934352655,0.42042975915779823,-1.4630544715435188,0.2233483979672248,0.242105574284585,2.6271523197848987,1.4736727291280476,0.33368421464486964,1.3871967535090208,-0.6919784187068281,-0.7533816026255001,-0.7226855285041391,-0.9801913075912361,-0.5024680044443967,1.2887578575369005,-0.06825697744902479,-0.8729066649902728,-0.5008282705808802,0.36604696184367175,-0.1647473341287103,0.004545104273874448,114.99,0
78733.84162734891,-1.5106274766242098,-2.206605218433056,-1.1129473486567827,3.1096826411708127,-2.1564468721899774,0.863105945923654,0.01820335099209649,-0.48036624601801153,-1.0967193792690724,0.6956052152724131,-0.09581365823753168,-0.6804858730826091,-0.16679139648619234,-0.25457346978642187,-1.2165629650864516,-0.7298471278327113,-0.065442246377325,-0.6419649022366339,0.562582694329174,0.6782671376853416,0.14435809617375478,0.8726725588013732,-0.19323285580564747,0.22974438923939838,0.22292349512000095,-0.10199192224557775,-0.20802426453599168,-0.62921134095238,31.87,0
78805.24471283007,0.4545227389576303,-0.31204547846204145,0.3496321975941801,0.6980919965908077,1.1324665847907647,-2.2596505022159774,-2.361984926935995,4.074106812561485,1.4649475658899689,0.879883422505632,1.27361428749552,0.44645585399536397,1.295663661074912,0.47241357974533216,-0.16269439218728884,0.41302156392557127,-0.8515776986639553,-1.1470377664868776,-0.7946591374793279,-0.1062480022835057,-1.0365799639674034,-0.36002527468657114,0.23558930949436546,0.8817805476226277,-0.47052545333320944,-1.0066313719984548,0.1418699276539811,-0.22474101314828449,28.31,0
79182.43345381014,-3.0492989941443334,1.532007754850166,-2.822685930144375,-0.08135974905115828,0.5855261767203481,1.349991855270129,-1.8123542297885045,0.8174529418601886,-1.8522213850044507,0.008297356589764307,-0.2614688924242797,-0.2797034506420979,-1.567051422551549,0.7683552186943313,-0.6676493628237884,0.9299718886923157,0.8929982908605334,-0.42120239860387815,1.7351614579101577,-0.38664068148654984,0.22056282344523045,-0.5723872558157278,-0.6169978573610332,-0.23891517930343698,-0.029828442234435683,0.26671438485753074,0.308191117683172,-0.32641424747986314,44.27,0
79334.98559192165,0.6446130868978575,-0.2098275135600246,0.9185357393197738,1.5226436106459917,-1.3363423329938995,-0.7567052639242499,0.41390044268410753,-0.4918378179415347,-0.8929996328659753,-0.61193538928319,1.32082901196073,0.9242003860288386,-0.528091740189449,2.2703314549609415,0.324470192602972,0.014190254802987894,-1.5738270854521212,1.0954711599211682,0.09033462841714715,-0.00017857551478029417,0.49427685446339886,0.1453109073532519,-0.5414732097433447,-0.3361859668617523,0.5538837684196303,-0.42710594487482145,-0.5894386187480063,-0.23232992795352836,1.07,0
79618.88488591075,1.6286940449327165,2.5106782035500337,0.45476628466065494,0.29836162558218593,-0.7455271058506897,-0.47354436247791465,-0.9081365184503991,-1.271699498235758,1.8483955375256442,1.0945664665622157,-0.1032095798850447,-1.3207939221776581,0.098865696527965,0.14050410529745339,0.30308690191620946,-2.0146883891914285,-0.12286168474510933,-0.7069074392329873,-0.9990153102623075,0.9045152419723517,-0.42713075635092307,-1.0514473094481047,0.2679907415372825,0.4244459027558622,0.16112488484368725,-0.17529364755979868,-0.0019237281203266286,0.613489986136418,309.72,0
79830.90682327698,-3.9064980237941116,-2.4072551996292852,0.9723669554505112,0.29675567709769224,-0.6462096344641253,3.530154761176668,1.3013048567617442,-2.26547309410431,-0.48308942920148945,0.5819683462707894,-0.8792984779340434,2.380754098901332,-0.9061379979579041,-1.0115243221826191,0.4377584257745367,0.22294327023018412,0.5289206888804534,-0.611422320491042,-0.42129461293850007,0.0072436774403365455,1.4069353765092472,-1.4539073179879458,0.821781622827393,-0.4152272414701301,-0.37393112871974843,0.7502496055841847,0.3466120067831521,0.3835790185208979,67.67,0
79922.29867007889,0.7291433149034434,-0.018145519882993337,1.6099902667360961,-1.545538979969617,-2.05161454716872,0.4081317178151679,1.190549372427391,-1.2344500478488671,-1.4540984099402139,-0.8430970127942009,0.700693101984576,0.8535947261282425,-0.42020800559817967,0.8218298533357508,0.26019043249412455,0.6775669838349975,0.29589534639006304,0.1617750496276387,-0.229189360433607,0.4208377006902047,0.011433450431093803,-0.3344910121605391,-0.014174713459173486,0.16770675480390526,0.7378506562820447,0.856438976360544,-0.7386424203538932,0.15033222356927953,132.23,0
79947.36552542263,2.4003376928539017,-2.077245497442283,0.5603553422475992,0.33118126362358824,-1.1315248244523222,-0.5116266818036211,0.8855228594947205,0.14032985172147577,0.23899226211925362,0.05552206015417858,-0.30966774172724437,-1.7114381068631992,-0.21596800819799258,1.8080195926446792,-0.5588345490584049,-0.833469677829724,-0.6252038886341248,-0.30998369689137023,1.962182818740282,-0.6490711908867228,-1.1455869396915168,-0.09847269560503896,0.3082917414396725,0.026480523749445817,0.2883076414592895,-0.27868691731205186,-0.025371273773063384,0.27750950431335064,26.55,0
80123.3747863894,-2.371404938832756,0.6056099818770603,0.22664455026463923,1.4661497406093953,-1.5687465276355066,-2.942642018826174,2.241181274084525,1.722775952194899,-0.5275190426528871,-1.4842223517685744,0.6402461921333112,-0.7268743767801575,-0.23192432324301895,-0.3122971357494579,-0.24205813221154293,-0.22045404898963913,0.5725020969667272,1.861147695610082,-0.7231355888221357,-0.4732124588398762,-0.20756579775138323,0.06730283565672386,0.4641148468842492,-0.247417931982038,0.5333432921123507,0.2787866546911344,-0.4840718094870322,-0.6484236496197455,122.24,0
80451.61274914406,3.271365376712818,1.4742961848830145,-1.3377903437234744,-1.1836906272447585,-0.5711425468349567,1.8620734252207507,-0.1026515147755348,1.3542428184625925,-0.925395030580548,0.755479994957621,-2.7992579690020203,0.8132346104135391,1.8570021954463127,0.8151952864274851,0.8401162461522443,-1.0174562805907466,-0.7719294445811768,-0.13599879509992133,-0.09731085311686419,0.27705176409329013,0.044433703414491,-0.44724871554825424,0.5084745420789181,-0.008321806137882857,-1.1797824634332479,-0.26746332262060196,-0.25531054304119455,0.24869564470169253,74.57,0
80980.80965144906,0.817170356392689,-0.6966065349136168,-1.0811231483128614,2.0170039752276825,-1.0222914397807406,-1.7931580137868783,0.7989477723330266,0.27797300196259034,-1.2123694753666623,-0.28668613282725236,0.008493433455059332,1.1770407110310293,0.3801806336046969,1.1908030109718428,0.9751916139135437,-2.268347750141167,-0.021023350701927304,0.27981231342955554,-0.44070541724896495,1.4639796455908938,0.32751178232849426,0.9231278694502824,-0.584225883962887,1.0712559400917594,0.17514269960627085,-0.13917329746406143,-0.9976933512506992,0.3210872210190793,49.14,0
80986.4284672925,-1.3834467066305656,-4.321479383684233,1.8055014201152872,-0.12976647703370464,-2.2507899060835896,-1.3363890124055626,-0.7201378203824271,-0.3879324934328483,3.052772940009445,-0.4773701810295745,-0.4687492710263553,-1.2956221060449291,0.48146006078939324,0.985713913517963,-1.0534414753016805,0.9123979539280342,0.5651838046844903,0.7881878190331255,0.40398292968209387,1.106917133754387,-0.1901167573417763,-1.0860406447305844,-0.47611252610103916,0.36803093706843903,0.4417594491088061,-0.2933246483813283,0.5551301837195719,-0.7674440803342739,314.24,0
81484.59277195897,-0.11236529786975187,0.3322091535422789,2.1849225302385538,-1.2569024042548047,2.7964740617890125,-0.43816026816299536,3.020378566581827,0.3258634854410052,-0.2804562706894324,-0.0345774822972982,-1.0885483886414147,0.7091658969829315,0.5416013919931416,0.12189363034556185,-1.4053218672983572,0.0009649536649352758,0.40091934071564594,0.772155962840466,-0.4277185409907957,0.45358646414244586,-0.74272904431305,-0.8271006973151526,-0.4228653209894436,0.6642034919987992,0.8892263521570161,-0.8340191986723069,-0.14147609650464052,0.2613816093811586,60.63,0
81569.391579447,1.089906059841928,0.7269785176982904,-0.36042242480307024,1.4126131573117078,1.7315222161087263,1.897687424970497,2.4430167150850535,-0.6236261513316196,-2.12814331468906,0.045863463979884174,-0.5648894192026365,-1.9773637981084333,0.6145695005040456,-0.6765474148534745,-0.668814460868131,1.417007720602652,-0.5884748034789917,0.19466061402180967,-0.9303949095429398,0.1208109742687402,-0.8038497848358558,0.3518780797980656,1.1810673011650803,-0.5564933185340502,-0.7606774291398636,0.045443506119038087,-0.321293508135635,-0.48817939410488775,95.4,0
81594.96134858354,0.14562151913319865,0.6731167269931208,0.07146139030872056,-0.40598933582093805,-1.0780552660654885,1.0381026646491287,0.014326671901527496,2.0736997175544105,1.6458684454440282,0.9852537269764453,-0.5858988562300053,-0.10108682777136092,-0.08091055380192506,-0.07852085469025917,0.9544448068756014,0.7623581452429086,1.0396026969831111,-0.13482885311772205,-0.16171788656943947,1.0847738464822307,-0.480418023942982,-0.8440683547941207,0.31106152257258746,0.6662885769000507,0.6315424051596732,0.13878927327102966,0.13105947882500277,-0.675091731377483,1.38,0
81812.13421671551,1.051590296464631,2.053516271878284,-1.3735829554501984,1.0754661290276568,0.3760510486663372,-0.20626162559175662,0.47586730797634275,-0.22638550523837805,0.6716597755148392,0.6512770972581666,-0.04612030797936176,1.1121111513819724,-0.3187585507400932,0.4445925755661939,1.1098701997190277,-0.3089268877839624,0.07381577190488783,1.6906234473309787,-0.2465048399197727,0.6170067281535445,-0.4102009627982615,-0.8721284066644421,0.2835746762533275,0.38896317689928583,0.8600732917979999,-0.324853811578055,-0.41496179983650117,0.4534808133982893,31.94,0
81896.77974430224,-1.8056672289622107,-1.7761930489590296,1.7842536389349133,-0.41301836021858634,0.5766414637441117,0.41671014425472186,1.673996159208652,-0.10236852518350739,-0.8487908709610721,-0.17036538981650148,-1.4007489698102307,-0.5678121054382766,0.1687805317536551,0.8802511342177093,-0.8500219276386765,-0.06927211090324956,0.6444376669367461,-0.08356344415460698,-0.48502626405087745,-1.7653241213678785,-0.8331559251199901,0.08829183721914646,0.22411417020432015,-0.9090721772177276,-1.0492810791123952,0.5253133766783399,-0.45278246607932865,-0.3454013876353806,195.49,0
81933.4442756571,0.3283919076801464,1.1311894407275722,1.0130400636711137,-0.08462816913995438,1.6465322460695369,-0.7977173934962619,-0.18154476870947905,-2.670052338916689,-1.0327329932105689,0.840972267305226,0.32788200495190845,-1.5326148377528523,1.1587210123779779,0.3238084814328096,0.2785223482121434,0.5049162618645128,1.327918530844188,-0.36920739202840713,-0.44150522942271725,-0.8090014717138189,-0.5384637124783392,-0.7656161710590719,-0.8091742648336951,0.3287355909413197,0.25217986981748847,-0.21129722860470185,0.6019786184391875,-0.2457357857971849,126.69,0
82257.70109678683,-2.770938076401904,1.981673517527948,2.9523996845498974,0.6989043558270585,-1.132800789933087,0.1913287217106383,-0.8090979946001534,-0.23391517985017918,0.7405355824321739,0.44204314383014076,1.40590545614688,0.13678041065423946,1.1281567156411532,-0.3678750368056973,1.6773819787351334,0.8592365643679003,0.9700691929708358,-0.539759197151503,0.9622591311499274,0.2648355183050683,0.48175361276878603,-0.09777299958855039,1.1869206656003275,-0.31042312948203404,0.32467603341199935,-0.30852040895367794,0.7208311906296958,0.33819910649313834,68.52,0
83137.16047969762,-0.22093845930219358,-2.9508102906261238,-1.3336172422732473,0.4119562449833856,1.5096476117887774,0.10269760535269695,1.0762223970184033,1.0103491434959775,-0.275341985642965,-0.46735526768587893,0.2915913523153807,-0.621538480321907,-0.23841450266842554,0.5383661924823883,0.37745341764739915,0.28959784067884126,0.9723374686658076,-1.4427749711059288,-0.2630765883139316,-1.3744624608145528,1.2064312027014106,-0.5090063676600632,0.2932960009057842,-0.9371179115252504,-0.16789453533573492,0.2539971835460555,-0.23558905920709336,-0.10512025167130701,205.17,0
83721.69565712695,-1.7728430064736458,0.5325961904838876,-0.573082214679046,-2.8253685779771645,-0.7584324289072932,1.2994240233610581,0.09630991476741069,-1.2856997860924975,-2.128596355986536,-0.13553090456363706,0.8337753245558042,0.62487753265009,0.7697793847519616,0.8336086399110358,1.299135588258004,0.9818892568332929,0.1659649242442475,0.6861426872696814,-0.9263803258725407,-0.6884001278764651,0.5521020355329146,-0.6264089232232796,0.44272675987870924,0.07987659768663471,-0.25293511850066325,-0.746207404758097,0.425502993996386,-0.0622986547528369,59.3,0
84224.21160792996,-1.443194730190822,-0.8350935590780028,0.3533557572578312,-1.5874755246816656,-1.8481498671006455,1.2972966539547077,0.22509488620575435,-0.9034657282355265,1.9698510912553624,-0.16136701188064934,1.126987324965807,-0.9049057448527097,-0.19260288396222427,0.36805531241601125,0.9118677160613415,-0.2580468109720099,0.6887272854909884,-1.96177222637034,-0.3790390420697975,-0.5358381708724734,0.9554191332463176,-1.5265824344915053,-1.0815656332711874,0.32828150525853206,0.3508697664202601,0.4377669640529638,0.1421240622092894,-0.06980399802525084,74.43,0
84573.52135388067,2.416830478638156,-0.1334163928914872,0.9842684721168914,1.3160183853029455,1.0007575077766817,0.6648744275862809,-1.0279134921156903,0.9575685157102041,-0.4818220139676731,0.5569347219673035,1.272710461503205,-0.7911079313420025,0.03584138819620624,-0.8099839303143846,-0.8367277090133575,-0.8774346677035324,0.1841509370106319,-0.005005735158599159,0.04160139477952546,-0.19360944282561934,0.7123275226986296,0.10005215208476234,0.4773224838299691,0.0931277548940659,-0.3180568109017162,-0.19490526957957863,-0.562971260472034,0.11839359544168965,42.88,0
84947.2902931877,2.133375575120279,0.5791215171555619,-0.32630686060949265,-0.18701158727486883,1.7843759648892175,-0.4795847392053879,-2.1160348251831937,-1.7787838351733751,1.6479235947196311,-0.40186894714361426,1.923307660145225,-2.051750696429572,-0.47152824459436443,-0.17553780241117772,-0.1770011805467273,-0.053027378102396876,-1.0530102135651904,-0.1713629834145669,-1.0910212805122501,-0.21772657460714628,0.6090154002099157,-0.9061355811181093,-0.21837810705434282,-0.06513267342437894,-0.11066174335970609,0.4776976327997101,-0.3694745416120799,-0.07810569335439145,86.17,0
85033.75851379956,1.1893837660466247,-0.8069517976170943,-1.325466422748578,-0.7414654441623812,3.5782903464221847,0.9961136202395248,0.29055942845294547,1.2772079658540116,1.408259850870159,-0.4275751756611802,-0.5094050511794525,0.16074370257311016,-0.17966397947973864,0.9186196189385705,0.028859244999929055,0.1857122481517196,0.26166013916326814,1.8710142574222584,1.321675411568714,-0.21903040134718138,-0.24900649853299217,-0.12328245862568085,-0.8103928571781059,-0.19953999028667116,0.4262606115994095,0.622153335842849,0.6182211401434676,0.038458822809222526,34.21,0
85103.11735034913,-2.1417007858782653,-1.1198573512775298,1.3413700926883823,-1.9235083712947898,-1.65987690852625,-0.1182291191225843,1.1143722490574706,-0.6399112480106166,-1.1076667788134782,2.1655912717951233,-0.7345521053217946,-0.17335976290698502,1.3432382963842961,-1.3398321914347044,0.09241104854883614,-1.0581661184423188,0.22133252620863797,-1.530363714541862,0.7039736664027932,0.6406339408522665,0.10177655946655474,-0.3727792250082804,-0.5843722323374848,1.4982070226781026,0.9172562496038686,0.30893358113185804,-0.5681358568885105,-0.1730196360561457,43.36,0
85120.46569721593,-0.6226426107058131,0.05862239846709943,1.0977384744616914,-1.5287057107943565,0.965883442182835,-1.441269719906638,-0.27844246925709965,-0.4667909874366645,1.1375716805149838,1.034503287142322,0.8075697089363311,-1.2109444785739936,0.09438918221551423,-2.0279375928035583,0.8363906414531026,-1.1777035987370708,0.5059635260101315,-0.7529954795154845,1.1621956306011894,-0.20059670887584463,-0.3096969093272812,-0.15104704975899058,-0.774936568549567,-0.7166525164868122,0.2831500603524476,-0.39299676698419744,0.9090042180974106,0.11983869032580581,301.95,0
85121.67702062613,2.3718101533638825,-1.803074738637619,-1.3913070423761134,-2.8625594823686806,-0.5674392861015344,-0.5343004485516785,1.7690027375596309,-1.3534111999602858,-0.7218337788540451,-0.8344850404712095,0.730358944485795,0.18483230290574523,0.13724849087373656,1.4614821332114394,0.37138327775521063,0.3998764228393649,-0.11284816307751083,-0.11391824208087556,0.3167272034151377,-0.2927061271331045,-0.16203448140898472,-0.10981090734564357,-0.7852815159469672,0.5309299180595272,0.07222619966982417,-0.6051325480414527,-0.2273418354286274,0.10683653816376591,10.51,0
85323.9286869958,0.27427091973043455,-1.8007159712533796,2.0619567239680645,-0.1433231623956111,1.0826596962378192,0.11765310999201546,-0.8673498218883864,0.45757522997690525,-2.063169377852294,0.629128976570113,0.7995709941878116,1.0262988887918616,-1.445176013793782,0.49576715454318565,-2.6925668493581094,-0.355037431176697,-0.6636098176404404,-0.1652385087905052,-1.7079324335283315,-1.0367491530699584,0.04847197574879293,0.13928021419390976,0.036883377873718745,0.010470080815086748,-0.2666506649825319,-0.6937077292041728,0.6300592765484802,0.6491701958270245,9.9,0
85431.87329016846,4.537580452295662,1.1297902232102817,1.7803649859974269,-0.8472410902529992,-2.0343345589011403,1.221167759716348,-1.2994300790746596,2.9677931012295367,-0.4714553092365375,0.13164666164288139,1.9429634538205527,-0.22856036381046507,-0.30725663772664713,0.5881217969510586,-1.205551575773251,-0.1423636076905363,0.5692393719752936,-0.45930769525653026,1.247847326980507,0.7941714224388569,0.5214021520654634,-0.5292517852805961,-0.23708988298230055,-0.5175101613149659,-0.5243494746306598,0.5326216080075358,-0.1214510007263939,-0.13114494824153788,3.94,0
85562.6086519466,0.76685284738633,-1.905254230893258,0.2056777653450142,-1.3685003215147635,-1.7470652879388175,-0.2405966223022826,-0.08311730281267385,0.9440471981990471,0.436083615386379,0.4319459207582784,0.01482296425636593,0.25993193029854605,-0.23933088683862266,-1.0431407625161389,-2.006639907734713,-0.3137750909314761,-1.143387824207849,-0.0678812419789306,-0.7060147036470584,-0.5139942421492072,0.3087204566595742,0.9004535971566076,0.20441257838163496,-0.028266755598016162,0.5812041347746385,-0.06566417619969271,0.3189537289639642,-0.06366819651013413,34.35,0
85616.93550990145,0.37281083340021903,1.1081072767282518,0.12252972267634611,-0.09637618218240608,-1.0737063952169466,-1.6113824024073997,-0.1020396442954191,-1.0403997218249041,-0.5135504873869667,0.1525216170505194,0.44070378494056917,0.2651268228482009,-0.8271313184651208,0.7148577791932148,0.15766016708746258,1.3488557217207422,1.2668118372351387,-1.052448061345011,-0.6397308605130262,-0.8345342510825539,-0.12006285629726118,-1.3416305433756721,1.0263168536953335,-0.8443326897624663,-0.07739390782378144,-0.29015675337948316,0.5560460858038735,0.08115215068882708,45.22,0
85768.11658639603,-0.6083664300460427,0.7698981223665696,0.8437618490167653,0.5154201659635278,0.10850621795680791,0.08051867612371659,0.9480954019854805,1.371041034104578,-0.34171021785194144,1.3091981309030907,-1.0034614437831655,-1.2270464512817612,0.023636834947006965,0.26693500150967947,0.21731297148602585,1.1199792648820674,-0.20276780438698794,0.29816956617795465,0.12466997153932484,0.16837274380645648,0.03921827097267302,-0.16561873363601734,-0.07952128018614449,-0.3603243724422053,0.6026485242564471,-0.06435036589164556,0.554022545666828,0.3295819525235989,8.84,0
85920.56383015707,0.25826400643493436,-2.8631857935034652,-1.3083529729168528,2.963810587779298,-0.887291564738335,0.15631614793527726,-0.9548607346651367,-0.3801092669251784,1.2593988939738443,0.38145932345902805,2.195582843496402,2.0659394134751943,-0.4271892766843413,-1.534890062611987,0.2564607915577441,-1.0898380884222927,0.21191391943705148,-1.9395650711681809,1.1198890874915954,-0.587619089433137,0.3161509764216333,0.6055340547388607,-1.3751737275594833,-0.02737773949751535,-0.16922120039963567,0.5218472926359429,-0.23252221348708316,-0.37434427678478904,70.93,0
86113.96418720018,-0.3016851344110823,-1.12293955390728,0.04718327653739191,-2.140577160795075,0.9107510530569266,0.253052525700936,1.6848313416211302,1.6590582626357973,0.11473526144306628,-0.06668938166257078,-0.3423974357469407,-0.4863528783109231,0.08196448514514505,1.38028518167029,-0.8813644946114895,-0.46683752157547825,0.4840783756601044,-0.021752345691653012,0.8552291687863005,-0.4017217052293502,0.4875688258836603,0.3447214814621777,-0.14839853207041054,-0.9403428739290618,-0.3359459319399619,0.3759235742484627,-0.3412910765523046,0.034846939709388375,77.95,0
86126.82443734967,1.3831473899355102,1.9843329070928721,-3.2703316476081783,1.6416314128720078,1.4194614402626735,1.234072430382859,2.422426076249725,0.9744076570286073,-0.9335937136537327,1.1471206525565234,-0.31331073591245345,0.6516965575231473,0.12346965201620122,0.15398970408954601,0.6145467076401431,0.7558873440700791,0.5120137652078203,-0.5017554976838221,0.735495449172035,0.2033706340360216,-1.1145556546782756,-0.708523141553329,0.7307405659958435,0.3084584554123971,0.2220444802105677,0.21146113145248446,-0.0320719847380291,-0.8592270686771293,123.81,0
86658.00359159059,1.8698416820141717,-1.6269646255430252,1.3338426760551405,1.3778807192237337,0.8284966904291563,1.366452848622482,-0.0485222690531685,-3.547037133027564,0.7720558251320417,0.2579817560310319,-0.35287535470655446,0.7659079314812101,-0.953736127673383,-0.3835486727560374,0.6531276841702617,0.5365356646891701,-1.2266047984682549,0.848769426168932,-0.256631462545626,-0.24785141964217333,-0.7909591180252241,-0.587650224016364,-0.05283861951022643,-0.5838465826425974,-0.037287632995647885,0.30783757053216954,-0.5178133367649338,-0.09358010198950004,331.99,0
86775.28022515606,-1.5419839001042177,-0.7690598771549478,-2.372112270922412,-1.1030283774995797,2.2380290335988064,-0.7894648837486415,1.5390130951428447,-1.2089605789006181,0.21537652811076827,0.13508548493227926,-0.6589957400204276,-0.15184037555981791,-0.39671022859753813,-0.3660163887150339,-1.1527058306129208,-0.0323792319893343,0.7149425239912359,1.4661402018149012,-0.2694843704442495,1.787160026752752,0.8099269024959355,-0.7317101984559862,0.9364981291300163,-0.8800143165294141,-0.6259937463770331,0.08658750304826955,0.09560182052792765,0.3666580107789201,86.0,0
86851.66859183235,-2.609456486077204,0.7690175758461699,2.28689835570576,0.2878380305691882,0.5743755296816438,-0.8187772949060644,-1.3016381179730017,1.1404538051727826,-2.7860169627706597,0.3467274785712444,-0.7457981272038725,0.6018903203875943,0.07934303820487076,-1.9524024894307186,-1.3458824729428658,-1.0016320652645823,0.2620166455576035,-0.2767818297030146,0.279110804305332,-0.05372667552886094,-0.04608244780031045,0.43357132287900313,0.2772206273829126,-0.654651474121055,0.9502768176652469,0.1455313109099061,-0.326713489912697,-0.24922651824845632,10.54,0
86858.91378176144,-3.5980867428495276,1.3024751316232175,-0.5002873950809219,-0.6478780708882134,-1.6836244238779954,-1.3855176745051128,1.324087921328844,0.18460056282447915,0.4699856133939382,-0.10133613073300511,-0.5345626907962285,0.23736441847728248,1.186215177911166,0.5751443410286428,-0.003096844865378707,-0.5992496635263836,-0.553890077306601,1.1615702863394057,-0.10859433999705727,0.4805931245776436,-0.3122302850424594,-0.5380779395949148,-1.1261233263495678,1.321806533642273,-0.3243151888135951,0.10633500341209669,0.43162026414896765,0.05992956794572941,8.25,0
86866.06164485966,0.9913595234382659,-0.4156699695126281,-0.32022541662684867,0.2629929319488417,1.8848042729387948,0.9386362271259693,1.2896667449164871,-1.2326858294579786,0.42967218503716464,0.011699938441445549,-1.3991774998787538,-1.4424542263700493,0.25867933972986773,0.25395940844594717,1.638314996230562,-0.45266700452495817,-0.6533601940117171,-0.2643045735986402,0.7216792213962814,-1.4938177228456406,-0.1945639114364759,0.18389907882543685,0.06691647440318625,-1.1994788105292375,0.486308305864987,-0.0005339797554249828,-0.22684394640272346,-0.18169792092487647,133.83,0
86937.92039257051,-2.1633418928749224,-0.9900365995161956,-0.9526936755446884,2.1368378418712246,-0.8376084884940445,1.9410004167265682,1.0632244819794712,-0.7622320641246512,0.019401615483439525,-0.6433296467289682,-0.8031736269466507,-0.34641288113543695,-0.6599310202494646,-0.18781829188297908,1.5540058273201853,0.24920902880654888,-0.2920040000070877,-0.8073150863307994,0.6734617022995444,-0.6599048881015361,-0.19471473978293843,0.19055860508537972,0.18170875864481437,0.26581441585526355,0.44160238662472534,0.3636621815891178,-0.6938128433752716,-0.29485107684517337,93.56,0
86986.47706555243,-4.218090089759603,2.3632810658612473,-0.43631923412036566,0.8575488684770799,1.2583789935818412,-0.41641528027531016,-0.01947665165682801,-2.296760852006368,0.9814035196886205,-0.8241159153647225,2.0042403710362913,-0.6294475419777283,0.40095811237264045,1.2390148997024075,0.5131080403173693,1.5107832823964389,-1.1307541684577622,1.4582813441523867,0.4789827214233745,-0.8344442808835629,0.4073620828186351,1.71722657923675,0.6615055359340782,-0.4550972526292598,-0.6541173745152233,0.17413249983603332,0.558389257901568,0.3319958041148608,15.73,0
87303.56794001014,0.7575744179146134,2.8887701777712778,2.157858366929577,0.7202108622473702,2.175721706447316,-0.3179818774516252,-3.6391776390019506,-0.10482279928201503,-0.7449583890245536,-1.0960583969229734,0.7584804315204225,-0.4771585464180041,1.7094395785841479,-1.3406472769696762,-0.6716607693669372,-0.6030874319905453,1.495867376323869,0.4348252526561666,-2.0600034480897897,-0.7322082143002603,-0.8134020328109904,0.22607518890661613,1.1143075916399043,-0.21140153132318684,-0.5200671724514907,-0.4262252112958345,0.07333346693226762,-0.35848334157929407,26.02,0
87413.51660180464,4.877589901832826,1.6269819051039096,-3.7802153327119603,-0.6091904750266779,0.6308854078542774,1.9650068282645976,-0.7907488328954522,2.667334829250592,0.3686031393593636,-1.5284929600979644,0.9538179964579748,-1.3277000621843986,0.9186350338974509,-0.5780045789986027,0.8093808892416424,-0.9029818656308086,1.2905758562774277,0.003482942175135867,0.1015901803291521,0.32453970653432845,0.016677484034762304,-0.5897533070722359,0.5557712202234825,0.3676655432386551,-0.1545985954563265,0.25514340895569343,0.011888875031505632,0.0996885621151039,123.53,0
87711.01255364435,-0.015066695355208319,0.14356552626310326,1.9426622759862338,-2.101177621200382,-2.0698342610495675,0.6803514685869467,-0.7712736146683978,0.9723059736865326,-1.7323313576136903,-0.9654166311112153,1.2118441735861756,1.1266395170168066,0.5494727711192002,-0.823375839713308,-0.4174015552269448,-0.09173695066873029,0.3911705450155066,0.5738346142165689,-0.09131351222408907,0.8028256014096449,0.17886916524469165,-1.0606533567362861,0.2695879024966975,0.33785683852790577,-0.4487643872216545,0.11901013808546904,0.4362754302379888,0.10495642666831927,74.36,0
87876.94686773133,1.6384082354803244,-1.3399238264132267,0.5153655662555826,-0.29508853653166633,-1.2705540220165026,0.587703964665082,-1.2052640450968015,2.6428904410584346,0.44651719101231807,-0.18999441257617475,1.8863405404349707,1.6068754474589433,0.7275278890125504,-0.26990222587191254,-0.7060206542769104,0.9165844490505767,-0.19579511035087924,0.22885090226088525,0.1341997812259154,0.2698420113013697,0.2888949769268214,-0.20136151446579892,0.4139569784192879,-0.4120402423492365,0.9028713499062224,0.29504122650770626,0.34750734284829554,-0.29224812343106543,78.31,0
88253.04790698274,0.15702362725118743,-1.376743921590248,-1.8332758323623604,1.708499665247553,1.8286115566225944,-1.5869486431713693,0.1502648169667783,1.0657099313041096,2.1528738743671156,0.11490330569924087,-1.8156532926963083,0.9767490003779886,1.4418575453354863,0.06560913577113105,-1.9668721554403932,-1.2751122592528648,-0.17293685210154325,-0.05804998149344776,-0.6170376832966873,-0.17083686772738946,0.16182948701624092,-0.08761603325530509,-0.1031040382943647,-0.8230234729487977,-0.10175877441845865,-0.050876007912440825,-0.3032312741649988,0.05268756929632392,20.99,0
88355.87578397917,-0.196786355360693,0.8693793884862625,-1.633063034285988,-2.162218196180646,-0.23458915780289458,0.911789596790552,-0.516361566417725,1.2406467962832552,-1.1008752207684576,-0.29664806276548744,-1.2596294692868597,1.272152164470407,1.077547744912686,0.41689344428686176,0.09080694057779765,1.2896410408982153,0.657540561080139,-1.108312184840736,-1.0816679948070982,-0.48264283274346226,0.3765625505168054,-1.6052300657866851,-0.8961995548353328,0.3787181473125129,0.46657558390849396,0.39187539982503855,-0.1789056185965359,-0.32071587227123266,88.3,0
88413.76857805018,1.7961781782307702,0.6965306922364493,2.5498369637048337,-1.4938084107994125,0.10934912055948834,-1.2370852955777172,-1.0160156915169833,2.3820346478838035,-0.8414351808423591,-2.58780221207406,-0.8220716602112255,-0.35889659513028005,0.5687057007261118,-0.33596334117574495,-0.5799412676599405,-0.14783745699914755,1.5267846522366662,-0.2262279870295786,0.3745638432605822,0.8630211798840459,-0.42113449476078224,-0.5191626194089177,0.025214381830414623,0.3363749545408044,0.270454531300003,-0.03018809621901359,-0.443105913511577,0.1780326297226786,131.11,0
88485.58372964936,-0.571477896137317,2.3287975022366196,-1.43574413651618,0.17885973231466457,1.0487296150194116,-1.5109079814992257,-1.3044749139978586,0.4566311051660726,-0.7864833464079537,1.7323234680040835,-0.4791445655575497,-0.6533866159978021,1.0705635049640396,-0.8498740138037139,0.08535501258083139,-0.6450355727475817,-0.4974934000457237,0.5204349233092462,-0.29285494090345604,1.601752171041848,-0.6916053611736724,0.21453954245685605,0.22353510643193789,-0.17185341926049222,0.14029439325602736,0.34940524958079944,-0.5831379554896323,-0.4508169262835436,192.78,0
88813.27181090202,0.520317037478557,1.0817731911747177,-1.7516897009801464,-1.3940810013067353,0.9622921257169432,-0.4587677885862552,-0.8816339080455589,-0.22401873379796802,0.14067796683882922,1.1958031701413625,-0.3054596787691588,-0.7971166066749841,-1.079626837142435,1.6338806027876907,-2.1092118050517175,-1.4106718419793622,-0.9732480818378931,-0.10278667441374752,0.4654229620533548,0.10817702133094974,1.79894443718974,-0.38747259589827693,-0.7374297760402873,0.269347656392938,0.02364679174764131,-0.22115399327833818,0.23078610206262667,-0.1168866673206436,118.83,0
88855.59708236478,0.6266358195441732,-2.4934249951105687,1.730377374546595,-1.122044741721548,0.3848721771914596,-0.7782142156126004,1.3810900435780944,1.246890519245983,-1.1761285016116776,0.49153142262928273,-0.45578377467250686,0.6395267575757916,-1.5002208507498789,2.336978500488109,0.1525867810771614,0.6290134966708804,1.3440379631205532,0.7535668299158875,-0.5491015456489323,0.7286158396667773,-0.22223719073618936,0.7015944250819761,0.8123408914215678,-0.2694875317481831,0.6477155648180752,-0.18769559331966307,0.15652333780874594,-0.08715709448277838,76.48,0
89212.56978366015,-1.3111623325917725,1.748322048645143,0.5161703061447619,-0.5996888281442265,-0.28927947429521605,-0.2914783619139407,-0.8145188685237416,1.7547430160076718,0.46214291096889604,2.0982477471280028,0.22832364861264895,0.21842378799678785,0.15906358822874964,0.1390712124317019,-2.2299085131585374,-0.1470768630292985,-1.5553916950430735,0.320275714535894,1.1505794074757316,0.2688699339353938,-0.13664196873741274,-1.131908905477761,0.6156026064487324,-0.5008621394530187,-0.42761798295946296,0.29051632401908045,0.3033869723431882,0.38043110163227806,99.6,0
89563.2172912348,1.9390300659569029,-1.6550131348006631,-1.424219707422259,-1.9334810139811214,-0.43310798320074895,-1.9211551054382703,-0.6345782673977328,-0.5769947041630668,0.9318887946710265,-1.0727487299961833,0.03938837364432735,-0.08885353449623937,0.07064988141443165,-0.7330432473221383,0.993588378576542,0.15522417591432994,-0.8784298205180588,-0.7338091579126402,0.8126950640018877,0.586788543510422,0.4952231099357422,0.4899156689283547,-0.8403916606928183,0.0035139436096510157,0.90280822319028,-0.1608773010210598,0.5108578734890108,0.047332105727275156,59.11,0
89642.86911227972,-0.3457156890217379,-0.6355284990960888,0.33082626001366117,-1.3791675506358987,1.1857460989250008,1.2861212735644936,-0.5628403046921291,-0.8683158147444169,0.5869763455126632,2.076411779718124,-0.739019285104343,1.2970136088230673,-0.5419115458600665,1.4298667351333725,0.4750815844617042,-0.7922542303025621,-0.2161919923037016,-1.1022448735583166,0.23910626160236398,-0.8943300668882171,1.168090156523415,0.6618809951585891,0.8363570207683736,0.31613650786499703,-0.6685928683508997,1.0657288797783213,0.3088232064152726,0.32635606031086845,22.91,0
89651.06556692826,-1.4827718918417205,0.41729560994565884,-1.5577267330740028,0.9960533174557934,0.7648692023469937,1.5118122430163787,0.4172453898481195,0.16916512059467018,-1.95468757273954,-1.0593935564550983,-2.230588556989011,0.3980514732872248,0.827785581964232,-1.4015919945103832,-0.25823605044484393,-0.27787792492172525,-1.3582825382581238,-0.13152991845045514,-0.17637353616142154,-0.37255027061633056,-0.4004937557947684,0.6927952018988278,-0.18904101298381684,0.1888088380557654,0.410135916687627,0.273304320521903,0.3442736186488314,0.18929642201227478,190.45,0
89664.82813123206,1.0471928073067216,3.315045037041633,1.6749037142490808,-1.8510089644209022,-0.3565353370885046,-2.5978950644201264,0.561674426766217,1.0043380176400079,1.0956048489491854,0.26397549847489127,-1.0162757085058767,-0.8577779752755869,-1.8608019164437328,-0.3241421012804197,0.5124810308564669,-0.4259750514160718,0.9653989452460974,-0.4381589029266636,0.691617489365097,0.30905892091640147,-0.7333825354488357,-1.1373506436766418,-0.4770198288754506,0.31014586498299135,-0.730092292688692,0.011543162723548231,-0.8275525425839367,0.18710932630728144,67.73,0
89863.59351535629,-1.7621932918914986,5.164876551643284,1.614934642996031,-2.262327462711772,1.4958256038100797,1.312371698799339,-3.750536419146511,0.964055634023474,1.0318080816675554,-1.3986283896130793,-0.5607800211013356,-0.6984777503432528,-0.5327741859975877,-0.6742638981295631,-0.8989024252951411,-0.08466889177661296,0.7434767904924126,0.28073413310220346,0.31706903306909184,0.9393053691996943,-0.9116938020937724,0.22701954559932028,0.6608452052763096,-0.46052497354748373,-0.1620011210510107,0.395820011882752,-0.12201728799448874,-0.11425987369100567,80.33,0
89880.09168414357,0.051991683221162446,1.0091794581504527,0.8102409928142554,-0.8919652771690427,-0.17914805020652916,-1.0785687378460704,1.258083424156735,-1.715493047197044,0.9134798945114233,0.017709309513606046,-0.25053904579657243,0.6778281491189606,-0.4829598604516792,-1.1232904222858235,0.06332050682405212,-0.5877654019928622,-0.5013159337765708,-0.6001482578916049,0.19166846400944768,-0.6271090913338621,1.1659042466659362,-0.4864393413235669,-0.031471870372398285,0.9612333410748239,0.05127742981289042,-0.23285611059400008,0.38455740602979444,0.3489158437973867,411.03,0
89905.00825456825,-0.021034207723607035,-0.30221108784049155,0.5512973317761332,1.0364451546571654,-1.178517682742842,1.1500133584734247,1.7689270035523221,2.306706589897963,0.4087159661417995,0.4260271505358442,-1.1567333762586915,1.041105643006125,-1.6342509647363246,-0.2710933032035617,0.7250450739424458,-1.3523046387283273,1.1110017268876342,-0.5143160781663079,0.8467408641633225,-1.5644814271179883,-0.7621743956407541,-1.0214668538871297,1.1630304025437768,-0.20669929043002613,-0.2511626733585625,0.4456633719564769,-0.4651182287870238,-0.12255804569930488,374.05,0
90239.45739138976,2.1227750106970484,0.889287230820805,2.6787349958913578,-0.27874013550203225,-1.0503285755516045,-0.08679252655664481,-1.2938651729790827,-0.7713663250461223,0.2402259755009681,-0.1684759439464737,-0.5007849667166789,0.5462334886142531,1.4966318880040477,-0.8370997908664947,-2.8373773827294357,2.416928213472228,1.258528825035174,0.8794964656958085,1.1592336949504418,-0.3803630738304217,-0.021671159162950062,-0.30150119030154116,-0.5225869258096901,-0.07106687327692492,-0.09210890226347605,0.43223524228226023,0.036802651217218194,-0.592860600720706,78.59,0
90324.05105457352,0.9261786168616079,1.4755712447208258,0.0010552519429614215,-0.6577154111957181,-1.35426308053617,0.04314258206132304,-1.197926939398777,-0.3178736235185298,1.1366881695020852,0.7862429434280228,-1.1580886091697948,1.904671763442222,-1.357163718154328,0.012495932647312923,-0.4126383879952941,-1.2012970351222325,-0.09995738760265901,0.12358198129926624,-1.0227200992952181,0.7832056638267098,-0.7176056406050134,-0.6578365107132069,-1.0608244169492924,-0.7992503591219923,-0.720605452603942,0.6054300635038016,0.20723019013386434,-0.07415222620085225,3.08,0
90381.52087670566,-0.052178666406581545,-0.5304345183579106,-1.7950487856827377,0.06288593242035646,-0.3774319670091103,-0.24269419363128275,-0.5549026832881652,-1.0866643031892127,2.1202623800869898,0.1103931930235081,-0.12603565466534006,1.640214647298079,-0.5863394219801138,0.02656761752233119,-0.023718477841691066,0.16473287230567957,-0.39339519561381403,-0.5872744389246685,-0.8581727261172994,-1.2178137189895673,-1.0627932130193345,0.6668589387883886,-0.17196718869719715,-0.11655147671148183,-0.5122782761771678,-0.21358328884999742,0.17670932291636668,0.1546432498847915,44.92,0
90387.12268984836,1.597834052621667,2.9822564178766116,0.6847826874452421,-2.47164553688201,1.7054997123131002,1.6246683068888899,-0.9315083903848418,3.2553189212814204,-1.0547211210198788,-0.5726740242925132,-1.0986440210926178,0.43450093370868936,0.9099087370205186,-0.601801111521443,-0.18278321618867202,-1.562618356668342,1.963053901556587,0.014512804013984828,-0.6381621535199123,-0.9038746273773948,-0.21572333996949447,0.37105302278275326,0.4831893088444816,0.3241512925494662,0.2624385432116067,-0.5915502924705899,0.14720584290601738,-0.5506803156422792,246.59,0
90610.44341765121,2.7185541511629356,0.38387757098437875,3.1725568946108895,0.7005261827766925,-1.1141171403149055,-1.651997025214693,0.27551304728222087,0.29361897158804473,1.1871690714698275,-0.6214764011544746,-0.8684610977527429,-0.8577002401784648,0.6479868662204243,-0.35877218687992113,1.3317442223907556,-1.7615896984353334,0.6254544155087018,1.151700443744537,-1.2263514688009762,0.12427054733337253,-0.6886625015733888,-0.8373909856023131,-0.5680673326780039,0.463915632658603,0.0180937366265709,-0.2954414818269994,0.23888141569311594,-0.3036501208227718,30.28,0
90631.37202662344,1.0888946531381347,0.8282556168721731,-1.5410158540710368,0.5429795572811528,0.2599571356643653,0.8170497272988054,-2.3979227067649087,-1.0243506095139896,-0.09796872551648854,0.8929040679221496,-1.340538151303472,-1.33374325037279,-1.106149167194769,-0.22344523052582924,-1.032481349187038,0.09078165589205082,0.22130093835843603,0.2452008190994073,-0.05376154053219598,-0.0854639631897553,-0.5082847026534969,-0.5266847243748856,-0.8148746962183248,0.949130503950535,-0.3574499387551836,-0.13663919094455354,0.07228805413522772,-0.4219352640933087,642.95,0
90673.71333459765,0.01708714002290548,1.107462722741455,-0.5479317630877157,-0.5794556508016292,-0.9088769987180206,1.4765878641008525,-1.3773046533197495,1.0434349592579983,-0.14593303955118944,-0.7170273593793376,-0.15445738300545037,-0.4020639073295071,0.6844289868199851,0.7849298613021268,-0.5719645521942729,0.1584623557073492,1.1839763988073722,0.49511882376420047,0.4861299082325402,0.46256427911011716,1.468538145559881,-0.27743378620609355,0.14001418294921222,0.31686615681945995,0.6931578478526252,0.8053938922803443,-0.5825308731299842,0.26873590387687313,7.84,0
90835.0579804457,-2.5714817676058708,0.7018239192068896,0.6345766239152272,1.4243543078871213,-0.3606967363228949,0.962057210252321,1.8955859430059798,0.9291420321142393,-1.6987458378909333,1.0077572936322197,-0.8864734315497956,0.7497487270224136,0.2917430621532724,-0.14358529465370498,-1.7579321912676609,1.1197474440375106,0.2609531379728554,-0.6286323676287219,-0.020098820775749128,-0.9438381957660685,0.3098729033547313,-0.05374587909840981,-0.8966952878991232,0.1691818205114643,-0.6335037325770341,1.0605225455888105,0.2022467947964822,0.5721283033768352,74.76,0
91182.53004123992,-2.088450640414432,1.3946968287332384,-0.08040932997789962,-1.5963281581852262,-2.0890331388558607,3.111592889251637,-1.1436339008799559,-0.22462126313514197,-0.3171420223017423,1.3455473260514976,0.9341866921046752,1.833739287211073,2.3348962979222296,0.7993241813769586,1.3804620757884012,0.3575748620188455,-0.4411736616843751,0.8572331010721811,-0.43768635462815575,-0.2466912184532299,0.6810755789879139,0.728987983872494,0.18764464720114332,-0.26977014664474896,-0.18592752022026351,0.16609880497301174,0.11372144820545318,-0.07241022695034516,64.51,0
91519.38273529107,-0.600747179194436,-1.0228130622305396,-1.4916792366329243,1.597070546970002,-0.30569507760971626,-0.7022408580405184,1.5312751207430595,1.0153200499760626,-1.1035337082699268,-1.8326717642475314,0.4198543658709694,0.41068014384381973,0.40589353283720775,0.5678543791852103,-0.22858055342865014,-0.12818907496827997,0.06813406922956124,1.9362889972804145,0.9148253081168589,0.9259559578012793,0.6028082627230115,0.5000007463015774,-0.20882975661414083,-0.40053487356064016,-0.2610497305253505,0.0040348658968766835,-0.5772802188029719,0.18136682617505054,26.25,0
91813.82949792343,-1.1964783824113039,-0.9249444389355643,1.706881482899194,0.21882445820149765,-0.26858617427443454,1.2841012091065784,0.43737781085247934,-0.993382490676332,-0.5147842337068133,1.2468563258601193,-0.06857122639053513,1.1693444960562527,-0.13926259648554196,0.5540156447678163,-0.4045633242029613,-0.8353949769837108,0.9014987861389283,-0.6614072188607876,0.11182661952281338,-0.9161986693158388,-0.07538698064780418,0.03607770650127961,0.3026542091430938,0.5900023490345702,0.3233290470425281,-0.1696431416180613,0.549951577376453,0.17246136024798683,264.3,0
91944.95334596443,-0.36923178145236984,-1.824504531227677,3.528253447352896,-0.4764415416043189,0.746501226480714,-0.1371030829359934,-2.2288568749551976,-0.5926138978135269,-1.2149252786405178,2.2663487264271986,-0.8156666464356165,-0.25859238687908914,-0.8544884799922678,1.3449793429355312,-0.051050902253678684,1.3297660112325824,-1.7336701438268876,-0.9875645449853775,0.27669936760256175,1.1432787251870555,-0.3236921289104522,-0.19033003257777364,-0.8477828151783002,0.5783621448788675,0.027736203748156517,0.39813520027455895,0.2129563213461057,0.53136341291125,85.96,0
92027.19322945362,0.10772756871072701,0.7315649979129372,0.2996738230570614,-0.028059933007212445,0.3080914583752965,1.6531043715263543,0.7822543130401067,-2.4221376007478104,-0.4982876067781038,0.27855714018656713,0.3938469118776511,0.6180215214780762,-0.7422352656939564,-1.0843924888094518,0.5798224231670656,0.8256069971656207,-0.25198979496639723,0.14642087348494556,0.9374492073985339,-0.8194046135585065,0.1809332970290508,-1.2879049011621169,0.7949103529697651,-0.6525847849148964,-0.05378053602436877,1.0574140983337732,-0.5496320531288983,-0.2240314413706505,23.3,0
92032.00270529636,1.0338463741177193,1.2950807835357667,-1.3727528447825392,-0.1517958967867879,-1.658033221787228,-0.005591488139810542,-0.1452426369789683,-1.5946542630448335,-0.4510494731065205,0.6600636222037183,0.7123237997380151,0.8205819511433315,-0.8237570900834478,-0.45825341375983153,0.31521227477438035,-1.0977748390826494,1.2009406642976186,0.731161139612833,-0.10303232339576492,0.659204554749614,0.12195701331183637,0.9362250748541465,-0.11230834065185008,0.439992827658474,-0.9590336323910199,0.8627418608522832,-0.32529065251248845,-0.07589552031937773,43.15,0
92177.80900477254,-0.14120296687176795,0.7618987783816408,-2.3530611691966365,1.7278615537713211,1.4987103743649772,-0.5137026411542094,-0.5613245745218387,2.1813355964321586,0.10398581567525747,1.141421087424743,0.14965380292018043,-2.0099354145658146,1.3730056151739671,1.7087720692608397,2.4225132852678772,0.03784860486038078,-0.4466058353466129,-0.07657074577374381,1.6753528130505047,-0.2837026943159302,-0.4182834749729156,-0.3256110936496393,0.4674484200705837,0.3958600915694724,0.4536883311452871,0.549571800062756,-0.2244295670961976,-0.11728489731052394,113.74,0
92577.57921064566,0.9492872238724263,2.7818440744301975,0.39368441367853746,-1.5243770698901111,0.29014350847318127,1.7502210288765827,0.30141683867687397,1.9809328093991696,-1.785079897503703,-0.301248989297896,1.6497445193809603,-0.42837722875049056,0.01994151523072106,-0.2490907846583498,0.41283378035447926,0.13165630464366587,1.3427057777467188,-0.8800605345527888,-0.3673911707871335,-0.8791810068997995,0.09366987075392097,1.1269360281611043,0.5877125362945659,-0.6749182637479055,-0.11096234856858736,0.5424786291424225,-0.22471297900993,0.02518884026443014,31.47,0
92633.16333333326,0.12304628152038234,-0.007366239448051901,1.6795490922737106,-1.0795621743072663,0.2736730496845011,-0.6522768756749443,0.5843187567741458,0.0810621394432802,-1.598291152809124,0.20191789544228253,0.4750800428253746,0.9481680603797012,0.5671925160503949,-2.727462437712504,-0.4291458752494764,-0.3013612373159529,1.2284904774081586,-0.09093480971315776,1.6246383980240853,-0.3793098268314377,-0.5190573858975538,0.14108038551047478,-0.7091249770777615,0.3291398636194328,0.06293225944585956,0.40181833856965055,0.11702951247510063,0.8567958495410577,188.5,0
92807.71357391051,-3.870730998085581,1.112140054459621,0.7238401882905167,1.4673666609998748,-0.013397205677447236,-1.8833917584039053,0.8712631811416341,2.0068604175903055,0.39665425959824474,-1.4429940223947706,0.9411921343475539,0.26629528852563705,1.5161475461004885,-0.19643046946295983,-0.5171848342243595,0.6867806425434501,-0.05853537486864307,0.4994139386233256,-0.7965580547527744,0.42435144988538326,-0.12711847168726528,1.4682764835164208,0.540172319520266,-0.6359141237008489,-0.38771202522238035,-0.023363770323398134,-0.38868474486708654,0.009934021348419331,16.13,0
92857.66102284957,-1.8422031270483281,-1.810470633171165,-0.0021220376546524887,-0.843131272426954,-0.7167389845789137,-0.686069639118548,1.450995845522166,-0.19127846615110564,-0.8829757303057398,0.15394364034636177,0.14028679629369706,-1.2191548160313457,-2.356378738764994,0.1309833004474657,-0.36274750795782984,0.7397312801361371,-0.495878450240521,-0.34025429591441586,0.41882801446715623,-0.0012914366737374816,-0.2471651981389662,0.4387184522763927,-0.8730406588699376,-1.473352573760965,-0.469717151798923,-0.35653772763575853,0.449717816614539,-0.2932448179616824,27.36,0
93194.02466508912,-0.28527438412172496,-0.6407221843851266,-0.8942267472791401,1.2751319480026941,0.3005147805499365,0.8320083978497104,0.502410944244919,-0.2917628881011031,1.1832004379800873,0.5490762481513655,0.6968851887562132,-2.464894335544083,1.2807849824570798,-2.5356013029577413,-1.3786744760424956,-0.16415551906945844,-0.2514056405333949,0.5070683823888922,-0.5259847536715284,0.8667776123231604,-0.9312729070194392,-1.0402425894793907,-0.8393971775573721,-0.09606521761621437,0.7844157074701685,-0.01056550830665297,0.4169172353260117,-0.3958836789556426,13.94,0
93417.42393325352,-2.3715101194684833,1.156625786088058,-1.6586788032771282,2.4062881706030605,0.6570240427225094,1.865113400922779,-1.6947323913210024,0.06987493890355709,0.2458334527985663,0.5689177126566662,-0.8149435450122939,-0.3802504676704133,0.05736671968483695,1.2927432575214268,0.03353981013933531,-0.24407626891913464,2.315192686049642,0.9727600320526095,0.9092121927893043,1.1115186613637347,-1.7243412085383174,-0.44701280643075697,1.2027282753905932,0.1575899735850205,-0.9220225359130434,0.20364652801167343,0.2470103558138448,0.4282570877139967,9.8,0
93590.05921968052,1.1713537070797888,1.4115666954023578,1.2704474465651439,-0.5688174587996588,-2.4165946983439115,0.1532066124201127,-0.5837156638749523,-0.1488919133833206,0.6669040066454853,1.1726593373174372,-0.4675100539511828,-0.0831620870834225,0.4369999987043181,-0.6913128656177183,0.7146887223050263,1.3297186110460735,1.6281605906351324,0.20046074723750731,-0.3921657549930349,-0.9085884483452422,-0.6895979459395131,-0.12393021723198568,0.6807974800727301,-0.06873323999512645,-0.5470838918236133,-0.7031632570381141,0.017907273834338572,-0.29480051047512434,31.8,0
93764.65172039159,2.9937084702990995,-0.4861072056677716,1.3905671329303098,0.9648109355639631,-0.7457859472628959,1.7664256381049601,3.62476748709077,-0.25774311714361764,1.5542383205434829,-0.8500951675739675,0.3618568200707727,-0.9034884595961094,-0.8263910902198873,0.3185936905078195,-0.5648236622164335,0.8291330336011195,0.10746042380047253,-0.02357216695987305,0.23425527499453835,-0.9650842583242926,1.320517939861791,-0.635202250323868,1.2698969506923978,1.7413022924769177,0.7746148572231027,-0.07443783811090313,0.3737495513238557,0.22657945334452126,632.62,0
93773.54160108007,2.382899376360527,-0.11694195736656512,-2.3481500855495514,-1.6334189917579371,-0.3532811776207688,-1.8104857818910984,0.8920786724940769,1.3804189919371892,-0.34464890812681104,-0.5838769749342373,0.35439845826813293,0.13361976999078826,-0.7531157761135304,-0.2187289711667758,-0.7425447553193688,0.06826350952241358,-0.5303211252780159,0.6925987073489537,-0.5325086120070989,-1.0025159229108025,-0.22840500176667652,-0.27479516893617617,-0.2269539346410729,0.2310532064619843,0.33673471446890135,-0.39974431106289393,-0.10965231876060105,-0.23332290837251088,8.82,0
93778.44201491783,-0.4210575683695047,-2.5179844336912955,2.4182651287118877,1.0686959388255766,0.3535767663815784,-0.5877270430408029,2.9180422747825383,0.1827658303943588,-0.6368941112521175,2.085075823728847,0.5243377068884071,0.5004945545074377,0.490794940608768,-1.2481057715098793,1.3856453161328341,-1.4363322682096877,0.10020055737040297,-0.7154009817134855,0.7606988169064159,-0.6896398303485725,0.5671285801016617,-0.9930220921043666,0.06253497451897455,0.09041696062310732,-0.16708883655636025,0.4895670920671632,-0.2883456401258035,-0.43429640424411914,21.33,0
93921.58597760832,2.9153484976518236,-0.5908004357494291,0.8741845310452607,0.28244071386052017,1.64960955321591,-0.38098951939584436,1.7185069606913,0.8608299160038747,0.9593308220242831,-0.16368133469817342,1.1329737075377035,0.666410827897643,2.3864560669177455,-1.0370278515094529,-1.309649640111391,0.3084582164746412,0.21043476866016855,-0.7977777252569088,-0.5367514631034542,0.8557814584376072,-1.558212281048896,0.002940384206140753,0.3227979374931398,0.26184994248593774,0.6526513456999616,-0.26622292452979923,0.4744070638534435,0.2065891918462082,28.22,0
94278.21625947903,0.28787862858866525,1.480099716996069,2.1290724649873827,0.6698476334118957,-1.0679892042324837,-0.14842143457585058,0.2975306679756955,1.2453507522727087,0.5595663164100484,0.2214323917627317,-1.459935485525339,-2.3899611140292603,1.0052377266747758,-0.9058083359858939,-1.8971193778199757,0.6215528908720782,-1.0826013680776927,-0.22291613269467153,1.3684567076250147,0.4362562084468729,-0.7403224697407774,0.17104839160604557,-0.007671216909773268,-0.26674989371834124,0.23563394315640807,0.15815106920298508,0.1267870530529542,-0.21656495591201635,85.95,0
94467.16258828397,-0.6631248678010992,0.956854563840528,-2.0386522159987006,-0.9139782030220418,-0.689362353336925,0.11707495571720304,0.37094861115357686,0.4698012497785902,-0.20957197882756445,-0.0720988611933199,-0.9973669794804173,-1.3380831020372073,1.2674347785235414,1.0521896320452893,-1.0590464010381384,-2.4313786892797187,0.06803104678882045,-0.41113495424961927,-0.813875505290175,-0.4164359395196506,-0.9940106419743062,-0.7297633813459538,-0.4572023824927087,0.5652572911770702,0.12394068975055454,-0.3388808236450463,-0.27223833466255903,0.14503942216818191,121.8,0
94816.80893223114,-1.2040950911380333,0.833107644820979,-2.074673404811843,-2.3518274925845013,-0.7095152906083446,0.9280717548025601,-0.04536410003719893,-1.1681952950717376,1.5330084893125666,-0.9016235941385163,0.23886189730114926,-0.3184908975038794,-0.19001961489809205,-0.142721759295715,-1.4140286237508666,0.2269926020569306,1.1482057448620644,-0.6713268895188108,-1.098643430501558,-0.0045687829251392234,-0.14971867545817297,1.4065812511088285,-0.5490444430515331,0.2202195672029439,0.12023944332206764,0.77179298532535,-0.16614157638113633,0.17032617602331543,124.13,0
94901.97384789996,-0.5953534311096189,0.0845561559945453,-0.224917942637214,0.7126269348029739,-1.1091832853568677,-0.589789727074813,-2.1408328186017376,-1.6295190736558456,-0.2370706944275616,1.7861208429672606,-0.7405890130483507,0.5669279294714066,-0.5982030211040472,-0.5054239378151997,0.3508108764349597,-0.36417617148214426,-1.5660147375913436,1.5289257673518857,0.7723678194988728,1.087270196630722,1.7732615483072356,0.044872563518934414,0.1307869175283924,0.19240285823731978,0.2452170880574432,-0.8226178168714734,-0.29310204093085246,0.18641165349340466,0.77,0
94954.1946344829,-0.7631500486855581,0.013649980432013266,0.7658206312327274,-2.9214667699602135,-0.48084525258195165,0.19049341967092745,0.021922596796303855,0.18113197927836103,0.03336676432220062,-0.5784850810391907,3.4712613083090336,0.4831731283625439,-0.7787950994476894,-0.905349130378444,-0.3333852962679612,-0.19100863476526303,0.7171138793261744,1.8142313041942564,-0.48453697441683324,1.4758260713680456,0.3357711365101323,-0.5938142195829368,-0.6536425054801247,-0.3777012664183945,0.2663117196553233,0.22950778137968167,0.8058917009409369,-0.09242177406983783,93.95,0
95365.08648552091,0.33045815662939954,-1.0943126183072798,2.7322014307646905,-0.44925354156929226,1.0652945037669093,-0.055621052663731546,1.4909310013960693,-0.20476124695681164,0.020617414618540494,-1.2375404736295736,0.5326623598250212,0.46563829183460614,-0.4862778813689834,1.1592369179902646,-0.2042118391017211,-0.7980629902018853,1.193759489941997,-0.29570575990085873,-0.008548669734348062,0.2040835259274882,1.241017973610266,-1.1835571141176375,-0.6707944606168598,-0.9483626793663699,1.147697865555543,-0.617906353678778,0.0019146573922858956,0.2343159205806228,88.71,0
95389.33647377537,0.31118910906889435,1.1620888021298899,1.0748509884318618,1.332686039234241,-1.4581163988081158,-1.2327465055050473,-0.7389083498254803,0.1071102780864838,-1.034360803942191,-0.4938903598104084,-0.07727699180393799,-0.39806112136081645,-2.0507116682850093,1.4189633466039016,1.0531234892802868,-0.12675534314639195,-0.48893852155191353,0.07639593091482144,-0.2651135580224537,-2.047360979556637,-0.18792298796978524,0.0422820055634235,0.24085735398664632,-0.30320766765945856,-0.099004078535148,-0.2467060567924883,0.06313605686213784,-0.31646992909169025,64.92,0
95701.58951027301,0.002782347824303695,0.700805137033835,-0.3673706135799019,0.2717843943146825,0.590954195355502,-0.14722830964418687,0.5071126073974626,-0.01762190282020184,0.0828275342088513,-2.198692579065944,-0.5261074217387214,-0.34172799129855397,-0.7229121670233569,1.14818483116395,-0.6362461485539945,1.235134209714907,1.4714430578148143,-0.15714651202032567,-1.0717495262724628,0.23332153322871618,0.9986587380141495,-0.19021371116794877,-0.05848570290125347,0.1726539807964573,-0.08291982245682457,0.09916234244631211,0.28760676603536073,-0.8408293809914129,42.45,0
95757.52541070897,0.8522523201638375,0.8187524789328328,-1.558663918546881,2.7587118723065203,-2.3543702962599227,-0.18731307188360335,1.0486329849178129,3.1169497534717383,1.5388607802695373,-0.7143293322772533,-0.4898560867455168,-0.7463645567286682,-0.5583538609755234,0.4773786188798882,0.707013750954185,-0.390443858121696,-0.6017757202897328,0.9249662152485216,-0.06536394633515802,0.7250559014248036,1.517744946145036,0.5669408881924488,0.5738278843957938,-0.2688016764309257,-0.642348610583876,0.1229303403476198,-0.4839031089120792,0.24140599400111268,142.18,0
95787.94544154995,2.327854964141309,-0.8713763058898,1.8712705069760873,1.4515175909951186,-0.7770093780475079,-0.21594180713479502,-1.120797996905734,-1.6022207213040278,0.4883247882741852,-1.0625971617728291,0.034095772265803403,0.764876739634622,-0.17337731603996856,0.2810635156983242,1.3814111980786674,0.8580783355431925,0.3819391073477966,1.0904952003620354,1.0275969385349346,0.1772759871460639,-0.08162150751676689,-0.10523610367778821,-0.26045553087040496,0.17817317440435437,-0.024440015029730033,0.11031884035794358,0.4371329525625677,0.05607885979247415,37.52,0
95934.2586378943,1.8558470397462055,-3.572962919924086,-1.4649280733687404,-0.9257673258504222,-0.45637064364151914,0.0471304877806793,-0.5561953670082992,-2.3976960341735234,0.03147912644056805,0.6802276085077618,0.11812602665909297,-0.9404139125598263,0.13371626122904795,-1.1779410549006726,-0.4203678105524883,-0.7087107719778141,-0.2682850115159284,-1.484929128542141,0.8143828011634022,0.5644258067735655,-0.39663688091310395,-0.867338427045455,-0.3562149931778495,-0.1399231672288277,0.9740121891290753,0.0728482636405993,-0.24187659826887611,-0.2094892600618656,23.27,0
95974.1552744892,-2.91030040794219,1.8233695941164139,2.4769864055818624,0.038751547477414695,2.3155747177914328,0.10582068082372918,-1.2541106619685964,0.402508078946788,-0.18135690078509198,-0.7386508074777114,-0.4657653869614564,0.8475239031149254,0.36440597225563554,-0.23795047446478343,0.6721443892106813,0.67520214456895,-0.26847948395533106,0.3974285870732967,0.18613697184580907,0.2794342099202602,-0.9671335420724131,1.2110137738437416,0.2592206514666604,0.2624497200695365,0.515975053274206,-0.3107596405906959,0.729338068211213,-0.5042980184758273,33.05,0
96204.17380966296,-5.003223915519591,-0.7930212422100706,-0.4307644044610145,-0.06699267241585351,-0.38074041884395804,-0.5730681740265546,-1.0130023555998076,-0.4521460211228634,0.36238600535571913,0.977420777991475,-0.2773092168593934,0.19902504969394022,-0.012952196931513945,-0.6623877001246714,-0.22448394411947545,0.005743731051120351,-0.5382727117716287,-1.0919273212297804,0.9032682481594466,-0.9484038192622649,-0.22794956694869012,0.3148659268004364,-0.4975586445138766,-0.5917752344348826,-0.2808705698640548,-0.07980462000975624,-0.12427753648288326,-0.6978845165318153,51.57,0
96210.80374270324,1.8260216187892453,-1.4304190454483736,2.4193947153663484,-2.2401045910527455,-3.044941979165123,1.7056395149719235,-1.586303668802515,0.3828431032081251,0.8247445571345097,1.5387539406977717,1.3833886856548194,-0.05635984703257936,-0.5794427812989386,-1.7685843409063196,0.8435072869989011,0.31555399720598887,0.6058166822387876,1.4686138574535077,-0.8656125914743549,-0.6796443518395626,0.058532619974467265,-0.18558469852066972,-0.40329818457885264,0.11818386944667228,0.018286430693833747,0.014786904858778364,0.41366502170456393,0.01710065500936096,21.45,0
96487.78712034923,-2.679243390326686,1.153207779423469,1.0335835640492075,-1.3314196934937934,-2.765092606754437,-1.558300072366497,-1.1094265876012988,0.7057684922976046,0.6696376318237948,0.8602159488676826,1.4246848352925736,-0.6740413360248073,-1.9612921607273053,1.0244502315043176,-1.4424766739837382,0.010604752531102846,0.7364343943282514,0.3675528116991128,-0.2677306305689048,-0.2437395465158404,1.4867464383840123,0.1182461172280759,-0.37899866476750554,-0.38791863222258943,-0.6733980737757574,0.09392911231184599,-0.9944120410738038,0.5638850986140755,83.29,0
96701.37212740959,-0.4432247130678614,-0.6488784310247144,-0.20671639655455804,-0.7938951786434479,0.04636341360780888,-0.9588757732163016,1.748095357863791,1.550079779437475,-0.36910134130920796,-0.23519438356464095,0.2619240026222317,-1.3797456144192748,-0.5733085971272848,-0.6739857095379903,-1.5102825652811105,0.5716302625296084,-0.057572964923020026,-0.6880409601164862,0.3197219024346737,0.8258515241146797,-0.950399261369531,0.34274024013365184,-0.12864199118187605,-0.9325531947818736,-0.5027196268204651,-0.03225306175032854,-0.46787680137965787,-0.04805320912027987,191.97,0
96925.59397754246,-2.2940174063800183,1.7615846535969055,-0.7880085066688327,-2.8829792102706575,0.8481255539367188,3.7200440114541657,-1.1279378964377187,-1.8156427505211286,0.35566923458869854,0.15666904090228229,-1.3739850369152724,-0.6648946131715681,-0.9704316079824007,1.1590350733243435,-0.36138151887550934,-2.266081946427304,-1.1839876778454683,-0.20182184582713888,-0.10887450994637353,-0.5868035750314858,0.042239600767927585,-1.0379475961372753,1.085398047785629,-0.09913135738293935,0.08054669804919605,0.35216570958559384,-0.11668762285081237,-0.12432639505779339,80.58,0
96984.2095224284,-3.531081485760742,1.0262506689167712,-0.5166860323568393,0.06732427190275576,0.5185441474191649,-1.382567592529605,0.15545810287908698,-0.6695420247504118,0.5269243423688456,-1.6746867219717019,0.5560552815005806,-0.3441247646637549,0.46801688992722484,0.8545972562310635,-0.8172405977453842,-1.2511867994851513,0.3489760230871322,-0.24163297015988028,-0.20368711508971382,0.35567679466321267,-1.3309526405432528,0.11320752686380593,-0.8434708986825855,0.9335785006732998,-0.2552086874735963,0.04463710417779939,-0.8087572989396683,-0.008957769859866418,52.7,0
97600.02909871402,1.0568895182919715,1.1367563080677658,0.6526213460618729,-0.3525786934209638,0.2310453369788107,-1.8045782207561905,-0.6197112070429468,0.5187262158411708,-1.1144939337867568,-0.14549087851957168,1.599003299798141,-2.403195388584957,0.9112163132885626,0.5396629499405868,-0.47628714210694767,0.37307882314458213,0.36536013894673147,0.43844790954819335,-0.9805564527655479,0.23826270439238612,-0.31419868244381843,-0.3278073063908529,0.7932838433967729,-0.8841752382987754,-0.5420784294269779,0.09681275540663496,0.23966692880606577,0.7454863499137219,141.93,0
97650.4930587466,1.483085715771422,-2.2657766699412654,0.11881857306579852,-2.3685498055799585,1.6066665284763988,0.9862964574511857,1.451751013219538,0.9307430827499312,0.18287671319170667,-0.944225511542743,1.4095671600710846,-0.2101684579179479,0.9404985813115736,0.5940847447552089,-0.20406485371104327,-1.802698827835565,-0.18998421240316218,0.8701759512157247,-1.6978686465874915,1.2275806230894362,0.22670276531643271,0.3668712983548369,0.4516854323773338,0.0735743334917812,0.2580459314825587,-0.18547121657123,0.1249605917224409,0.25681691063949574,122.74,0
97870.19060618147,-1.1318677657491325,2.013941110720058,-0.9011276845641348,0.572398621739879,-0.7469343387954324,-2.7713396353633897,1.614705914628677,2.6465470194435605,-2.388336446234331,0.7647526583975455,0.7572182612283105,0.922575802468405,0.7588889477604323,-0.595970160806993,0.656563671615495,-0.4648808244851033,1.6219064855015497,-0.9594231073795565,0.6634832909203315,-0.028155877915060065,0.3741274931915367,-0.5382652791659426,0.9595572700885305,0.4851992480483924,-0.04026723915389234,-0.5092347149651891,-0.3944517664713947,-0.3202459358168158,40.73,0
98199.1801875428,-5.0758993682697,0.4356408824055829,-0.25024619901430833,1.0136737872555297,1.2369320434416926,-0.30975364580584963,1.0640038071556852,1.154101693117045,0.5297874236387428,2.829495145533924,1.4636170087099156,0.5619239705741924,-0.13154688037920545,1.8003870232859382,-0.37639755263683883,-0.043770788852756454,-1.3613219650627761,1.535847810860644,0.19544552985579403,-1.3496164799293084,0.4301405103549421,-0.4399648826378448,1.9209871840879709,1.3971148969914862,-0.8147677163059529,0.07395027049652794,-0.0060758337067464445,0.009007145004900366,82.52,0
98472.37842828453,-1.0726133684634478,-0.61113393436684,0.12097794286481368,0.32153405124384055,-2.2577185133767785,2.8725317955112284,0.37677164801652685,-0.06673870008192147,0.7260436891285101,0.5509554635212276,0.05796107308465126,-0.5119582937298566,-0.5199581091843476,0.04202058981638734,-0.7576417558642603,-0.7279950906097683,-1.9293821126700026,1.3411487010349132,0.73200723387692,0.5029884591531169,0.28972749084387156,1.2053200755762532,0.876549060840003,-0.29807704658312567,-1.0794507629486192,0.5831519972712642,0.3215725863708841,0.1132025823812648,116.54,0
98502.00970208154,0.7638890774255944,0.23997137238927946,-3.234381838285474,-0.4587650214186483,-1.2522099070896549,-2.060087690349559,-0.28491254534346355,-1.0719313861135338,0.8222936872514872,-2.1870787252144637,0.6480515930947683,0.03652553571561813,-0.7450945154744738,0.2927893290068762,-0.3249661312874086,-0.6072267079705308,-0.6369866346245987,-0.7314594209573275,-0.35877471778338044,1.6532811818321682,0.4238378384896093,0.8919031878167261,0.5667601650152775,-0.38248427157828985,-0.29460735480231204,0.21404967250971452,-0.8375473989937335,-0.3622768961179351,25.08,0
98625.92482035063,-2.8985802909228697,-2.9469050188743027,0.6979988468052511,0.8374941307732103,-2.4997741278249643,-2.6441666100759966,-1.4683883520913479,-0.678672114839095,-0.43883817932441704,-0.39550198919193474,-0.695835111108668,-0.5725066648252937,-1.5054542643804139,-0.6286840819607038,-0.7075213020407257,0.24442340603940868,0.6161188619735255,0.06059277340436554,-0.583198609418945,0.5535247788383574,0.03203739246047456,-2.39237411592451,-0.8040924037193014,-0.7070158394056125,-0.8255693035448876,-0.39566534309419765,-0.5070606088601449,0.2592930884256031,40.62,0
98770.09983888293,0.3557992057490495,0.6803517842756327,-1.487753767210351,0.9631940406330937,-0.3807998807114148,-1.9989375281609627,2.3936180084472776,-0.7129318248735016,0.3383020649323193,0.13619824310460404,0.30323153765319344,0.1393513862086487,0.9937786631483182,-0.9020124249877298,-0.8585349818275515,0.8967385442786849,-0.9195669107754223,1.428963341877957,0.002679189713309576,-0.6036026516335534,-0.7693257490500139,0.8381020266091813,-0.7267507902483398,0.6933465637714579,-0.9719105295020896,0.3933254033775147,-0.13321320341278453,-0.28061061503823265,9.95,0
99085.47956459885,-0.03315460061692135,-1.7069941074331132,-1.7516621757218345,0.4353276005964856,-0.06467599301461356,1.2053221926027713,-0.9360276474342791,0.7918014223196103,1.5688756693205517,0.09757993708937694,1.3682438318576475,1.5443819961401934,-0.17273021056532387,0.46270751932528603,-1.4805164117043044,-0.8432197381868229,-0.8544678269363695,1.0297399853046925,0.6930760395638476,-0.8306121317798083,-1.358320816150276,-0.054650578178169436,0.22041131994935648,-0.5253688547321875,0.5913154286639309,-0.16249356923831854,0.009733093508205412,-0.5179220733752823,391.48,0
99264.35817258334,1.130950331380665,-2.243720780334979,-2.563420055996015,-1.167478860552224,0.15710009223013605,1.507923661604756,0.8171337208906435,0.31161733603809527,1.5576349073561908,-0.8017429485727993,-0.6020395885326849,0.9671513560490018,-1.2443081478245661,0.2109928402255721,0.06066645881729737,-0.5042099108798628,0.8253061658624203,-0.28153590480679264,-0.19116762160214518,-0.7311198607159718,-0.402076326409276,-0.515047110574325,-1.0402561609897616,-0.22382476127444406,-0.04832917759519546,0.34494571932621204,-0.02306818594701934,0.02545120550121077,8.0,0
99437.33414352887,0.23093219954788777,-2.5254309667609665,-2.7253851618198928,0.3917143111636941,0.08488421013337565,-0.6803788019690011,1.3048038169039435,-1.594290705106536,-0.03500622662126482,0.27117937292511246,-0.8813352415195603,0.5150438073790111,-0.8244793357367997,-0.7646036866894664,-0.5239165663983304,-0.6423306569102499,0.4006021154335684,0.6800644589801996,0.6503854134517859,1.5493408258784243,-0.10012133116911125,-0.7319874945183268,0.37674881289977563,-1.1211055019824134,-0.1357937913699232,-0.1787732569562705,0.3545660908435577,-0.028742832808538208,16.44,0
99578.01832994398,-1.908246348427733,1.8491612315003225,-2.0588997327543392,1.692744377157294,-1.283472529424259,0.91778281004514,-0.6842689203421848,-0.5238643366292223,0.15096642565374604,-1.3641837118158462,0.10324539345914319,-0.5086046696023317,-0.8649594778437968,-1.393520316372682,0.8821451652212149,-2.1368013113249615,0.32627528462238325,2.503597418004391,-0.8222735443501052,-0.2485031072028917,0.9173668185384584,-0.689862946589702,-1.3078197962436984,0.53763664124812,-0.09562147558433451,0.17027721493671252,0.1903970323787641,-0.0009647477366165674,58.2,0
99617.4348370589,2.3394553176324,-1.0427518896176713,-1.0762590852885006,-0.8446804275432195,-0.26379484155872246,1.862729894456625,1.278256038985915,1.0598624712403373,1.223356194579344,-1.0370741640091532,-0.22957571931529616,0.7464414642925835,0.0449948854102874,-1.2302497518980253,-1.3288061066767272,0.12958679287348376,0.6778537471086108,0.08762440280129484,-0.13414975802892404,-0.5071642165863625,-0.07519701110007879,-0.4945525490963234,0.7055298352692875,0.7041150546601614,-0.5906938569798986,-0.2511360911530168,0.27781271756111475,-0.26240862970696305,178.49,0
99684.37603235785,-0.3135488298622532,2.5481525578225916,2.970704416946274,2.9705238841087254,-2.0716153206175387,2.3934332681153827,0.9410060799491257,0.4257621198779286,-1.659310473230455,0.7114104719312511,0.6696592217623513,-1.7143392949590064,1.069389192683074,1.1592209261187616,-0.4995303984418286,0.8307943910186568,-0.3712457179813507,-0.5287314649422725,-0.05976070259824186,-0.11822156130805886,-0.1455191783813524,-0.8190254187328557,-0.19723976862046688,0.5144530699964516,0.2169224827552333,-0.23883654106862823,-0.5534276578503667,-0.21463662535706593,39.17,0
99922.18212301089,-0.05663769262100045,-0.8875904273984003,-0.7978638539665024,-0.744155107265432,1.8846002324219613,-0.3245369215087329,2.1280976200484996,0.6873943703432929,-0.35940039053611367,-1.1148466387281872,-0.4622337697997325,-0.26570767813102447,-0.34600042422916444,-0.5939740710597107,1.6576656676355206,0.903236162328547,-0.3310693283751176,0.14381246606169293,0.9962182533883779,-0.240464867129447,0.28102442990876236,-0.9840689117396655,0.07733780442655334,-0.9732446060766666,-0.06553131163640204,-0.7576071591417068,0.05797794805549243,0.38573491373733815,130.32,0
100321.02222124368,-1.8303243603310304,-2.8325579400495586,0.2717321110410896,0.04596355681602445,-0.4206026940667045,-3.0711808933993168,-0.5784204184620142,0.46345393569440907,1.471322899645769,0.5931532401720041,1.7675511347824713,0.5785796941841825,-2.250453184171763,-0.3281488983824308,-0.8636683179377129,-0.7656869166783049,0.7025030104279613,0.20574162481939506,0.166454722689706,1.2132736297863889,-0.19933609794180124,-0.7560803776014209,-0.4585720789407187,0.3696199933272577,-0.3923244220440712,0.24702281921692787,-0.12207994137469406,0.15040097673151626,100.36,0
100433.31475605602,-0.8710349467947054,-1.851681642100213,0.610308567954891,-0.9520847112040738,-0.6768109354738601,-1.092401672847141,-1.5841588789449172,1.9628486927127267,1.073566226112765,-1.5037397926552425,-1.3210217163144273,0.7368306865342619,-0.1871988148851902,1.4055328019795543,-0.21964314014949335,-1.102521944183371,-1.1708751000476625,-0.43841644532568536,1.419494313451888,-0.7785673425045656,0.592463311063805,0.23343436092273273,-1.1630299358251137,-1.0141197803573854,-0.31422259945112757,0.17842856154150177,0.5827535031554133,-0.3281790031308503,90.64,0
100744.91740307504,-1.735439559102132,2.053565127280161,0.2007658111766925,0.31620515820038153,2.1967512336808963,-0.5657295962522598,-0.6229396034024673,0.28635102149645086,0.40476624484449447,1.9414323870846346,1.2904169895319582,0.665600253243043,-0.15421395948555916,-1.0870664655758342,-1.1167019641538352,0.023384046981432514,-1.8645524328401373,0.36870317187255686,-1.1003187231019267,0.9147381974172433,1.4489207626768557,0.03513314349367722,0.7560369178974902,0.03633671033957865,-0.637429063361081,0.20562989506893864,0.06975898571991669,-0.6684810332346269,166.02,0
100801.4556586684,-0.3417732924081931,-0.2568913950063998,-0.11619065242343511,-2.4667101226819197,-1.718682353310165,-0.34138123849878044,0.2569466011438709,-0.4637217750254742,-1.6648627436706012,-0.8495101186989727,-0.7821574652394937,0.28685790029787256,-0.22293699914132975,-0.70418272900529,-1.2381498577920078,0.737556534455324,-0.37828064345229345,-1.0481360668190367,0.10316257058049355,0.09817695637770617,1.6038667332219154,0.4021024572362691,0.8179021505536672,0.12558112544840505,-0.20921123658733085,0.13258516344080232,-0.26626104115864374,-0.31368646094917585,1.27,0
100805.43500122748,3.347985652346197,-0.9083188690220325,-1.8154481366075896,-0.773054585034953,-1.5573464077572219,-0.2463852129791871,0.07139607420471579,-1.1024608050524587,-0.05789518641040478,-0.24429376913535078,-1.8408703794335928,-0.20852224932792665,-0.6254586577073323,-0.7446574560180901,1.4143767491550039,0.14120452001665312,0.8077884116049731,-0.5562037012301292,0.1434624242872929,0.9350901337441466,0.0696296798429699,-0.04936683513777813,-0.2154842849343119,0.18937509206542777,-0.12233089851897583,-0.36896149241736126,0.33990800522267284,0.05324009622198817,235.72,0
100851.10687893588,-2.689076284994246,0.2675793795122391,2.207104218979985,-1.5462412998248973,-1.5167331532327495,1.5000623367808548,-0.48492069098826057,0.30270906973848855,-0.6539234594498287,0.36496372400344645,0.2473864773754348,0.5323944484978834,0.21940112871417716,1.5680520386002335,0.15369773687162672,0.2600942928697784,0.22063584780146986,0.6332033580638149,0.5024006008728097,1.224820400399132,0.24538625133616074,-0.9492993142639611,0.40522366351394823,0.32560724392391865,-0.22278986844858534,0.46639289429306496,0.22469286448569367,-0.21697130197921427,157.38,0
100964.83858581634,-3.162196460772054,0.8349620645443957,2.7486730901568146,0.19170269326408543,-0.09456210359875959,1.707929827033629,-2.3519444768974136,-2.941209419380422,0.362575710964601,-0.6198678882300047,-0.2582689587721468,-0.9731045376925814,0.06811040852958866,1.931711234247245,0.11947498851604318,1.0139321541343844,0.7438126019766145,-1.4662223376070491,-0.6651208577520745,0.06940818782133383,1.1554621754741272,0.3575411370141922,-0.23961862834649628,-0.0037669092646432957,0.031381546892267125,0.47938619046294095,-0.32703420021115576,-0.24358002181471775,247.4,0
101217.33423940427,2.8770623178981793,1.8569813021395423,-2.556297339396373,1.4081039800475383,0.596233298727813,-0.22475332330544662,0.5792064271580246,-0.22047577510051874,-0.8961197584353937,0.15918779001097957,-1.1361387973045964,-0.8638568024275128,-0.02285666428504417,0.7284570636242634,-1.5568195489839303,-0.649294565109315,-1.754631532877935,0.7542700850023755,1.3692968412373026,-0.23904284716943808,-0.11136687828014306,-0.7301841193569731,0.17649558090371262,-1.1899893575632234,-0.0383178834660474,-0.3815233209702456,-0.13855215920655065,-0.20232756613558678,140.5,0
101295.82513384643,-0.4129930495063908,2.406659914854928,-1.5551059192602406,0.914750638030984,1.0222472816416743,1.4727851990827623,2.429111373041721,-0.24646130716289577,-1.1349445802723563,0.6339826926583177,-1.7231992096493114,0.05146945177653342,0.4145940615389682,0.7592903104750153,0.32563462710600294,-0.19022679552983926,0.2727482707276788,-1.6810092794066758,0.007904884310603984,0.0550457337071348,0.4962138497016118,0.4679537128366141,0.4647635892904003,0.3259012971893852,0.1229543511927787,0.2567142063898895,-0.1317623389084894,-0.02550799008924735,187.76,0
101401.45046506374,-1.3130854409653419,-0.5953483440393326,-0.4238109458675766,-3.3579227219736363,3.556282310085722,0.48269111566494016,0.5715305129090138,-1.6435120747623142,-2.2818927652002694,1.057451850906224,-0.005435462618675503,0.16402862592687278,-0.42783977845166843,-0.5620969683139492,1.0572343324195592,1.4496631597968617,0.5669426469710337,-1.4465520728061259,-0.88805069155554,-0.06910993743007791,-0.8332921948575079,-0.8471684416059493,0.3397823932323693,0.06035244773832732,0.4943935593762191,0.42244966393621775,0.4892874248445807,0.26802062080526873,20.21,0
101933.05694698576,2.032734501162297,-2.1995230895879128,-1.4646732557427957,2.8914187228232695,-3.1115856741764683,0.09089547581114156,0.7499904780365197,-1.1175460387265943,1.345754441457354,0.871561872361591,1.0050862461846277,-1.8544419748119658,-0.48458990721091993,1.8870865100469043,1.0499567349016368,-0.1697487132261876,-1.1760141177646035,-0.4170656117930867,-0.01570607250073279,-1.274180231610946,-0.22925308702201858,-0.5000238482954735,0.8211288815087737,-0.5467368433203555,0.3118499069149395,-0.22774090771879607,0.08125097467213596,-0.0007584000615446586,34.24,0
101987.13738964329,-1.1888495333452531,-0.6844929805585672,0.7706562993919283,0.41816191200256825,0.8411619541524071,1.216260712785222,0.7047976243168551,0.97800223300737,-0.44405189702755027,-0.18729418067921724,0.6037480106827945,0.44875025318351813,1.38202965868125,0.2596171174812464,0.6092239767791154,-1.1163505007837242,0.74795648402489,0.23941755967593012,-0.25771836404968596,1.2015715757384782,0.8456891543871661,-0.26342607029297554,0.3176076539848354,-0.951438157286573,0.5003864094099543,-0.1436023767636032,0.2898231690007635,0.020590694615834276,33.72,0
101998.24370701866,3.5717635327933683,0.4340304893588976,-1.1055231304666469,-1.0993561346082608,-0.7711906562399305,0.10124793263966951,0.48875186482103045,0.27992264403762346,0.17064196191766692,-0.15961807829778824,0.061372312014425695,0.769455582559602,0.5613010839348872,0.8268504468621619,-1.0375967659693985,-0.5875918874636958,-0.09852126916946083,1.1068838692809897,2.26424030004197,0.19359307909766887,-0.5277524017657919,0.4881176903721743,0.016999991492769758,0.9358270185002807,-0.43942412353077565,0.2576758525304302,-0.1962315502582148,-0.07760101741681184,10.29,0
102091.2607602405,1.3240557773094885,-1.5980669315347902,3.2926594389921777,0.22255426328702935,-0.8116902132383916,2.7549033860115046,1.1472645791321079,0.12446973678684371,-0.0052773019059067,2.5836686299752976,0.4948041087014085,-0.08891768512371008,0.8288789207187535,-0.10201327797425898,0.28384809086302637,-0.8252966086420903,2.668818011577669,0.0479123985775338,0.8525059209179631,-0.893213400583198,-0.09531123119512083,0.1264876744601511,-0.46656303432986057,0.7484481220440096,-0.2625924821542511,-0.7305689588221588,0.13366224425686807,-0.17158122622833313,116.45,0
102101.57343938269,-0.9584094908121106,-1.5870965964362251,1.8112990874146142,0.24954376428734235,-0.8578217629146084,-1.9177197326955298,0.48669117540351475,0.37112254449555193,-1.1809823991990342,1.045663983042791,-0.024793072296197614,2.3869461437857145,1.2280183301135386,-0.2594740714498281,0.6085385544669389,0.320097007455879,-1.8945626219291152,-0.20619277736432562,0.037794259540113555,-1.5908818170229655,-1.1550152661734732,0.0133015665033965,-0.29328130001289815,0.42959061108214525,0.34343542399175075,-0.5266728239879518,0.5195249840995054,0.30554914997040633,13.03,0
102167.66509323781,4.220376621682134,0.5726658280168719,0.3246683708894813,-0.9441035275414016,-1.2574953767846269,-0.6838297238051142,-0.3854443615759809,0.11342391895252468,-1.3924942308455728,-1.0116993464031032,-1.4648156856611445,-0.7005239554066893,0.52789145484898,1.611629106511136,-1.6467052230677888,-0.7879526348101301,1.1888178720653542,0.4839500575847507,-0.09380811065448724,-1.7915031219378963,1.4682913459120353,1.3669755944062458,0.49594679971805106,-0.4093717776984633,0.3527593522771327,-0.47894272251912207,-0.1435666914480532,0.2535636270011084,4.8,0
102364.49818281004,-1.1890441049702576,-0.0788465041951351,1.5626660509440584,0.28030652101647313,2.3289413023889893,-0.1644049985742978,-0.9807594349269765,1.5003509590197572,-1.11241904506816,0.11146348763828758,-1.455749247688799,-0.37551072565603716,0.9303166810043725,0.5231964297648871,-1.0300799972647428,0.24393888911730088,-0.34426240833992083,-0.7277630419667526,0.7719644754179674,0.598340595306968,0.9240323099366629,-1.3340723440923798,-0.9200552319103367,-1.5265837405193081,-0.35124089571453515,-0.8688094206381118,0.046158159853063506,0.699633965002211,133.0,0
102568.02723451117,1.449686222594932,0.05637218525340725,1.682624401723716,-0.8600332143199018,1.1641697659803556,0.5920033941848908,-0.3069781064348416,0.15056377662287557,-0.8010009065874568,-0.3668274239936927,-0.20545366654811673,-0.4098246499075085,-1.577297069259169,1.4065358549361129,0.8105851335527676,-0.6465787627708947,-1.4075963154653863,0.11624075417430312,0.810901019450555,-0.4734806094267705,0.136355095620272,-0.7546274159572757,0.6770943256764946,0.46523184386929595,0.3215281359016253,0.5239348046445985,-0.5428427022993821,0.20842592020064424,209.28,0
102661.03456712613,0.5827710790791941,-1.2572971787499412,-0.8557311860755459,-0.5724519921814486,0.03138090843445817,1.6992855701585776,0.3866193506237464,-1.7565443493031558,0.40183300734326066,-0.14719996281898734,-0.1618012819282271,-0.08780926409407704,0.20611655618953517,0.24763313937677806,0.799490832185686,-1.8732967137922159,-0.4597230295682405,-1.0022275054821048,-2.374058367538458,-0.34691247976339634,0.37041213492342495,-0.7856897124612063,-0.1723992665901374,0.22366997874682984,-0.48937732814498114,-0.9615293478280147,-0.3047071200886227,-0.17125853603198327,128.62,0
102824.70580155843,2.5453557395723476,-0.3805772892238434,-1.239209430556447,-0.9716148045453391,1.8677097675810275,-0.027923457472390195,-0.38963941588422063,1.967309140007969,-0.8810767874292453,-1.3498880311098136,0.8768925961732247,-0.3428301003370889,-0.180737250988295,-0.8217851067579679,-1.4214943985072646,0.2754050423486404,0.23969383164433553,0.06877015105675557,0.5210521987069271,0.38055554757559695,0.2886239908919387,-1.2859446083395136,-0.5015894592816122,-0.22629254935100285,0.2534650274040911,0.16534877122581346,-0.13295608104241108,-0.3103431557140619,155.38,0
102877.767912765,3.0539308225731085,-1.5324479347999702,0.12031826486939379,-2.0284217375031712,-2.092473615714195,-1.8960934960491687,0.3868770145160239,0.4482835196457458,1.9248741980027757,-0.4512231493959915,0.7807085528821365,-1.4315185113920905,1.6795762103346268,-0.5649921048621905,0.725271713978999,0.13555708527669832,0.9004662098369995,-0.10868860458171534,0.02012423068900487,-0.39408135713190945,1.0129055637487046,-0.5232732344121598,-0.6731590910921932,0.6838113473060856,-0.011090437885068851,0.3918478862610371,-0.4223435579290043,0.3256479541842308,80.62,0
102921.60926711063,0.059476300432707734,1.4797929990462024,1.3113153466667336,0.20656684797800734,-1.8410175369966055,1.1306856987258713,0.5406124437358295,-0.7087729883856854,1.1309063507193093,1.9927972998637653,0.6244672687862518,-0.5627958182132091,0.9295735692595142,0.1000020096801664,0.08432268682553312,0.46210173607688637,1.4956038430247676,-0.6721004134814434,-1.0705567622058476,0.4255820009751051,-0.38164095020566796,0.4978144831286493,0.41284194904946914,0.5158020004978247,-0.7192836741553518,-0.14242305551159587,0.5269400865853899,-0.2796444679723715,194.74,0
103129.66955004713,-1.4782155470244769,1.7206002801245672,0.21291942829095264,0.828796740248103,-3.0127524333954048,1.0136702214989124,1.0259546371877348,-1.5095874502676825,0.8894162306675212,0.6380712046901988,-0.2846303997930031,-0.10945313712299042,-0.6284425391251581,-0.6068090907809557,0.7124361138379613,-0.590802671645171,1.2347064219510075,0.13764796070566815,0.7142643684807871,0.0774819418086057,0.5351060592953067,-0.430492948772941,-0.009169237040528046,0.1079904174067531,-0.2237235095512029,-0.32358052796516473,-0.3335698906948986,0.27661718963318627,61.13,0
103228.20475021191,0.8973480163853197,-3.0630373540407207,-2.395678959673366,0.7290958685685931,-0.9679644661634198,-2.5905660684031466,1.5797647029863626,0.47912000834889673,-0.13487996696568505,-2.7366958695075074,-1.4144310972342202,1.229782385325237,0.37474876683735225,-1.0728335006344196,-0.5842043565636179,-0.6850248614806467,-0.8409140328808657,0.13222547351727099,1.826825199297058,-0.06090145280126173,0.7880213988258099,-0.24282807836260428,0.9729012067517285,0.022387833959831897,1.1405513528232878,0.11204722181360587,0.31373285697479314,-0.2607889913468466,396.25,0
103312.33313872502,-1.3300059028859155,-1.5412097709224457,-1.218850875765921,1.1610003785120517,0.22292514600494595,-0.00039945672848091564,0.09577801483457456,-0.13954763448449622,1.668573568582648,1.338965060861373,0.4262416239335471,2.2130293674990775,0.16964576424817768,1.1643401616229925,0.5880185802469085,0.3592726182920008,0.9810626653031077,0.9817347910242882,0.4508461434730534,-1.2092163767203457,0.8890775602975503,-1.2510464748069647,-0.7738227200619472,0.03204399849957391,0.10836009319912651,0.00038166271428854287,0.0747151691555339,0.11892756492663835,9.72,0
103443.39680137434,3.938609507665476,-2.4825492302576757,-0.11091495662111928,0.4593079690789349,0.14155153030578324,-2.120504377993565,-1.6111494710454088,1.899805902653351,-0.24342972691023332,1.199264951441099,0.5423648019525699,1.3377355513438223,0.45628213678435675,-0.5277140601654786,0.7699797228029976,1.3474574471364171,0.3386424072089333,-1.3415512199548723,0.8936249054352957,-0.6283411134176181,-1.6570820488912006,-0.5791465926415725,-0.3543209739640326,0.41379924388980016,1.2021766993421388,0.484570722579888,0.012572930041756475,-0.36344519240465023,147.49,0
103764.50934805184,0.2641264661014824,-1.0772176430168248,-0.1134881118542576,-0.7542002083911051,0.20583637360106105,-0.8836066722305663,-0.42538594981492,-0.41535140136272536,-0.0373116363396136,-0.3933641918422977,-2.449267824276624,-0.7938770395614287,-1.016821218047195,0.13413548579759782,-0.3248026771961094,0.014154758146311577,-0.5707066963556808,-0.06375526107442159,1.466768117626804,0.4687885773430116,-0.44061034144649597,-0.33620596540764314,-0.05668608894396512,-0.5193369867214158,-0.7503048427453827,-1.2710813254984317,0.5923513679457264,0.2663968962713852,91.32,0
103867.86510913253,-0.7184042213200533,-0.13659608576502597,3.000016793300832,1.1889480219613682,-1.9521411608514243,-1.2018992950619938,0.05396673689808789,-1.0079589241727602,0.18480164377393712,0.7899649020635223,-0.8535050231176924,-0.7135250769595528,0.3619716854475272,0.2871713000454122,0.013285298188663584,0.37971468902812516,-0.18580700297888303,-0.6353387451814912,-0.6788874032995368,-0.5221126371248116,-0.7482983626702098,0.4648962445200334,-0.46070626811037557,0.2596599532891635,0.39409112897808096,-0.4445900340962075,-0.9003137090391186,-0.42299087410726044,77.38,0
104219.85929891616,0.3583842452174847,-2.404714378824153,-2.1053246162068207,-1.9220125215090154,1.1100369244860921,1.086248887514471,-2.2614993046750502,1.0818662940998798,0.771827037315119,-0.943083172909689,-0.7063888463473895,-0.1717678990611144,-0.22616796276149334,-0.5696529114483875,-0.5970287826680288,-0.28008114171003046,-0.6187348951874329,0.7263635154425833,-1.5156121049538465,0.9338119646085485,0.10813511810061972,-1.2164814161071036,0.0035460656958651604,-0.5576444517159048,-1.3188920920477472,0.27095117251167156,-0.07788374904877503,0.09283837318573505,115.22,0
104673.04258631525,-2.64057230986225,-1.5285078329001545,0.7700842636416932,-1.275169995387158,0.33069824814441395,0.16082560286220998,1.7101686108858742,1.1174194463898335,0.7001774401308747,-0.5153414874085267,0.12466462526274248,1.7912371708676538,0.28440869879717406,1.4059777483299838,1.5099422517004495,-1.3606603188553652,0.030689028006976687,0.6295838649427329,0.5323514299630033,1.8139983681968133,-1.4787688904382592,-0.3313519179229095,0.19548945963277173,0.8123325215220054,0.002498758280978596,0.023880956197685644,-0.4301284651021696,-0.06834994895237398,163.34,0
104742.12743603646,-1.9053979542405415,-1.664802655882934,2.2651505410450925,-1.3651194388857366,1.0130904093241475,-1.7134789920905373,0.17506581642590757,0.20509165467638174,-0.5272243825910918,1.6487412496776894,-0.8216987169321824,-0.1779233210661808,-0.7223780148347544,-1.0822132191364322,-0.11314656736782241,0.8597193615368786,-0.6359632748162237,0.42405159289061806,-0.20432909448616524,0.5103281577172568,-1.500453563342322,0.787352729829808,0.2965401816315841,0.3240850345816238,0.33176587570031163,0.3630145842711338,-0.7811240890969658,0.03424091036205906,176.92,0
104786.09007669987,2.346977944532645,0.3460203013349605,3.4543897283650047,1.529316200592764,-2.6183230078119646,1.1808731973558078,0.46942111836085676,0.8172715582938513,-0.5910964143632466,-0.2971245349828551,-0.03600559426786915,-1.3514355333962043,-0.5830626929933039,0.25373466804849676,-0.8475600990759652,0.8075357778173221,-0.8953521897579997,-0.5881985385688469,-1.121893247849783,1.1555590240431857,1.5887053034713883,-0.3241502928655897,0.9223107037764349,-0.4166117012749915,0.43953406224847236,0.12615108075281675,-0.4756846676653521,-0.136127464525248,17.17,0
104835.50629458643,-1.289242567051971,0.11704650396102155,-0.613197242896544,1.3349608708229235,0.4300827646080029,-1.911564794757011,1.6816685077577078,-0.04370657798484557,0.7034830234341234,-2.0536280274883527,-0.21301710503540447,-0.5169784459408421,1.1757582679080694,0.23870871521534265,-0.6586802077908126,0.6327743920669366,0.41500997814388746,0.7394862226378873,-0.06632199844415305,0.5599612179931255,0.4511463707844351,-1.5362006189208803,-0.7985653415015578,0.05002680576141759,-0.4141526125670046,-0.06563369953634154,0.007149113676146543,-0.14415820689217118,19.54,0
104978.89004975333,-2.0528136038263733,-1.1962734970743572,0.7485598005114917,0.6900480290805022,-1.6433366070396056,0.44587439505359105,-0.776479954507096,0.28372488371899973,0.7866321755280118,-0.06802437194935915,-0.16025724503132013,0.7536290729110543,-1.0495247408237782,-0.052335199155525154,0.11314697142158445,-0.15660387991246277,0.5450898853126644,-1.278477387248555,0.5899200694608993,-0.4081314459714255,0.08719320391137501,0.9269219144435158,0.20667325299216482,-0.5170973580499859,0.54444870531377,-0.14662483863278783,-0.28868756356328523,0.05237804587931555,1.45,0
105327.84039705433,1.0474725931193114,0.2954744074569557,0.8676315360880644,1.5178104284121348,-0.5501826554412114,-1.083222405870321,0.7067642530747597,1.4064550669527731,-0.43696652788317814,-0.0848256407034891,-0.7324065215323923,0.6858532831206368,-0.975735117349588,-1.256401088210412,0.6870829766400388,0.5322204519516872,-0.16466750734083244,-1.4498820320661168,-0.12398871632899838,0.15839173098040576,0.26501008562206746,0.5320090281607947,-0.3964475418749897,0.914031805582205,-0.275680649143265,1.1233828433524145,0.3574818132874645,-0.34372010645157014,12.59,0
105510.25837357457,2.318179327814598,-0.9056506452082423,0.2986861646342052,-1.2448861549799477,0.738309859388324,-0.4840345750242341,-0.13563113834360732,0.7557302440404462,-1.7546586927224206,1.3187895578285536,-0.6529268409869285,-0.21305811125747093,-0.04960632631857523,0.8440078148459397,-1.2266075150691498,0.794579502547449,1.1875458087782353,-1.0660717891510825,-0.6435107781950912,1.5570617709044703,0.10575554317566234,0.6295984834935658,0.2631773268557788,0.9861152100084477,-0.08294592747413691,0.7414593577418322,-0.08491168891030525,-0.3457345214807032,27.28,0
105654.40024922366,1.4043789124064106,-0.4490660565875193,-0.14872369164016902,0.49365018013621853,0.12528098106360971,0.6786312812496037,-0.22705436386874442,-0.20237155764293546,-0.2316312005497351,0.017316159398830713,-1.1060116795722112,0.6792635022538513,-0.7698809499579634,0.7206545895763794,1.6894995779849764,1.436888697443838,-0.2279927944608859,-0.02818938698419327,-0.18469643787541346,-0.39987113038355376,0.7293514134172051,-1.2664494881049615,0.2639850825029133,0.42368271762850024,-0.22333159121291102,0.2390133323071539,-0.129089911701041,-0.12337258225055736,113.68,0
105700.4511833262,1.9468716756589437,2.7801169418149567,0.6642634222638292,-0.17715395484275648,-1.1783486918961026,0.701590164871473,-0.951448273664524,1.6323835355945124,0.6854068085022678,-0.46184028666659543,0.3933819345024432,-2.3064006001757393,-0.8830137890435733,-0.6543535325159809,0.279773563764085,0.878373895037964,-0.264808822209623,0.5637990407660992,-0.018517235907227262,-0.7977363644556765,-0.464916169858039,1.0961830575960276,-0.604679776617838,0.9459232722477318,-0.5899415179770343,0.03742357372506556,-0.12731413620285173,-0.13669796273679746,57.51,0
105723.28538486939,-1.4848274331196814,2.227299595899141,-3.847765194331292,1.1991682332239375,0.00797722992942761,1.7915140055188976,2.051285461396179,-2.8497528606649465,1.9899137429032219,1.1502704495069096,0.5895266814131727,0.0939779988626684,0.10704340006741689,0.6857498750078855,0.42430230815108855,0.06071283824387606,0.5727023105177258,-2.486365645189063,-1.574182155482431,-0.8709164066136353,0.13526712007067487,-0.5622774391255838,-0.5521483246270902,0.0932417889763751,0.8211419409963021,0.25961862864805246,-0.038957080762418946,-0.3448355873818142,126.3,0
105993.238536137,-2.786788681612966,-2.155584633337193,1.0383539790402467,-0.16306560211514853,-2.1187587408462942,-0.10524555050954564,-0.46282589111644096,2.476078782271125,-1.3250477102774185,0.13432886266692312,-0.7880804812690654,0.8582776595648354,-1.5030213211972983,0.36349897961631783,-0.09200285279920545,-1.1525303211953244,-0.1166986254334018,1.104778048175188,-0.1189416076466611,-0.16380541575404362,0.16516892688308105,-0.37084488626096257,0.3131746890948438,0.46452376988059707,0.027660138680662305,0.399171746674496,-0.16643485669821026,0.31581138041033313,59.35,0
106268.32871580294,2.9361157910258644,1.3794099675569602,0.19333659508607656,-0.5449567352641342,1.5900817280925734,0.41424942065187165,0.8612521105421227,-2.055270790171282,-0.4736330949376927,-0.822857853377374,1.5644611328262161,-0.8519266269345013,-1.0059415046213858,-1.240606849391096,0.014665195669457743,0.14191885274820915,0.07216655896215342,0.10930456149262252,-1.0975948290439412,-0.7700778281853016,-0.7685868604901841,-0.5111254746386692,0.014133473336093275,0.7444568026727207,0.5695968695189938,0.2019484512592665,-0.3388472054476446,-0.11512957951386119,72.22,0
106413.97014263859,-0.6349206774339483,1.348969558774761,-0.336654655984869,0.7659442174755443,-0.2845990328206285,-0.5803414770615505,-2.3098311508046376,-0.7543985029574338,-0.4326094226271107,1.2711166847640032,-0.3198670466963772,-0.8554360665246192,2.0559696766771665,-0.8271747390898387,-0.13880511688440458,0.23115555765349569,-2.192960541110996,-1.309922562741793,0.5341106199631175,1.2953262156268512,0.9342581314845639,0.6858592563906879,-0.13471772901372417,-0.0023769867136045992,0.5473796463844345,-0.3637071854195354,0.394361088324076,-0.07821791867305716,10.48,0
106807.61492520073,-0.49425964384967735,-1.904373108623858,3.112991534253606,1.2406354048479478,1.5462175885955376,0.24791009868852162,1.4531337570506349,-0.04760173788954977,1.4936570618439096,0.21442834361910998,1.5742619718751492,-1.8956765301859682,0.46142551628198475,1.10316532032959,0.9293354840152224,0.6312320565469887,0.012965291867275176,0.08410490507856094,-1.2740947437535632,0.1708920893867837,-0.32805826168748276,-0.13166726408580154,0.4028087779032514,0.04426564757441376,-0.5021047768965563,0.8620940707478052,-0.2483499697444843,-0.4551248740226075,133.44,0
106823.13559654338,2.5971448854702524,1.3612233245060197,-1.0244431258636901,-0.9462223711094415,-0.728873455094963,0.5920479758065433,1.295745077519804,-0.17488735369745118,-0.04137351506611689,0.0047739287443870635,-0.656153002054166,1.594659416369243,-0.7445551399082986,0.30004138958932425,-0.010238887554784647,1.2014449155018154,-1.5902196268820672,0.9124572667766677,0.8221653384717835,0.7535806913256382,0.7440588844324271,0.3483264656869331,0.4479686714895258,0.5677928526336838,0.6367634428489329,0.11850798332151863,-0.15251043843439044,0.7086575290327733,126.38,0
106829.4784822629,1.0858007626202133,2.55513220325953,-0.6111885152425126,-0.08639735931520351,-0.7247858259535966,-0.126704233610443,0.11970667515712119,1.2152431177230032,-1.0042646048475397,0.19711243198579106,-2.0776330754811405,-0.7381088635651575,0.4201675114467488,-0.5465434256886386,0.6996497662462388,-0.07985633297541135,-1.063118549030701,0.5005406614412529,-0.33591150325142866,-0.22639334009510473,0.08272584875685415,0.05386076290627809,-0.3245946857343857,0.39350164661464576,0.2651237365041873,0.9729909635714947,0.17135163883109594,0.8303477301719541,32.73,0
107143.6116423997,0.8893516735093138,-1.8616763943072707,3.0289158301942716,-1.4985534239384743,-1.0575422446253515,-2.405987575031464,-0.27984137896598293,-1.2737795233980989,0.6138504178097575,-1.175307604551561,0.41610423336351776,0.23254150441555266,0.5692757692941997,-0.831580504294813,-0.40038506666834006,1.862056501880868,-1.1625594533485226,0.9179270907850137,-0.44489782936973143,-0.8755469180243504,1.1955658282215977,-0.07017052344555016,-0.5220755541104835,-0.45741850568269904,-0.5401501697796487,0.08995914842858879,0.12726451651463622,-0.26780236219984777,35.47,0
107153.95183932314,4.235440120281464,-1.5212745427017236,-1.2632941742728898,-3.53689318187879,1.2110199395081687,0.4476881367416221,0.49238961067039955,0.316162358509485,-0.4494249396490317,-0.5784327204242163,0.2583418119542847,0.5989840326270477,0.9963392601023625,-0.4991532057654461,0.17623254164765748,-1.55135242406984,-0.9080366907618981,-1.141570471636494,0.2371738944238897,-1.006064473263464,-0.7645720995133187,-0.688169780061026,-0.773114269031097,-1.3261890642602034,0.23667198892445362,-0.11924851660921976,-0.35565294209965864,0.41916412835292055,22.09,0
107184.52799746787,-1.2630550648409173,1.6914016611904459,-0.8347046872541812,0.28390707073666976,-0.981817101593359,0.4919129596213586,2.8188912318761323,-0.6954592402218407,-1.3542189435849945,0.005495693931739199,0.038462663513301,1.5160663570111372,-0.12517747941741356,-0.430441258699415,-0.7393756230707182,0.37507842092523136,-0.47876290596313914,-0.34607979482264845,-0.7080232853630914,-0.6964247493580068,-0.796359526647763,1.3136256734860403,0.02028875831564284,-0.10542782983047112,-0.5307986090877871,0.6685625431598617,0.3010574922914154,-0.03204930939481764,149.69,0
107491.60510577471,1.8133355602256425,0.4526488231862104,-0.22196301799558668,0.8622200546614412,0.8907548781411904,-0.904351985062095,-2.1721585678570783,0.35760993713071926,-0.9882015182236785,-0.21241416798192525,-0.6562611232163421,-0.16628368506451544,0.9784234007849497,-0.8194562464374797,1.111376306202944,-0.7018041264618821,-0.4245428149040441,-0.772701391035861,0.22437932789227263,0.27207519215797876,-0.6651470689287202,-1.063006649055798,-0.871872947972649,-1.2716149532789116,0.8402991466863718,0.14508365222334915,0.21448319843371025,0.5484727031348317,122.38,0
107630.49109771669,0.10843863825698159,0.9174611326935205,1.2795425125627895,0.37113587149136495,-0.5296167770620149,-1.711869920166345,0.9629485479448529,-0.07636521953172205,1.9111340264970722,1.400195182935129,-0.03234797003720597,-0.55560730722311,-2.0363764465179757,-1.687437231130441,-0.7666973707450747,-1.6821624527208174,0.5759942476786,1.4346203036198426,-0.598943266981086,0.4050308884706969,0.09619626252184887,0.29790867778594843,0.06069737853316883,-0.6003898168281097,0.42696552218861406,0.06398958019874287,0.07118489409413899,0.11450229069626826,83.65,0
107700.92993078739,0.5226663172686528,0.5673555422317638,0.3174151218437085,-2.7602801647245077,-2.733387284602777,1.9771642225603034,-1.1231837110281904,0.113795376366941,0.42126221151994614,0.2405275498346569,-0.5217850079032125,0.16389735333175023,-1.054285084983982,1.1048433775838205,-0.3006607729005373,-0.17413742031249158,0.19179449539386687,0.5338908626720781,-0.4561041257923186,0.4692982439006369,1.1280655080134994,0.27208025319550644,0.7450987732866454,-0.5295402027831433,-0.034478419155827444,-0.5807375213688293,-0.1715494851344958,0.033541007817446934,24.3,0
107847.93808506757,2.989239997419298,0.6505405298328064,-1.9634030294719111,-0.49668425149924006,-0.7894229745120662,0.661490638096127,-0.024841264070163044,-0.6613511017792288,0.11613268621606257,0.9412574932749852,-0.30728746832394044,1.285836487773499,0.1658360149862918,0.9407240353698639,-0.29148323546726385,-1.2842108517324071,-1.6544534084043636,2.3781316342967376,0.3274995751313548,-1.1443592274880345,1.1658950112964424,0.8363565233610556,-0.21669211826514412,-0.3440288952250425,0.6621454296386459,0.31863231114604085,-0.16175465870080621,-0.8562975544037459,16.79,0
107863.33178997053,0.9910549487349148,-2.200227730252137,-0.8074236659276156,-3.1408508224746656,-1.631364239876117,-0.30147700119417475,-0.3056311526367939,-0.6132877609806773,-0.27862607921266985,0.011884999394985937,0.8672920805760209,-0.1827185002843346,0.33159020800204575,-1.2334786261062407,-0.3271993746652014,-0.13846144975748093,0.07085969348707828,-0.39086016225368986,-0.9300072712707972,0.0036800579124847176,-1.6941586249906477,1.00594692894125,-0.3286212975864017,0.49907480275453503,-0.8222959413723546,-0.23896119847367403,-0.0801116158147116,-0.30142593320292427,4.59,0
108143.58655609433,1.050689882339207,1.7406356701215417,-0.92171459747586,1.93942085366734,0.04618796692727578,-1.514934384073284,-0.5278842758650185,0.34812232152146916,0.31965098117361385,1.162616896192433,0.19229337863879406,-0.9751323272264242,-0.9097661632641285,0.13231246415348552,0.6588374271033924,0.03502391771393344,0.27514659962288973,-0.6056088133110319,-1.0324337045105862,-0.7875034464217113,0.18149939935758017,-0.10089598119258414,1.2234583276713684,0.6309296741744771,-0.38811775015059663,-0.21695809860855025,-0.4904649379863669,0.006410849504197387,4.16,0
108437.01577388549,2.0965636627324953,1.9436268401582408,-0.11585255598331995,-1.5376516540584528,-1.6469910873493265,-1.0936524903401001,-0.013197283560986298,1.1396462756272545,0.3065021756012605,0.4385153045464714,0.6294145158485399,-1.566783109943541,0.26138002885986183,-0.8739837287642482,-0.2930380278269753,0.9933386300303968,-0.2872336959208738,-0.11954055109490219,0.19952114305055418,0.3136846133428326,-2.355840508838807,0.3836278652120116,0.9244756649037612,0.3098897557977535,-0.12900112340569786,-0.23762632392898753,-0.015362181315614,0.06740310636898193,18.45,0
108462.92990631644,-0.7176821455268076,-0.3789005804045888,0.64886205817715,1.777588514103443,1.2798932351835648,1.7455676714290715,-1.3973124904085474,-0.7196558546567484,0.31967304072904273,0.016309373082990103,-0.23492127358521697,-1.2441808800120335,-0.6218379133182463,-0.25320949639440327,1.2738731618643855,-1.3287875452099864,-0.05449839003268877,1.1512376209733242,-0.02456344950984126,0.37355343229419247,0.5810978712659401,1.2793302029098232,-0.4685100803308348,0.3850098022644299,1.168405244093378,0.2117162014031311,0.3556844670163101,-0.4165412695143544,9.43,0
108496.16410091294,-1.6461779208236427,-0.07025452563636356,0.6372515917629876,1.3393234020287133,-0.12665309565173244,0.1886667940372056,1.2673771867371433,-1.045804355764637,0.12395276157645596,-0.01304286345762146,-0.3480162295851002,0.8620201838508814,-0.274973370383755,-0.3338250048376577,-0.7527079181579759,0.8075631243188619,0.1639044936822234,-0.30607680247393965,0.13474315708396783,-0.9002129339540403,0.8178839834299259,-0.048501176599201265,0.08494262417069515,0.39934202650365125,-0.5555750148683108,-0.7426759608904454,0.34941748790969673,-0.25012664875875396,72.32,0
108676.29238078972,-2.048698741740672,-2.5399545438541464,-2.698204431376874,-1.2750552660985404,-0.24630745148065014,-0.7311626416429181,-2.210227767696874,0.7414319357046935,0.9561252721210234,-1.0475493154330635,-1.1811854221661704,-0.33465009907372384,1.0266971868200394,-0.4143128832134852,0.15217530678180943,0.09100621609586396,0.6632214642629866,0.10372868469451144,0.26420217857145434,0.7507290727942921,-0.03096881462114602,-0.7749839116127589,0.20111057157723106,-1.5143442341749953,-0.887642377933956,-0.10242298921905066,-0.1514448127681205,0.18887049917126017,39.47,0
108755.04948066828,-3.852895570782587,0.8556675734455822,1.618841364920613,-1.6038165753178737,0.906377831267753,0.6858729630747686,0.6645433386208793,-0.03745676052377274,0.02269432720544054,0.5587531925318534,-0.37678491898189925,-0.6243680809393554,0.9108664302395518,1.9409778100594597,-0.713604261078206,0.9140291484646825,-1.3708430896518362,0.08054927196143608,0.04407733333062749,1.8081524405084977,0.06006037742571452,-0.280169687042026,0.12453841118033222,0.007298586778778273,-0.7505441773858467,0.4733437796843781,0.4241996933023062,-0.4741890316265097,52.42,0
109055.70546331906,4.022441870992797,0.9516290967243953,0.38546496338657227,0.49616351619508914,1.332351649833809,-1.083740315233852,-0.4025146748482351,1.0031313567293527,-1.08220258747179,-0.042634801179761865,-3.406794427986825,-0.7338809341443369,-0.9950401191441008,-0.4264164157630097,0.3826392322284479,-0.37749210831612595,-0.21398284252996003,0.03277016085087951,0.49262635232275365,0.6479839640778716,0.05248155061938884,-0.9478239877042812,1.1112677280396874,-1.0892532284171506,0.4751621067994517,-0.6026369311049462,0.7595710291800989,0.045170585158429706,80.28,0
109176.41556524395,-2.163032091204919,-0.10132281203559507,2.1061756320612655,-1.195388522765837,-0.02849420738280376,2.010527890628973,-1.4425836035947646,-1.090453883957827,-0.6787660055609194,-0.5502255716954327,-0.6028595020493637,0.0750098946567242,-1.0552283713538513,-0.782927829535954,-0.017586334858540355,-1.1737444163829664,1.309864445290656,-0.5452305451515731,0.07670607054960943,-0.12161369093243239,-0.5762958062928922,0.26856864883778064,0.05322587934520661,0.3101317810473171,-0.30721626601922086,0.08306201532022602,-0.12569133722966416,0.4232271214839015,95.83,0
109250.21083819149,-0.4363493865056421,1.868526935786897,0.6767632073842401,0.14518555906353803,-1.0672416906014923,1.8126724002053807,0.2489770225906498,-2.1438710901868343,-2.187139983542773,1.217766748823256,-0.08091509236606727,-0.252682437772044,-0.40918124442415044,-0.7386641513756623,-0.14501466605534827,-1.072282065453629,1.2301576414673987,-0.11491620384730361,-1.6375664608656693,-0.24018612703352302,0.31486284515979474,0.7711276424748815,0.14510242678100896,-1.2693048786087582,-0.08033318858021456,-0.30571080351263996,0.275772918540646,0.13135955882182454,93.02,0
109257.38907992578,-0.5451235985689562,-0.55269656634813,1.6756661405010158,-0.6835504109495707,-2.454037000646798,-0.6188811481266308,-1.91806804180035,-0.640948447443369,2.2342832959080527,-1.37266415150587,0.5818990066210986,-0.2866906923357644,-0.024772559578087803,1.011595773440801,1.0856792224693899,-1.1379882851997107,0.7382876046287475,-0.1506804290928618,-1.4262741638290517,-0.15727524534980433,-0.17104818866115287,-0.0890349957329602,0.4215971927210383,-0.10840824591956089,0.4003958260297468,-0.19564192375814088,-0.9011940129407543,0.11424676284391945,26.91,0
109394.86700516251,0.5986568218657837,0.9392584118632727,0.7107331226620682,-2.521840120173592,-0.9494814330268561,-0.8355190687530061,0.04861020685452621,-0.9223147678250567,0.9494545142342282,-0.46284448681928314,-0.2727151733053957,1.351721792574741,-0.655894522216794,-1.6005599963828374,-0.6023601845171436,0.4267819510863985,0.4651821733290452,-0.006544367766395311,1.5676254682124962,-0.5828307189687062,0.6802125129282921,-1.177332259567023,0.7286123346381467,0.3335784784346681,-0.07981068300606896,0.7995646372684276,-0.5009484283405238,-0.6922604049698207,147.7,0
109446.60041909567,1.5938615258280777,-1.6908786837333236,2.0479457848532308,-3.1580117394934364,-0.8542815351207186,-3.4943918941566374,-1.7529233267462514,-0.0932655610959315,-0.9189935709948632,1.131213399127589,0.3601216066272587,1.5422698845132803,1.042565069033462,-0.7387043498912936,0.5342777711091868,1.3102331086053727,1.4370640587630408,0.7879773292146217,-0.0025954753913335115,0.19869446141036554,-0.08474155287737595,0.7400693092245999,0.573639803256225,-0.6773151514597281,0.10907251132870273,-0.7983193444981861,0.036583397090584946,-0.2820157071748046,222.38,0
109447.1018949491,1.6814457861550338,-0.037176234649747446,0.7954114462597693,0.32103816462247026,0.14735842940455274,-1.9754149458059014,0.5678609658693626,-0.7661577112889655,-0.3138919772989509,0.3483766319031828,-2.2349418442641134,-1.6367281657725998,0.3493456665845488,1.4021246206653533,-0.7073515038182959,-0.49527318925925495,1.6659152750225483,1.470581927735919,0.7713005011044004,-0.8742088508565204,-0.6324123353717915,-1.2900416544779114,0.329369979084353,0.58482350720809,0.28170611760027664,0.36958671768773416,-0.40078828896883245,0.7026885890813769,33.81,0
109459.96856019965,-1.1447246507133246,-0.2875313821622593,-0.14731005634063266,-0.7950234131055154,-0.47802453694271807,-1.7854867711101965,-1.1388761350676564,0.8952369920987117,-0.7057565382821904,-0.05104819498075551,-0.05520810182024255,0.3199421479866258,0.4080381239377353,0.23664339350134256,0.10024459749283175,0.5605861629375599,-0.11378979045053947,-0.7023137450736329,-0.28422354184011306,-1.4537080579332546,-1.1269171528751387,-1.1229106168865466,-0.9548895493524415,0.30860389995626475,-0.2219519411841385,-0.2315257780662552,0.8126751242195942,-0.2057518034476525,1.53,0
109468.86578179651,-0.330370442283929,0.3759705143730578,3.455887000564252,-0.7830337820953635,0.9506891977536615,0.18536355596862522,-0.5558149469889875,-0.3457093090041597,1.6997725641045343,0.27745771295386545,-1.7212749849083546,-0.7953746940892227,-1.264505715876495,0.18619612142773234,-1.0981356655411243,-1.342808871372997,-0.8444356797713172,-0.32769156792849646,-0.04990624708815068,0.17339538030493226,-1.3674129461390945,-0.13060795595304994,-0.2991810139230211,0.23225100388592815,-0.08410343279847723,-0.25556707409146506,0.2384698684381793,0.4323077731870905,204.28,0
109739.1021207219,0.5500512493066417,-0.6115486242552747,1.3529679279071827,0.9853434383322348,-0.8484330083233488,-0.43131938067703235,0.36176267578373605,0.18317440173004512,-1.5699900324856366,0.1987675662203928,-1.2374726868048542,-0.2615649643284745,1.1692072786554715,2.0661647563528276,-0.6098488217525226,0.16372682136206354,-0.2365670935735116,-0.6894296751252279,-0.37191125991662405,0.02037478648824765,0.9602907885616321,0.1814772374625667,0.5016857146435589,0.4247618187205509,0.12878767077603065,-0.5378123956127754,0.3850574433597673,-0.2097503693175541,228.94,0
109966.62778309114,-0.490066271207668,-0.21634109785522437,0.8736877586627817,1.6615405300723756,-0.0795842907479974,-1.7933261648731287,-0.9518790432359316,0.19180783800814036,0.12354544476140489,-1.665538850232529,-0.18902265865719411,0.30144768536754224,-2.8180613085768518,0.23893181122485846,-0.07822010376714905,0.5954493752748589,2.690866274484046,0.1560773641347474,2.005798869844046,-0.4366020943799904,-0.3369340419835866,0.3051596885553473,0.15316513548715507,-0.21690773948360723,0.45532816334302045,0.3639163207685009,-0.01128187647152441,-0.09573314430417248,4.66,0
110142.7875396781,3.143664939557873,1.3732918805242147,-1.9385933895556533,-0.38581363394098944,1.6367153881735206,-0.37108478350588525,-0.07170360832727832,0.23680808477819063,-0.12259410959569013,-0.3823465744856912,1.3135487727513075,-0.2256843277579483,0.8359879711691534,-0.6859581885590537,1.6592613089137669,-1.2762103160340592,-1.3660405472229067,-0.449955419437824,0.2036073288668755,-0.9854702871806184,0.2466186454262359,-0.049199745472284555,0.5057939461610562,0.09331639228183257,-0.41055441096021617,-0.09302571310725709,-0.3993839549496072,0.1759081944722294,0.44,0
110164.83059040998,0.9580450238624303,-0.7231731008340435,-1.956839597436878,-0.48217038602989304,0.4720341294636955,0.6800565005224376,-1.86495463206165,-0.027358639096621354,0.9098124333560474,1.7784182242202753,0.384284263617759,0.221854022353012,0.9362394558941645,-0.27308237443574424,0.08936117580205637,-0.176002364456503,-0.4106720377095295,0.20009836274509207,-0.4382860281537355,0.22750284706736543,1.3052214965490925,1.275825735118699,1.1556687268765373,0.0072099053137091315,-1.5724387362559786,-0.15405970630498472,-0.20640580163332486,0.03385970487493268,150.93,0
110738.02890403706,1.4355557006412214,-2.665245912510031,0.44649234045061476,0.7082248973890363,-0.08372817359377753,0.7101301915518637,0.7767686399215191,0.6174063316505555,-0.1176067087647366,-0.7231631396815464,0.021867563995696823,0.668716316233483,-0.43040801958735614,-1.0999357337340991,1.5127171835738973,0.6373221404270927,-1.229827727793244,0.9217313189593166,-1.3478030135725072,-0.7598205478817771,-0.4138860489275485,0.046073441267851144,-0.7210797110542766,-0.006507499796099761,0.35698590269647673,0.05258870041638838,0.10162397176227358,0.13000472745553024,31.95,0
110785.1817815163,1.2946015956020969,2.9065076924258784,0.22274056554113275,-1.9211885175615773,-0.8331666888438577,-2.5341822422542912,2.173610427548893,-0.9576470821278776,-1.9434221401505898,-0.34831477018784657,-0.01690381469817455,0.28660151470261364,1.2748217205878796,1.217166990589066,0.19884220985082154,-2.589877844413361,0.106915182861947,-2.110273477939759,1.6049159157755044,-0.10318530028369682,-0.46127670689971584,0.7495142591902407,0.6967570123626593,-0.40678080450201015,0.48637317219729653,-0.08281792123242275,-0.2538558040060905,-0.28080969047761783,219.06,0
110937.93220229169,2.2942349669521853,2.2953544493676166,-0.9320029147746207,0.3160383933716345,-0.8764354660566946,-0.16673659551877584,3.4389722723732463,1.6891218380592692,-0.2799771727977282,-0.5937850588299206,-0.7295671557271795,-0.6640701313761214,-0.06112207056228815,0.5569525336996305,-0.35754941640918386,1.185140592812771,-1.0472427587049191,0.4106018893290262,-0.13564127946315174,1.365486478974174,-0.09832334332318754,0.5697805237013474,-0.20254586143372746,-0.753046949947742,0.10692810415662012,-0.9675987102726665,0.2676765967600139,-0.38964323151403796,21.75,0
111004.91191982568,0.3512211844136905,-2.143434706167604,0.21584154074414197,0.781487050623893,-1.1770670607206528,-1.844119385997773,0.11198862842442897,-0.2834756792353162,-1.0758266717356708,-0.09408830779369948,-0.5553842208895412,-0.6462599820674918,0.06440117434520805,1.0897286896192795,1.4070903805427353,0.317017013960385,-0.09611473663883024,-0.3846595105391807,0.6035070474321336,0.5063203499531705,0.02008850265276687,-0.9392823737213277,0.5726908265933544,-0.20334740015250796,0.14252135934853297,-0.23775941685622656,0.2837009406215572,-0.30391349327693135,175.81,0
111155.0578410911,-2.542106520643304,1.1469471509418414,2.416422676944098,0.9632079842044498,-0.7488921269703726,1.2098249580281228,0.9705567105261133,-1.5797002796613537,0.08502857611674706,-0.6394036154116185,0.44195588797410995,-1.4647367743282196,0.3414849887322112,1.175547835590498,0.39733647227617425,0.6380388233540296,-1.6970745675619843,0.38440612028010424,0.6945401859684385,-1.0521466314389054,1.3816653116991453,-0.12436231401542926,-0.025448846516702886,-0.2367840595043407,-0.29163428908677025,0.43233466130598197,0.0022663806383466066,-0.18286629211983074,6.33,0
111277.96907535601,0.7793241934889404,-0.8330929697344575,1.0586216066635037,-2.7421440468000244,1.0443614116059814,1.052678864469632,-2.193577286812836,0.22851024551459764,1.5801594704384032,0.5365779432407276,-1.419265378300412,-0.8731907393780883,3.188394773130428,-0.4011125392850472,-0.5917158896597737,-0.36066334445272435,0.535430378254634,-0.7491244192089724,-0.37962103786881174,-0.9794186522091368,1.1459101103908385,1.5394087737277973,1.3025673882250823,-0.44605047668900893,0.26343904471697643,-0.728774017912173,-0.7270288721489346,-0.0791146551471013,26.89,0
111480.69680042967,-1.2784015263930586,0.43935412877944213,-1.7329284793311073,-1.077914125276713,-0.30756213922725073,-1.1955086588976542,1.8506731121772968,-1.024598278268154,-1.9226897902447921,0.21844218939926963,0.6120652309689996,1.9704924012126326,1.346341986280277,-0.9151780385191781,0.42807213656412585,-1.5190205960131693,1.0612092155859945,0.9991166812622275,0.5450465229428952,0.12110821796510476,0.4534810017578805,-0.3671531159961251,0.0794753887763877,0.5182639439707959,0.4475000141029879,-0.5273595527735854,0.6834313022013565,0.3545203193911387,322.04,0
111532.44895439134,-1.0381018928870247,0.4903822258708565,-0.16797381935257752,-1.243442616309621,-1.8673878363502359,-1.0191176300723164,0.9558058239409308,0.8039808638766754,-0.8860492402779877,0.8518316526890184,-0.3957493970487983,-0.8106650818486469,0.7030700855402334,-0.0498726364356187,-0.2709960557468186,0.4765193938558442,-0.33538141592878185,0.7627183818124923,-0.4947136363155822,-1.0569200399774488,1.0606104803154777,-0.49069583470950656,-0.39251009178399926,-0.7103628230110686,0.0320812117467489,-0.20680718948510346,-0.08444438349572789,0.029288489799773505,23.41,0
111609.33196417004,1.1447968429060746,-0.38722968058673735,-1.2221070114285302,0.141507526801085,2.444618697760561,-0.6117884334202905,-0.5963878036199003,2.666027585994755,-0.6128393557909864,-1.1536237061118966,0.8507869418054373,-1.215987736300607,-0.9107883132453808,-0.84542204183005,-1.8249522485138117,-0.06875011334985788,-0.11904998991347948,0.47456940687043403,-0.8093382350561497,-1.5401256813435713,-0.13207280135652574,0.12255386798435637,0.2569674397586607,-0.10298855241947572,1.3016672987520825,-0.35125688594204774,1.0796246773544282,0.1652981399170024,12.71,0
112178.34652323886,2.421117836881194,-1.2992498910919288,-0.58781516509741,0.6807588798603609,0.44180247337949263,-3.006123401406463,1.5235798437561723,-0.9466949573861516,-0.4240305980718716,-0.3725402799417138,0.9899484737282974,0.3122018967873993,0.14555540997818087,0.1600684237780267,0.8543849384874945,0.03267732805006049,-0.1436356707150417,0.6624260038348732,0.945781264459397,0.4146649041929903,0.2177403880612695,-0.3411552395793763,0.19821014883295335,0.709020086728873,-0.8127813891500544,-0.013983684626552707,0.2602441561248252,0.04786550278347395,173.21,0
112251.36789216632,0.038464171200593665,-1.144482412925221,-0.6272100024105739,2.119251667608165,-1.9464524285530238,0.4536986472089094,-0.31375566655764164,0.4025026525931936,0.8141033860056083,-0.2465537644850758,-1.7146845233729588,-0.12232253503299936,-0.8111126940084621,1.0971728247637953,0.9999947743562638,0.965985174361669,0.15573212554402727,-0.6231070559381788,-0.13149637728699434,0.2515639951728397,-0.22241962155890221,-0.5770997602713153,0.6968714985624122,0.5529060157241954,0.08759688711584243,-0.5288768138356804,-0.08336165309361408,-0.38250956738076,11.16,0
112308.56752695159,0.6014492475555067,-1.5190982339315005,-0.7245426375145,-0.7007362907464396,-0.6117601247714464,-0.3599659626463082,-0.5644755251308959,-2.115012819852151,-0.1943558621757186,0.502399154675559,-0.5939871753936866,-0.2083892114442881,0.8240439386086058,-0.16268341614212847,1.680597813598205,0.6781269286492748,-0.034747585680840826,-0.5178509615343493,0.41966524531040367,0.35158508176539677,-0.9470244141275161,-0.35186718025504804,0.2742262897736636,0.7393398196737855,-0.6097374040905539,-0.18798584891697756,0.1786886659974823,0.005297745377787341,9.13,0
112560.23174409532,3.329399297759715,-1.3790312884454183,-1.9064140742058744,-0.7044275335064754,0.15265370704370707,1.301302024267797,0.5851827492809619,0.5490442407889643,0.45613339971155215,-0.8703411240739403,-0.875261273493096,1.4120311811528166,0.14243270978130215,0.14557129310283679,0.38371179766969243,1.7031145601178093,0.6662796344465843,0.6283509461079109,0.3320336522959871,0.20689977275852164,0.8806864236976089,1.0378137411126942,1.5157507080647803,-0.3574657370068631,0.46141166496399355,-0.02370401532848284,-0.8041768426586658,0.04416140155407484,34.79,0
112653.68995197336,0.4681631901713762,-0.10960246743783837,-0.19251732380497627,1.6278845316026733,2.3566936276571684,-1.46331471772466,-1.3100846973323321,-1.066237762950637,-0.6935011767754624,1.008033006993795,-1.8580634894063413,0.5436548183823149,-1.1224953674957783,-0.09069666972883791,-0.2308094645891279,0.14032362292665143,1.070507025344002,-0.6415763699374508,0.5169299478620326,-0.046384666094444936,0.38813485068380105,-0.10033735839302407,-0.0684354700899726,0.47713351482315514,-0.8220288492209412,0.31318103658114893,0.40908451344154567,0.25956239876907905,89.82,0
112789.30546794113,5.090369626032868,-1.1863498030147808,-0.8506542386956931,0.4199983144558996,-1.5331795627306346,-0.8227593170504568,1.2580705531642171,-0.7516756093745712,0.25097097246965383,1.3056509922501605,-1.0570011753041642,-0.5460776361809935,0.08309315926726779,0.778032445173549,0.7618827888350611,-0.6069181392397058,-0.7093565988136276,1.207440683614646,-1.2704249809429546,-0.5068133504586069,0.011764782287406229,-0.964823413188781,-0.06121777461017482,-0.6440617952795646,-0.6929434351561415,0.6012030561165231,1.0229199848716064,-0.3664706938342953,110.45,0
113630.24688636092,1.1039683472141395,1.1342374226909517,-4.4515575779620855,1.7949301586951225,1.3491322555439988,-2.0087526951771735,-1.301013306440317,-1.3261703849266397,0.855683650097849,-1.0853984333349973,2.5097003058405747,-0.4395228909865354,-0.8474043318527352,-0.6468092052407101,0.775468082378938,-0.1623261583214221,-0.2705071632789223,-0.2705489212079279,-0.4793624829398092,0.40213972581899105,-0.003287318215824015,-1.0980901133801735,-0.3700757024605286,-0.16633286476892878,-0.3275497910536112,-0.12693127701174067,-0.8320432558857744,-0.6991966841697048,189.72,0
113816.98999470075,-3.450385902345013,2.470985887655157,3.122279157344453,0.4088851088439581,1.934743035293496,-1.3375272369774915,-1.293702894083316,0.8845469032114519,-0.8110793292323549,-0.53800363353141,0.6289612163030289,-0.5184016837317977,0.1531814406216127,-2.1279987224664265,1.4977063994023754,0.37182574409743213,0.7823536099184732,0.4190514176796289,-0.26693311329816427,1.184140447325576,-1.1051906178012845,1.5999826389396907,0.05226944314504036,-0.10920776748923193,0.14123806079784545,0.9121479098789839,-0.11421835578345835,0.05973311421739607,69.32,0
113856.78577053887,1.4717040233705567,-0.961055319280376,1.6565837151519145,-1.6382674664607992,-0.8701055064979789,-1.5750078701219312,-1.1208095125740332,1.2163202594803215,0.8596135237583127,-0.583134750318284,1.9717180229780447,0.8724700790060885,-0.8570637159086977,0.4564799721380683,-0.04385558621450505,0.9025405410339534,-1.2376335745536455,1.753462125568739,-0.6798782384499851,-0.38264993731939606,-0.7177452344318938,-0.16325573125192747,0.1413198390726621,-0.34839766821145735,-0.3078832541066746,-0.08940033897819052,-0.041683534047588344,0.12053384869191595,44.51,0
114039.96328233786,0.7430471816297172,0.3993730453982167,-0.5704871191217473,-1.8874801919187778,-0.38449007255423695,1.3357812723087867,0.935200678542133,0.029933048017677717,0.05499921730835317,2.895043893189667,0.85442302674891,-0.32205054583090553,0.029458777788348014,0.9573905957575642,-0.1546482814650175,-1.2929305662506054,-1.7150079847030797,-0.5901951951887444,0.3467642509450517,-0.783398373888502,0.2448445904473216,0.31410670497580306,0.17203707391135958,-0.21849424875745724,-0.3026531080550141,0.4001580517778165,0.3489623056675467,-0.06203140946244646,39.58,0
114076.82511781022,2.521884697810304,0.831479676644728,0.03013912978109613,-2.19668710451903,-1.4338782035277382,-0.9285266910042826,-0.7600146901670439,-1.040570271037629,1.151115053034529,-0.4709831020434997,-0.7585360617968858,-1.8216610469620036,0.7524063840210978,0.43274606491768275,-0.6584223562499898,0.011828858226514416,0.1952098224064046,0.05721777104520383,0.9640487754409255,-0.8716299442957282,-0.38919775014938573,-0.560899682449829,0.04095022253272851,-0.29834589250118976,-0.09170263781590005,0.9331495989788414,0.8392769241405347,0.008978726949845013,167.11,0
114478.55055809325,1.3147670005113306,0.7855218218506504,-1.7795135799543909,0.9374694616190539,-0.28207805496833216,0.17064271377319123,-1.660689147905257,1.9183462335110653,-0.2251233007779344,1.8455827470316526,-0.38883336436742977,-0.05966725801409713,-0.05107699059721661,-0.6201129611652396,0.48934464752733026,1.4275006965160757,0.42998826926427275,0.8804266255761619,1.0929743812770012,-0.6645958204111913,-0.16101290887329034,0.2316872690498932,-0.37371093250962917,-0.5951557601587102,-0.12369305457180528,0.06683465136435565,0.1528174597348336,0.3002531540452623,114.57,0
114647.79768771918,-0.27424894590427734,0.12802168599413957,2.579220498530838,1.6829976550883832,-0.05130099828056271,-0.5041971067213241,-0.74634807410197,-0.9030916880415266,0.4179900845771698,-1.3907083805322316,0.6073238481892386,-1.5630146014492532,-0.38889708746218044,-1.0995285730029605,-1.42120002446409,-0.20812273849273355,-0.6295661148016907,0.7944604139605455,-0.2789301103915904,0.16027922672928768,-0.0781679531795238,1.0576363238716455,-0.5402126012009668,0.520910082701002,0.7782426639261875,-0.6644409282141538,0.8535456416793993,-0.15769756683042332,210.0,0
114653.94958551145,-2.400100701683881,1.234893316562663,2.8856230840545156,2.6185666662429448,0.9115748221873397,-1.6919273075705545,-0.03977486508816559,-2.60519343564236,-0.04762593670254211,-1.0862542811302869,0.4523569941689148,2.194839546163753,0.20523894728012337,0.4793748299413863,0.7079278937260947,0.8275174939404428,-0.5046701280225319,-0.2740777981589226,0.23514686524080602,-1.6465026826381675,-0.5015727654246125,-0.47447399886658814,-0.22999169760212462,-0.10962910803827894,0.3602855829383828,0.04343681477426645,0.06818011089500495,-0.0960140068813337,296.09,0
114677.06800534269,-0.4124048903166809,0.8025329205311105,0.23972406143830385,1.1938207515425352,1.5069877364302406,-0.22024507570231766,-1.4549596358597385,0.554450680842198,-0.10900084291701567,-0.7531494125801164,-0.5896350554102534,-0.9860373630624466,0.6991216947106843,0.13731963419917592,0.5354868721010324,0.44031380700574574,-0.6625114957744078,-0.4318951576734346,0.36031450450523833,0.3427696495326714,-0.7107421254318891,0.3315264136647041,0.698978810799586,0.12337119515900101,-0.16662694591992427,-0.29616087298967925,0.18012363589717656,0.02644507723595508,31.77,0
114913.01706819658,-1.668322073048708,-2.052789690557526,1.5574131233727146,1.6465268905782164,-1.0352893321571133,0.8053729126457017,-1.4188802374499059,-1.3303763572199685,0.2829863060653796,-0.9280134221699678,-1.5472315413066333,-0.17432902962592847,-1.1051577880694514,-0.12165153132705123,0.5329541771409376,0.849489754482036,-0.755310614781954,-0.19498381768668177,0.5033477589778625,0.5007070929359578,-1.1829690311994971,-1.0211794072971914,0.8308246418590466,0.10051362112719385,1.0960952016197847,-0.1331595787538247,0.1310469378568894,-0.418246618058652,67.17,0
114940.7581585378,-1.1397244755155729,1.4448594034567197,0.267987577987139,-0.821158685153422,-2.7214409032064886,-1.6094587850988349,2.6002641236475514,1.1937775757934412,0.5896918417678881,-0.29291321143374993,3.3788468636680937,0.2498697198370215,0.26261613310422216,1.7660991915285855,0.1236395366542189,-0.7117431163521162,0.601400162880653,1.209297515973263,-0.7178790262599424,-1.3830332740287834,-0.10884340013187814,1.466521987584036,-0.047341561208133265,0.034325349583269694,0.2589951728711836,0.9589955644856732,0.4864344465344338,-0.052620400848474705,88.97,0
115348.63675452533,1.1491321463491075,1.474965970455705,-2.030440101181814,-1.6372752100766,-0.030079123818789466,1.0860458665174777,-1.0603009749650427,-0.45783143166801804,-1.3820086490473704,-0.7775224356060815,-0.1417760107929039,-0.302369403442051,1.319450185077192,-0.9171617013176522,1.401247814180924,-0.7078888277203786,-1.0279474149361785,-0.23338652316564204,1.4801754457833969,-0.7513393646924442,0.45181990476501627,0.1936310468104831,-0.576911676143505,0.05743690115976463,-0.5026376094701873,-0.5915648756310115,-0.16796567108323948,-0.02243887353547508,15.93,0
115439.76691831509,3.2661422214564575,-1.2652506074063716,-0.6244855110223031,1.2036951474760582,0.40525393128738807,-1.1309483607802866,-0.3982116063147943,0.7296793161861462,1.5795596645530527,-0.89905233771456,-0.3313023822420766,-0.3037551398432485,0.5756019526200349,1.7201457466352164,0.7957788729005152,0.02220477544891777,-0.2324202816749787,0.06503193813549832,0.7519797981614778,0.06546122554761293,-1.2058875743454553,-0.3007220137681108,-0.049919576733899684,-0.18426417696765798,0.13637902424588766,0.1447355523358853,0.3262773586880309,0.5598643539514563,4.88,0
115536.19925718228,0.7695030897841835,0.06490678593581564,0.20207733411800882,0.5914676275404152,0.34423771414927695,-0.6408125528539185,-0.45264796365859405,1.6916327723715552,-2.0554017177888837,1.2749357414934774,0.11951473367768332,0.41510347417633836,0.05972384168491693,0.031031287392646923,-0.559065245903967,-1.3505722591698759,-0.7887070624244464,-0.35675708103016335,0.7732615223475987,-0.10667615616021098,-0.019100514307926912,-0.2173396078494894,1.2809225417617511,0.8620064168935633,0.28186119352579897,-0.42477808930566746,-0.490052473195577,-0.10268165996972332,180.15,0
116042.47561287103,-2.3444697406020363,1.1363573219310494,-0.6894313011102952,0.1522079792863315,-0.4524761400651759,0.7139308308129071,-0.519309569753821,-1.4558786954912886,-0.758665280661039,1.346736459771465,-0.24607182753201237,1.530353508485902,0.6416793315617436,-1.7783303350333133,-0.5426703618066372,-0.23423588083628408,-1.2668644787105139,0.5891815952082113,0.9775422782163813,0.4048415391109936,0.204534878343307,-0.37127967032725007,0.6116562232322064,0.46284384768673503,-0.35593602773415084,-0.1492203515344363,-0.11306107697623319,0.06786359382991604,68.28,0
116064.5046598568,0.8672578032375361,-0.34556973714916667,-0.3308453671614962,0.548553124493242,0.17182951424114012,-0.8819829316632298,0.7650315442223362,-0.6806583652062097,-0.10685605427583737,1.0450126376130944,0.1291604477509701,0.7641849561024835,0.45444724760861926,-0.17340285043269058,-0.8087665894312779,0.22788321673315062,0.755016939941656,0.12969874709459092,0.43238998264695755,-0.10487656157113089,-0.7266154878843263,-0.3341790457460531,0.3371228190538505,0.012266086227249014,-0.5462025909727966,0.35953819381801955,-0.2533890068473532,0.31389508816205725,75.31,0
116097.69095191149,2.3395727556647183,1.7832358606563485,-0.1374054804265773,0.45767300536576677,2.0951094693296923,0.054902643748488744,1.1675599617677064,-0.0895067589465095,0.4523290575600083,0.5775308722995244,1.3245178138571074,1.4821822913019251,0.7555374812959199,0.9299323297422438,0.5020050527891017,1.5823257734450544,-0.45352390713651203,-0.838481132739962,-0.83938207412841,0.979632815785569,1.0406263610005788,-1.7770420742313282,0.5894332997690962,-0.2702310193399767,0.047705098269771505,0.15329000293677486,0.03532470247516785,-0.28734712370535465,72.08,0
116139.64550735657,-1.197008360556028,3.9263230895620107,-0.12141229306054714,1.817818465401287,0.5272268350233107,-0.4158925850305717,-0.3771636867984839,1.855679925065595,1.7368863559906962,0.10349976611255715,-0.12473079118810847,-1.06778469024674,-2.021862227712328,-0.3534833773839979,-0.9191138822449363,0.36037909504723115,0.1622785798573083,-0.8095686203910103,-0.11584476742130505,-0.24375282370293286,-0.28412026450258593,-0.07229189570700988,0.943380040476421,-0.07100932901781906,-0.18521382306491654,-0.10928067858649639,-0.1256404289012805,0.4704016353211285,125.22,0
116205.80906246362,-0.2655586710933348,-1.3029360486061285,0.08097081970148791,1.8336321176625063,-0.5170539567981737,0.17758213616683147,-1.5233284305369852,-0.7921271408986857,-2.0538878730718975,-0.5447722059976516,-1.190660146608769,0.3096114398737778,-1.5514092806320026,-1.4287431927120067,0.9894222627589302,0.5571315898315927,-1.3127601432067562,-1.6698353023215913,-1.347406916122787,-0.7543112035253323,-0.07567918464149635,-0.10270271165224784,-0.7063205381331558,0.2545848689633492,0.773903470242929,-0.31460544978274246,0.45131015090854804,0.6032868564889663,14.0,0
117077.70121145167,0.02557528778447649,-2.2908265969296036,-1.6107062528613214,0.7706333998043564,-0.6924546229585893,-3.1771199878310172,1.569473822732392,-0.7151032763618296,-0.5631721044097399,-1.0461411225870854,-0.162818282853882,0.14590048627376417,1.0067534907523716,-0.15917088382881073,1.2088811037287646,1.0339556979323246,-0.646641508273388,-0.6947005623002919,0.335414986284136,-0.8163382254475471,-0.1196526782255957,0.3533477825195885,-0.24032204152390227,0.9114991539521449,0.3890925860483222,0.1522817905581013,-0.3497687672406701,-0.010508187698514533,84.77,0
117343.44792961465,-1.5398476619298112,0.5063105450841536,-1.0884126705714314,1.1976401636465028,-0.2355982690104042,-2.4406442202191503,-0.11774251888322435,0.5782666671494412,-2.3502898987370835,0.40055810155848987,-0.47367404371187904,0.3436718104604206,-1.5032346302395516,-0.8303174691873068,-0.8081642718570247,-0.8487092838049266,0.6558209373115828,0.6630275546195997,-0.14047545112352383,0.5713325633444655,-1.2990523769613942,-0.3807886919998654,-0.3240382509305963,-0.8322634137770947,-0.33150667977482856,0.824958790983183,-0.6894532721700075,-0.18529985277633135,56.44,0
117758.21837851718,1.2660162184171573,1.199830948421869,-1.9511796863251383,0.7279333635521135,2.2628564747442907,0.8279108367547392,2.1310020409577195,-0.694273512128716,0.03209562074703385,-1.2884821765990047,1.4651324683024407,1.3788944686689169,0.4034918675051257,0.4767750268455328,-0.17294060816394097,-0.1416931386313718,2.2479466500767677,1.1056282272841895,-0.03565875282285702,0.026845308004446827,0.7377060480559126,-0.5606523264776646,0.35940012383184805,0.4015600087297293,0.22472429521165357,-0.43620070044215964,-0.540443437007998,0.5564670575291222,202.36,0
118018.10639215913,-0.23997227036054591,-0.3813503572525996,1.4879210668172091,-0.6528853306946397,-0.25419687485448705,1.390854479327094,-2.7662880387672417,0.1856479138147997,0.2970625450124849,-1.0909477713233418,1.2055915709840475,-0.23383291932558684,-0.35006033623454924,0.7496154947720914,0.012248773042278302,2.1489264242645554,-1.7197854328487787,0.5724820281872395,0.9779829724668396,0.49284109178653457,-0.701656084608189,-0.006852084370307606,0.09786475964626488,0.6849750726147208,0.6633575383000321,0.9235574609864666,0.39634631944385124,0.2717877383459045,65.28,0
118229.99311708861,0.8181755537112757,2.4145646410670025,-3.1992867842340837,1.0712889614567391,-0.028073222677541865,-1.2121604720600607,0.2403792837924426,-1.8690726656075751,1.7530266632261537,1.2688256433805345,0.11354988628638009,-0.4203637500789832,-0.9941690790914021,-1.0232322930057356,0.8067615583728368,-0.06568347787216583,-0.17641449149154986,0.46310793217695206,-0.37486732728599964,0.47695544118026323,-0.1747944941847109,-1.1710982041594624,0.4630315238673759,-0.9012560895221505,-0.7241689977948065,0.5793097990087934,-0.3859779356544904,0.027449175407522237,254.98,0
118316.0687679299,-1.7407049660030636,-2.2203715276838603,1.7551184123295822,-1.9743685234049948,-0.6677213285824011,-0.3214537623846677,2.362919875538428,2.6717241191455354,0.13034308450973747,2.0907275116768513,-1.3097888578842145,0.5283599846580226,0.3516054738001097,-0.6836500612638512,1.4711990664645487,0.9914722995102991,0.35689710345115305,-0.10592324070789716,-0.2080037286678816,-1.5541067341401442,0.43647013509611615,0.10285288096170349,-0.3106649716432489,-0.10884060219523986,-0.5306997204810366,0.6614149073063226,0.15877825482823826,0.4878980763867729,38.8,0
118950.42688354137,-0.8596328705242013,1.152277612010278,2.1089382068160276,1.4922702160095336,1.519157675235431,0.39857038568241954,-0.4354370071002759,-1.623301292523713,1.1495310556711842,0.4338628630776932,-1.2555318753643374,-1.8065632352764258,0.20299633733900238,0.7333785619123047,-1.54690479680854,0.8564551523995757,-0.5372303117398225,0.6471290849513838,0.015242839383833636,-0.8754585186573859,1.0690297762078782,-1.3520926943889855,0.8401053135349099,-0.6450010980623216,-0.003202254718590645,0.14858595134212182,-0.11715785761040652,0.4516573245356261,303.46,0
119294.7032285253,1.411090310921487,-1.003899948391634,-0.4578162196250881,-1.6912305894169726,2.7096888649069193,0.9311545333750278,-0.27805653297384164,-0.38622636494412754,0.6416005650896364,1.217761672206387,0.018676706804679782,-0.2500537928938421,2.1122140522771375,-0.831937450750757,-0.2944330684366389,-1.302727736008882,0.737057381929568,0.23892834019427217,-1.5012941703245197,-0.7833095325338517,-0.7928227895427993,0.8120225895265446,-0.042667755428789214,0.2624194496356037,0.021185972299898853,0.5655974062417003,0.32865067278468824,-0.11574021411426076,185.27,0
119388.5136422013,-0.7331103627252581,2.8563609986323435,-3.9555274469626838,0.40474404123418345,0.6224839463226739,-2.705260728057407,0.3636870298448051,-0.03742919981569085,-0.4832102330911732,-0.2686756678449608,0.34846744345178027,-0.1463898553991392,-0.6228088226695151,-1.0483160490070287,-0.24665028128632085,0.2788177578660898,-0.7551431856079359,1.507189396526282,-0.21935800945543135,-0.6255122777474453,-0.32864949539809046,0.49527555951765256,0.4252006285001075,-0.21639234380250735,-0.024596510004955295,-0.48815416193917704,-0.0916523537359503,0.08454353687218966,78.15,0
119553.95499971585,3.377852474483706,3.3098119959191368,-0.5477003948800941,-1.1965635974485251,0.11377373710254936,-1.1794883285791864,-0.6885988879126297,2.3080113219059686,-1.557941085732873,-1.4687970725891664,-0.3814937915887498,-0.9402824609266021,1.442013616501699,-1.1418511058289034,-1.2860043870051763,0.13403954430236031,0.1322021405416981,-0.08246494189291675,-2.027288672019883,-0.3202643698965497,1.0115183367242746,-0.6732243346618177,0.7319729341083578,-0.07787893588705955,-0.15943125176682718,-0.3234240494025861,1.1015646380337067,0.19686336050993208,38.87,0
119908.73961635915,-0.7855850898357143,-1.270846138773183,-0.09603503431809028,0.7836151446870954,0.050171058820704106,-0.4398002342101144,-0.3846988653745083,-1.5957330678901327,0.3007255604515838,0.6744491660125677,-0.4898635830376674,1.0565825303029037,0.3543784982353503,0.34134013068478547,-0.4473420466041438,0.2960423208222433,-0.45547728895267914,1.1217073887942821,-0.4795506531370816,0.7747348810205225,0.3383174713933502,0.4784916952117968,0.6828009021128263,-0.24838161755969257,-0.16740055075616647,0.36967540636283225,0.756468568696929,0.009221513704262418,41.98,0
120037.99259187811,0.43670452247239994,-0.9104270016010096,-1.5346902533108873,-0.04795539713179149,-3.2981122177777986,0.9444158608684805,-0.4164077836093461,2.3936407927375645,-1.649707889391818,0.6273134807258176,-0.6055057022796687,-1.0835595298330638,-0.6590177656109948,0.29979095090108426,0.38886458720304834,-0.6625368733330584,1.0586754824066502,0.7299991421366276,0.6938818917291546,0.9284992091175571,0.49033644679698385,0.07970066562363323,0.22080222576938738,0.43821297169171153,0.20299053526142496,0.1425014783405336,-0.12529400321351195,-0.47681156209782155,131.94,0
120219.80746702997,1.8226364434576725,1.4289747284082484,-0.7816575128037346,-2.2579153092159543,1.0298195653160893,3.3437812536549605,-0.773127036554738,0.9147221936712027,1.4267719971296515,0.08033492494945609,-0.020870723203670387,-0.1480816911775201,0.8011806437782663,-0.6625677560928863,-0.25824899496806436,-0.983345368926117,-0.5896272544471772,0.6141552755265943,0.36163645221977503,-0.2219388720672333,-0.7717185636693648,-0.7333192765587321,0.5016402061349914,0.14012086640311597,0.5939087518588914,-0.07222807634524192,-0.17984301836552122,-0.3218496977291488,77.38,0
120258.77501934225,-2.7800442225808575,-0.6407735617815904,2.327599913405776,0.595742018698545,0.18484918837828376,-0.30003988125181436,1.513326520407659,0.5046596987383867,-0.18168230799721247,-0.2648583440867103,-2.443344409266241,0.2851679783498019,0.5676838729982732,0.005161930420639676,-1.4178652889113172,-0.41662753239724026,-0.3074982506818568,-1.6805999058511647,-0.4871243144047158,-0.18984114273068864,-0.27935296955139205,-1.468950893278122,1.0665481304294426,0.14127031219577918,-0.2481682207824213,-1.210217747139794,1.2481624416139765,-0.46564752642257246,45.72,0
120268.38062706194,-3.450476064132868,-0.07346571405837206,1.0122957235930201,-0.818191614950201,0.5916839246875432,-1.8757092880507962,0.5676219439634054,-1.1855131017953986,1.3163647079871081,1.0592076338324048,-1.1276345223179187,1.3558900203925313,0.03781403914771847,1.4799400628373391,2.6297134517601988,-0.08219469245622472,0.8206699895918538,0.7760085163460451,0.03057539555489776,-0.540172470977006,-0.12446400738671082,0.22838571403522182,0.3143740488857606,0.09859866290137972,1.274109528525223,-0.21100421805200642,-0.429519180652693,0.16814914943337708,90.0,0
120375.68915933596,-2.990096714890371,0.04407278910585612,-1.4039087905546117,1.2476830582148288,-0.9846259552351274,0.542306988615339,0.30840221520918476,0.6904047449354073,-0.5328415153196048,-1.0819477382328104,-0.6406734317930011,-0.021532622946946196,0.2682550647882355,-0.9435751726026546,0.24084547653656188,1.0520902231944145,-0.8953909550241658,-0.10674353236103246,-0.878213424770838,0.07279466150034215,-0.6301199695709336,-0.5775186088695798,-0.4471026564954881,0.34858297618614426,1.0250117484196235,-0.5680195639241994,-0.021638820812040466,-0.4061052589694937,117.66,0
120390.60827760232,2.4686941689138124,-3.185034466493253,-2.426997348796048,0.0019559139790843827,-0.5323889054377223,1.7701660679937805,0.9956434224134032,-0.8706279407404607,0.2939358568363819,-0.848972238399956,1.24294885623877,0.9344880412401174,-0.594985981629665,-1.8908946128929403,0.09933676700657242,1.6112185040862281,0.058213882678907994,-0.3710756445645244,-0.0045626689672585595,0.1602193342638155,-1.2285562219322317,0.7932672498073224,0.35691116910608783,-0.1578949714228809,0.6957535249556859,0.2380606915907929,0.00922526580864818,0.06526389692090802,2.06,0
120438.74391805434,-1.0836038129400685,-0.02104879923379427,-0.4955708279947164,0.5599503134730553,-0.5691316108293014,0.14904314456522996,-0.3259249716023825,1.529046875828815,0.22826086992854022,-1.1065403816354678,-0.8324315148371397,0.696613193707343,-0.8237751190063818,0.44117716640560045,-1.0086881969289798,1.2392072580066693,-1.5861665961385976,-1.2390321482959097,2.3840384691667516,0.6261070559953823,-0.37555785773898087,0.00897165808740989,-0.023035926760244324,1.0333959623183344,0.3272115639502715,-0.09291159281098971,-0.0006495001108221316,0.6265797295486694,8.38,0
120636.7588888998,5.005237395274416,-1.1431322434827542,-0.3229461088805754,-1.3557305274993445,1.4121709523676924,-1.2070308590656162,-0.9539258359179315,-1.1691487069153765,-0.05252423380571148,0.09495896545224804,0.18844401525461577,0.11379935918921177,0.7613782662404224,-0.10673806653070349,0.23583333941461346,0.7648897410970118,-0.9474665916214909,-0.004892367263016583,1.5007175331700109,0.6199074848456514,0.990905152687046,-0.5088076605191297,-1.4383286954618417,-0.7483507498399486,1.0496742994316797,-0.30421286594966773,-0.6923996626389357,0.4882152389519003,8.84,0
121121.85816308427,-1.1078597671153418,-0.8167371907511807,0.7558103306308249,-0.8343489449360282,-0.5245100927188898,1.2850222011156154,-0.7425842477091646,-0.13470823524448336,-0.4803529851872886,-1.1942407152040588,0.23575096762644493,-1.1111008441812262,-0.22195623948817828,-0.6877400041470595,-0.1533977545634531,-0.8837982915388499,0.3306837233005466,0.027803644095706213,0.04020575626635922,-1.771847061128231,0.04188169443962154,1.303248664190576,0.28276760025417863,-1.046438742902954,-0.14865727912368903,1.2770281093163312,0.19812223572342114,-0.6296969228961979,23.5,0
121294.26065511307,0.3581316850068164,2.3985795556782867,-0.8122092051758476,-0.6493015849166852,2.8795489224236044,0.8914985902297741,0.0018892945351061772,-0.6677999060667533,0.4303645764643011,-0.7505527453993599,1.3357804237127109,-1.4595619411855831,-0.07810670245406962,0.63206362999593,-1.732883324547713,-0.35728280273219226,-0.8629246282396198,-1.088736625573009,0.12778049452454732,-0.11367673504716659,1.0055625759294977,0.4170419919382377,0.07124579823730325,-1.0966712902966764,-0.4315347753287696,0.5013293524095681,-0.38629375682347394,-0.4384078718839021,49.58,0
121383.62984030058,3.0159472491101167,-2.084074469320155,0.7790686316310772,1.213072776249487,0.5951695070200058,-1.3666494607245632,-1.3049818496371035,-1.188996924039035,-1.025055532390318,-0.774199986797864,1.2994961211094442,0.09668048461637284,0.28178065654417805,0.8133965448604389,-0.9833413433575675,0.18990457302483435,-0.4750408459081917,-1.2309849693376382,-0.8004921098447721,1.0716837912113892,0.12970251618614143,-2.6532352384045637,0.7080927296772979,-1.261098884791272,-0.2716432666684321,0.5098840657254032,0.5723624505470672,-0.26647321699461823,144.95,0
121476.05194541557,3.9243286794551517,1.3519721719627673,2.94318264386764,2.3750552680869985,-1.764923360664707,0.5144515065231688,-0.6164991493501901,0.895602180481723,-1.337715802122975,-0.2848996924925968,-0.05589203482188286,-0.5589065181901202,0.2672481013554292,-2.1394630323420234,0.7251842884842205,-0.5549483473831174,0.4271538488057835,0.4062909471154978,-0.6556966287734378,-0.33396404025614307,-0.5618351504575828,-0.3541225263465739,-0.4596263953268549,0.40969015076521936,-0.52035665634039,1.064004394167502,-0.5797568331005396,-0.40085714900175323,38.51,0
121586.44883799306,4.0328112045533,-0.4611981838607065,1.2411848316533947,-1.13995331156559,-0.17847340940815817,1.3375078528685986,-0.6360291792279659,0.6473796085617407,1.3689576094862426,-1.633345735394289,-0.48505343597744716,0.9174294056344623,-1.427285562293031,-0.6320962912883415,1.7777641857763176,0.5146678922087075,-0.505135360359136,0.7279867344853327,0.2923385211677756,0.882801346850235,0.9347241407180179,-1.0054655122524223,-0.9224336183288478,0.33576224136717675,0.06613408265305896,0.38725982214446597,0.02397239038347513,-0.5668364433240706,1.57,0
121659.35128940103,2.3625469270707673,-0.46252172424147486,-0.07156784011440419,1.5247741562445962,-0.9019425009444614,1.5842543423200013,2.6165968860029327,1.4595325523752372,0.7998014101985548,0.09741238438801099,-0.6784394927954248,0.7423194453194292,1.2881629508767714,2.2457776637799993,0.3333511143125148,0.6413622045563011,0.7138604849519109,0.15873504351908962,-0.4301694404089916,-0.23239973878208203,0.15410764442837807,-0.5815209237029104,0.10311377954844626,0.7341701797294055,0.1589662571777565,-0.37316882836197274,-0.8825935587481224,-0.00432631670098544,58.81,0
122033.0069148253,2.00171886611173,1.3140653285300314,-0.27687713071816333,-3.071939118453786,-3.035453448253406,-0.08412288919835333,-3.4169296119940626,-2.144397029418173,0.06992057608966132,1.3725783900838677,-0.2443619176365399,-0.19729896167040414,0.1231488094632639,0.5655210966410126,1.0074595471386527,0.47848869031885793,0.18594740939352397,0.9611680801261382,0.7337593606339478,0.13893082119085964,0.7033293527815085,-0.10622442843697305,0.23265328143152383,-0.6402184712512818,0.10734821911883702,-0.429696524602183,-0.8579983142546516,0.24079259022644578,506.87,0
122139.29415811745,1.156862570208313,0.5664625076306194,-0.5406509859790266,-1.6907583363514194,2.2113147056921005,-0.4738805036379652,-0.2215519957394267,1.2848883982409494,1.8350864335517012,0.15048817256568717,-0.44249336173000986,-1.1799710835027908,-0.2006710973537182,0.6553409576044722,-0.1456497029906618,0.910744595554514,0.3772444593578476,-0.07238989160301124,1.2758263760053377,-0.8729962957369758,-0.7843196252674892,0.2556764855949943,0.057270183048168936,0.45356763009339585,-0.003860699878923202,0.4659112024382028,-0.3341056976180859,0.3260207224952142,38.22,0
122205.17810028077,1.5206868773343722,0.949231092335412,1.7962383028339854,-1.3574430444607095,0.9717235076684125,1.644908750578956,2.1253015146687995,3.0227487099391386,-0.29835197931768925,1.6957587599728579,0.5715840579139962,0.5048861261682172,0.4327978334775258,1.1367032141693205,-0.0822534030424075,-0.7955961913017247,1.0773987042378952,-0.04562932672560166,0.2682595586968866,-0.8439593344490978,0.759692290598226,0.18842856692534674,0.012482306305925546,0.03559851237117152,0.07205414032960727,-0.9959569283227535,-0.27787649492307154,-0.16306275686700206,289.46,0
122349.27686253429,-1.0822873366599752,1.6092624034146936,-0.9520545291166654,-1.9149205554401174,0.7367089652338528,-1.6126678156001655,0.14977391824376418,-0.5428428107449925,1.4571207462130842,1.4678719440933683,0.4347006617813292,-1.0388330699748696,0.23850332678887376,0.016773200824921505,0.9963719275157176,0.8291240247250651,0.2765097399705526,-0.7662988117107548,0.08020909059477671,0.5636364022401359,0.7817728906895164,0.7808625318282665,-0.6547860931833198,0.10221892748065421,0.908016662756054,-0.0381015638981432,0.5842094238805263,-0.09370739069358151,9.51,0
123058.87201508341,-1.6050432055509767,-0.548099844775596,0.07027564492183945,-2.242103294552119,0.22804921772084374,0.5908361152000418,0.9277085326080589,2.2868625669072022,0.19098211660785422,0.8564344259768271,0.6107788619964084,-0.7767955773538704,0.7689984169745104,0.7721767176938562,1.5201450875430622,-0.6108379861288992,1.3363924540740852,-1.303631784801704,-1.371618388690923,0.6842260708875046,0.21085422231835152,0.46068644945556797,-0.0852869075553884,0.38083150295547413,0.32594369084029584,-1.049984460320473,-0.01588940282767259,0.12115944773943416,16.92,0
123242.99327383575,-0.009787602805422627,-1.0144849651302887,0.0793586063850695,0.5848386710971292,-1.9119808645581728,-1.8263253222509066,0.12265325281816154,-0.31557815563636726,-1.1338710278353386,0.08365149119425278,1.2961143301292521,-0.9999203935370541,0.5399303698251438,0.6959962983714211,1.1888418967624885,-0.8277336638050236,0.7907375886433271,1.5491368505686278,0.6062609127155754,0.024382832735889808,-0.5927686371030834,0.4158088381292076,-0.21359663023506892,-0.45791683114171094,0.48365795115632493,0.04727469061757961,0.5151610432376785,-0.037757414818510075,114.67,0
123261.10164416359,-0.33636697622405093,-1.799596025594044,-0.761236024766366,-0.30301677753623585,-0.6695241189325619,1.4285362891763664,-0.8222890954652229,-1.6530845995508188,2.036959068858631,0.026289889284896624,1.9158436517531385,-0.15073551015773481,0.7197843133704104,0.5225354327278,-0.9797758968372149,0.47479793582554075,-0.4566775890834529,0.9448482821107358,-0.9341534459921226,-0.9429105793285165,-0.035192916816880866,0.14498615618125654,0.6568217880858377,1.5714424074337288,0.10210776103211831,0.4123368834252579,-0.15102045939652697,0.2769150849042575,61.94,0
123476.45867518918,-0.8905067369047801,-1.3683868970235529,-2.084769064157974,0.5372740512507928,1.1634553920979753,-0.34018738842621077,-2.761767593382613,-0.36678892201230107,1.0906856555129671,0.8411169452774812,0.1311466745418205,1.1708284884194806,1.352901669778092,-0.31177706518350173,-0.06431125948362287,1.0794036143562804,1.122768848101647,-1.1635127109856838,-0.3431148285003844,0.03778632566887482,0.44645792066892187,0.9324529961377248,0.2321314255390495,0.8094951062788198,-0.8398169991918428,0.13455976165033917,0.24173883784410133,0.1467304794987386,129.0,0
123714.2733669995,1.3601996775126708,4.897883273117725,0.49248943735590356,0.9777101750304726,-1.454499300296449,1.7001178596869297,0.25276132190038025,1.2656360745570197,-0.13638341021869477,-0.4289617162122904,1.1320197357466864,-0.015962814214084776,0.8855546945142759,0.1669499087980808,0.2512392811105744,0.4358006098558684,0.2278577936951846,0.1298882716919457,0.7789030700486822,0.9738206878295067,0.17040733021974347,-0.23069186829833027,-0.17047200304046087,-0.32161033839083686,-0.943216037472841,0.45295978436777234,-0.2887386319851683,-0.1294513907094343,177.36,0
124245.38004859614,1.8671064366644405,2.0682873328275626,-0.09120079069709826,0.37616253091581003,-3.5020477970962234,0.6614468623860789,-0.9556537057983466,-1.0089183521806393,0.7998050201548026,-2.067685635493349,-0.35791698161101526,-0.45844999590597557,-0.15850607416529403,-0.5698548771309341,-0.24084393673953416,0.022675307547422276,-0.3447159249084318,-0.08380239491339009,0.8360652517347369,1.3484344922979616,0.4389774870967456,-0.21184641606775137,1.0556606388739218,-0.6609154032707497,1.0886896993750679,0.9492554676722861,-0.3158281074808771,-0.6362772192293128,25.74,0
124416.55322286928,0.1699010492470451,-2.2410713034567067,0.7619535313715899,0.9313972057332792,-0.3147780884710156,-1.63012184932016,-0.986113194130825,-0.7221389414378717,-0.4483928426296914,0.5423624748350359,1.219850945685249,-1.5514913055917317,-1.1208749215627247,0.01265080904387741,0.35230532846760076,0.278529981153417,0.240481949621157,-0.22911486612086535,-0.3826158905625064,-0.2403112697914193,0.7402662322670951,-1.3838393915343548,-0.16490480883437741,-0.05224442024609394,-0.2746938248587731,-0.06988811575290083,-0.7251226071604041,0.5126132329498616,102.25,0
124799.46579777471,2.8895133836461357,-2.193563575919501,-0.8096000758923979,-0.09837097023445553,-0.196744126492085,1.9086678458851805,-0.6149302056929025,0.7174119707553659,0.9123625317788578,-1.2416988169067242,1.0930499612381521,0.5466822111736309,1.6696905258699668,-1.131967645877363,0.748680682809237,0.12491369735467518,0.9655535003611252,-0.341913393171348,-0.33570826211578353,-1.276418353351529,-0.4766423210413778,0.7651110893041677,0.34143721820793316,0.11173102899478807,-0.3189795528464308,1.3566604263815536,0.13404218779050325,-0.23551100127053173,83.3,0
124801.94768920305,-2.238369338766697,0.8018972614862668,1.8573169840005792,-1.6805695955375242,0.186781191678559,2.077889354143462,2.1489110578843453,0.0054255095476425375,-2.641949215948984,-1.056015919565829,1.038536707001891,-0.7989520409905706,-0.23573952843305174,-0.7658358203250296,0.9156079531621872,-0.9913312802488387,0.3940787682258783,0.318282582499761,-0.5722364897319959,0.6522481301445593,-0.8478857037608639,-0.05702590106695262,-0.10243919705640672,0.6478852852692676,0.13072110009479374,0.10229622295702984,0.10469272718782076,0.12180358871099786,176.05,0
124833.94590026603,-0.3823257909836046,0.9104694189698147,-1.3312621391240211,1.4978242146661593,1.0068177787846417,1.1838408856547276,2.961830978480088,0.7066606832223528,-1.1284081317380752,0.001803903439623994,0.09973484607824373,0.10780100451616217,-0.4711122963206712,-0.2733100617632828,1.541298390487034,-1.094494898588137,1.5829216139109006,0.6832687644022962,-0.9782840591945133,-0.20888089988479677,-0.02898632026845517,2.1273281337525707,0.9988629977682152,-0.7082471702782951,0.28962571625532296,0.4583039005342055,0.3099538678118798,-0.6568043211329256,50.07,0
125398.52529344149,-1.406569123696877,0.9131572758581096,2.604024780954428,-0.8340373101284623,0.881088474981439,-1.0131604981833424,0.2672370552202388,0.28850511454719363,1.078046552749881,-0.10300233878747599,-0.6830855843674233,-0.3685746278929641,-1.734671188223925,-0.9141631467469601,-0.3047477003311406,-0.06542143961199468,0.9431248920382294,0.3359276583446803,-0.519683363323449,0.7314527052077364,-0.24310541148268502,-0.29545353271833347,0.05299918663698869,0.17438566461672927,0.35556704810306783,-0.29588042812550625,0.08590271536686696,-0.0044893697229305375,4.74,0
125439.3336633464,-3.657468967211482,-0.42134257184132556,-2.6550708865876533,-1.3246197295903896,0.3571713695328522,-0.4042961360422065,-0.5727799759358418,0.5800569375204716,-0.2783631696893055,-1.5505781876215903,-1.4286785092172223,0.8355480957642244,0.34042935719485656,-0.48909893294966533,-1.252444797532783,0.07489216692432857,0.45330141937437185,-0.10090450323278591,-1.316519017255292,0.22081346090258144,0.5743670840540159,0.06305890255497412,0.07110099205746005,-0.9269280233455526,0.9278809166281595,0.7822410963670727,0.8074936654755286,0.03371212318999565,76.02,0
125462.77373660613,-0.1650525914332923,-0.2063497168074225,0.6624311935429843,-0.2518327153378853,1.6526802650083021,0.19904491279062492,-1.4503454510670541,-0.5195231973462994,0.22626688474440354,0.18346400999477536,-0.03795912225112864,-0.1696551375061857,0.15085193479909628,-0.15860060701705123,0.3251703984402933,0.014300099670817999,-0.8936776340217859,-0.13157019830295139,0.5536880167073526,-0.6774888210027904,-0.7888409869518753,0.3953172824182882,-0.0858707463442504,0.2659567486694436,0.7851710834245612,0.5030384528674832,0.07040915434488774,0.05026247743962385,284.16,0
125825.19156193302,-0.24153724941587576,0.5462554598883144,0.724239880465579,-1.2923582074654536,-2.10138104098216,-0.9358085572300447,0.5768133573942753,0.28115156360603005,-1.489315615328714,1.063526432168835,1.577164501038394,-0.07037824756910448,-1.5130699193104193,0.3900041087560342,1.7226142961883444,0.6021156583732192,-0.15782971637440893,0.7823781426302345,0.3186782779615696,0.048925120881514815,0.7462280384952867,-0.8007173705781748,0.12016002864673775,-0.06414069441117118,-0.4202344711995646,0.7107671004159727,0.395413561333307,1.0312268953497328,1.31,0
125829.95930934044,2.9598365606682395,0.14451989020625716,-1.2078036514250918,-0.5909553544428013,0.6971208832717138,2.266468099946885,2.1957716654761197,-1.1164694811521987,2.0367679044757963,-1.2387012668623447,-0.31498327875647214,0.47965196989002085,0.4552247964018915,0.9200115314898192,-0.4398910719626798,-0.18625357752299007,0.06074753715033244,0.3869312215026799,0.4538868792834516,1.0132416090746466,0.9904097330236183,0.25894097804643623,0.7345033382461933,1.1765787101918599,0.5077620912834894,0.02584202241360875,-0.12883921751862326,-0.21669283467447792,24.47,0
125966.60658013828,1.2318160652470114,-3.6824626356095034,0.6466583204673182,0.48722035659221563,0.8657825756412566,0.19757379076090797,-0.3049663423286755,1.5552995010524393,1.3112347551638237,1.4002555811281396,0.8092750706417988,2.116788996456246,-0.4961956024088517,-0.44914656695765276,0.6261827621789484,0.5020882776088711,0.6041264857894858,0.060498933203988976,-0.7799987187334912,-0.11106096588147703,-0.0012554788286383285,0.023938515703021204,0.5178693150399023,-0.9372386145819208,-0.19766023935741875,-0.6073492642230369,-0.36164149646922367,0.2803584856079846,33.83,0
126070.11076739077,-2.008324460186769,-0.3795793961309369,1.9465435527347306,0.49329142182260977,-1.7149701318256112,-3.6082796368675654,-2.9306148335588458,-0.763058264217835,-0.22431239915013812,-1.7133626087858544,0.8696732547749475,0.8863121954312854,2.692158633618082,1.2938759310143424,0.6343341697304782,-0.12356984808589885,0.5525693376761711,-0.0302164444245414,-0.9760172083221178,-0.7942480109900303,0.043026767519289834,-0.22155812525735902,0.016994824574910184,0.8330011494280328,-0.0690815181562914,0.22204296027567466,0.28620289612973865,0.17852584464939894,129.27,0
126288.0527753881,3.6267438780307337,-1.411544174990806,-3.368280502261994,-1.2711470129331242,-2.079116442297283,0.4582261515341908,0.8250209610389773,1.3628741874290595,-0.44948822490916074,2.328894087531184,-0.28812494021130597,-0.10034989166679822,-0.5673614656276187,0.9096959385205289,0.17238668937491547,1.616566513535041,0.1458462290539948,0.2882097663345418,0.04093239153987283,-1.2214767487807516,-0.56391532205186,0.8495965036612375,1.04184300607896,-1.033032948744332,-0.567832229575906,-0.8208113628388338,-0.03523358165188142,-0.2329626166238092,34.77,0
126482.69719347631,2.3873471708540945,0.2928024626879312,0.7657604053069142,-0.6904567991764846,-1.0323105101392012,-0.46061990614912085,1.2134506562046457,-0.27994224290781805,1.1336141977482146,-0.45049460359638505,1.3547016524451425,-0.007642926423823182,-0.4332000307963009,0.48867310637092065,0.0033668976519664537,0.07564986419728702,0.10307746860694128,-0.39147764331248625,0.049556361333471285,-0.5916484138892663,-0.39912551126805185,-0.656944585272723,0.5344933932187793,-0.8044424391760371,-0.8802206239033948,-0.1630101757394341,0.3317576957904646,0.2752246611970192,24.33,0
126582.59782115357,1.1364442909371215,4.957922143009784,-3.7885184325855596,1.5212130024245674,-0.9155872810300681,-0.09545298671002998,-1.9536586594220664,0.24530148050514755,2.1853358626676807,0.161618132992531,-2.9833088427822676,-0.540893678509696,-0.8727618720048476,0.1491118522498938,-0.848846984279314,2.0740401548170784,0.6248415155076176,0.686078416782101,-0.1226026008970137,-0.31238143258504414,-0.3006965220399607,0.19825016384797894,-0.2685830945873952,-1.0168050368044665,-0.01383610582629261,0.09186026127493355,0.1408875054355794,-0.05687394569126814,93.11,0
127014.39580096104,-0.4465895618166082,0.6120012251569305,-1.4663864348826916,0.7029253522345468,1.041254752279064,-0.4879668709160999,0.21707592215588178,-0.5950812505688693,1.0499016068956686,-2.0781420099494996,-1.252305852972747,-0.9702110208166663,1.2797877865549139,0.3094446574486123,-2.093002429423802,0.31554229190334027,-0.7480602449479054,-0.8989838735384394,-0.2384328578604109,0.6365390810983187,1.0558667351474906,1.054251274241184,-0.8456510743508012,0.1530608468616807,-0.49586919765006277,1.14860047596307,-0.31564495174999285,0.2990448642251074,4.23,0
127251.67236206711,-1.8815622417320512,-0.5185844195573909,2.478047155022602,2.9381364608632903,-0.8505842282437285,1.0832842036261576,0.5554868079147093,-1.2233283760082472,2.3943104469001426,-0.06674144825889244,-0.9369734812210396,-0.5690593088503272,-0.370785482128861,1.1504204288576545,-1.0214430406166828,-0.18466234731542658,1.4726081762100118,-0.3439506211873206,1.3907416889687654,-0.8606220181668679,-0.05414382774203659,-0.5139149972551488,-0.2543933450833373,-0.7112685109040067,0.4864241484406263,0.15347594433277897,0.42828500289926885,0.6707659909645436,16.66,0
127434.31566337965,-0.7318840496391853,1.532259086079853,-0.8828416896533543,1.6710070047401513,-1.1849987344656576,1.5011224049774523,-0.09035624055396789,-2.1020565019860653,-1.0208481268970806,0.252702508396814,-0.8384907381802856,-0.7906152067821625,-0.7229069781457499,1.1858145046278235,-0.36049888257576745,-0.7910483349378155,-1.7814737461493553,0.5102855250351038,0.3443355996733258,1.20255241392089,-0.9703299067374859,-0.2166226417853716,0.25297042562501393,-0.8172619902613263,-0.1439449290566376,0.06694537452255693,-0.34678956687945023,0.05101460887426157,46.69,0
127502.68402969523,2.1283606927531102,0.8032616206853066,-1.7828967668531976,1.6202685458790753,-0.8465666486432016,0.3829789159517635,-0.9743322195503664,-1.270750056539804,-0.9072015241529788,-0.09315056976742996,0.34840582002995224,0.6489217154168176,0.7088936158559247,1.2937229455436223,1.0022743869741937,-1.2715802573884887,1.2638473079676806,-0.9466212275823712,1.6024276321829072,-1.0274770653401881,0.18563749384162426,1.7004739417316315,0.36557768145975145,0.12417908189450977,0.16353397614867324,-0.030973045515357712,0.24940424971007477,-0.09686459414764084,39.13,0
127526.3046495454,3.6864442348111,0.6993467657321912,-0.2993554166262902,-1.9649861222734126,1.5463315309783794,-0.4487971443811357,1.251064973726579,-0.3888262003940952,-1.3150954089014502,-0.6173739685776971,0.30094430220513885,-1.092602135824924,-1.378314371988241,0.04027784822745903,-0.09744259759096754,-0.8723933833616243,-0.0408476080637898,-1.3142968152969792,1.0308948815145778,1.8024928305925085,0.6040030922868082,0.34299354317213643,0.8322566420642789,0.2753145924091346,0.7157092402120422,-0.6492455026962909,0.5108601323598028,0.3594096823487671,37.97,0
127998.8909989845,3.0181665529695927,1.0093911847231931,3.144980984410108,1.08161881513681,0.017340207717351366,-0.050561568478496334,-0.4971664787184608,0.2572147613197384,0.4847843416380639,-1.0388941941896406,0.40767746378402625,1.335449955575732,0.6270530715710887,0.5379665117009634,-0.4784091805141764,-0.7735035389237729,0.8701337734259426,0.052469364783269634,1.3846291240242286,1.335052395637436,-0.020099680959977575,-0.3684929716999006,-0.6705999844877378,0.025295666924987133,-0.7718762656851897,0.040982198182587484,-0.15293600508378366,0.4775616084715648,10.23,0
128059.71923212789,-0.9602459251012718,3.4161088686307233,-2.782829807335681,-0.07511434052303746,-0.2485963016016278,0.030879133051796712,-1.8296722147766515,1.220027970907057,0.19101463833518764,1.2442185310043905,0.6151736489196518,0.7485701864804731,1.7832868692776094,1.302055648140458,-0.8191281589272315,0.3533952180965901,0.31478071957564463,-1.4174250933080679,-0.8777843551389592,0.11289066597177175,1.0751191191988283,0.581150361969507,-0.2691797913485639,-0.09734997212945457,-0.3752256222077151,0.049227147214125126,0.4608159872859582,-0.3030185042967448,39.86,0
128547.967786218,-2.195157609460119,-1.8755281270890476,-1.5965765780315881,-0.7800490734023421,-0.15283213129661571,-1.0677451531483952,-2.524729496300102,-0.535748464929578,-0.17052236082757924,0.035420561920324535,-0.972367773191272,0.009830989884304833,0.5685531597488107,-0.6041113754837345,0.5986647573739382,-0.46097691844682054,0.29929924188384505,-1.0852293610984827,0.4804729541575626,-1.2670271450922477,0.5682574196120321,-0.413402962763556,-0.7214958764374998,1.1111675277990445,0.09694217698034593,-0.46871123440621837,0.15868758914606595,-0.1556952021662851,142.42,0
128805.97762325875,0.27264464821638473,0.7882275552292705,2.277795705194127,0.23796962169582392,1.7861764617086924,0.7784098987718402,1.5527335853973296,-1.0617124384943977,0.8904085844761779,1.6951335769539997,-1.2476092960148142,-0.010550623483419274,0.6398402291983544,-0.30829359862301864,1.2412930860817872,0.16956793704064632,0.4803365360596444,0.6318244190911939,-0.3543191333579867,-0.03875815220008232,-0.7702508175885895,-1.1366682729054696,-0.8202026415831423,0.08962455395868882,0.16558564690275376,-0.5741545543034292,0.339685904991808,0.23063188848393198,47.56,0
128910.58677803102,-3.4654150902166134,-1.536013927946137,2.825447402717434,1.3383915939611728,-1.036776935503796,0.6195209796182597,0.7592635906169938,-1.7378568198915394,1.3573701711436503,-0.5771451086203698,0.4100688695948275,-0.5736343878533545,0.8719910120226843,0.01577309357898231,0.9711419727201774,1.1378561238694116,0.7018726722983569,-0.17130001468086678,-1.3574521775209998,-0.2944115475828588,-0.4055533214016351,0.9945365376951242,-0.3847342386175946,0.49012429728335194,0.5780333710873568,-0.23328645146932322,-0.33307137642112616,-0.045819085585471375,78.56,0
128987.74287315363,0.6295135915889813,0.9241621417360953,-0.15569495959258178,0.7091998175410725,1.8186041753660265,2.063450013695609,0.10805370795993063,0.5805854276550982,-1.686750021455429,-0.47636317243028886,-0.643939747315554,0.26186824953597715,1.7115986145405373,0.8718951693380841,0.5522632161060747,-0.07336410093241535,-0.2874635009961652,1.0736549452497803,1.2158133130259923,-0.9789833169131897,0.16429327455403692,-0.8015585185004677,0.22434476723258176,0.08785581359033498,0.45479308701171656,0.03088298772828957,0.08565648975476757,-0.32735249267791966,15.91,0
129156.99834200805,-0.29215607794785964,-1.5232396545196119,-1.8819666179115835,-1.2437407292158,0.2904107785757629,1.6824316420014795,-0.5426114427816391,1.6695600195274427,-0.6617121849344839,0.898048784464762,-1.609331106032057,1.0879211876979589,1.211808481096779,0.8869849324896603,-1.354652855773794,1.8427531078812485,0.89814691342613,-1.0067119355755307,-0.24186122059699264,0.22847912506143975,-1.2224153108163618,1.7776805351415148,0.4722697983832364,-0.6652479590531656,0.05316697892128334,-0.2216773330836571,-0.5606805378674419,0.18450449247553952,6.43,0
129180.92001941479,-0.915583004903395,-0.6909703355629006,3.187448597729758,1.0513167976570619,-0.22255278960874542,-0.911704538477161,-0.6518961913450145,1.5286477813896977,0.9024228168001424,-1.7823961343077825,1.0004734767347747,-0.7209441828731259,0.44162112802858083,-0.2234599035282734,-0.32511348629577297,-1.0354195618624829,-0.9444558237239138,-0.07871158827893338,-0.8620150625747901,-0.6313586365675442,0.24499375885044586,-0.3562561449878471,-0.5810589315630058,0.334863943416116,0.1608300046259748,-0.5084775098994618,0.6820431524076908,0.22928514464704972,188.76,0
129293.2884207731,-3.125275798352535,-0.48797150629165476,2.425262832195963,-0.9026730110093847,3.4579606316031515,1.1009951495476853,-1.3253363022351077,0.8577563704322926,-0.5190714619993929,-1.3322660787866103,1.4355652123126568,-1.559344950703637,0.9058205756355874,-1.4615234493617564,1.7807747262522478,-0.12887244185128563,-0.006195648721553473,0.33358304622004026,-0.34030872262094014,-0.5474792209757557,-1.2923167426788253,1.546623972898344,-0.49587493705060137,-0.39692770535083133,0.17525898818830943,0.13932431071425336,-0.8020704884309545,-0.11509956621947788,35.84,0
129587.16960121473,1.0023403395344022,1.6219328179554002,1.0336074263133779,0.30687769553310673,-1.4606112607663397,-1.2662432859844874,-0.5317487249865185,0.7716766265349374,-0.8838233619200456,1.207899562593171,1.6019587368435542,0.699261846376585,-0.8839200388451052,0.23877289604274954,1.0247421112245776,-0.4726025105140167,0.7252745176590165,-0.9780586322399338,-0.6511640497465572,-0.1531210145665556,0.7484641510533263,-0.9942787155639504,-1.0903253952258867,-0.05411502864093723,-0.7637507038662301,0.25997356307946984,-0.14104691022086543,0.02038929151734672,38.4,0
129700.2241655272,-1.0460978188606176,1.5267024448328843,-1.2334103625678785,-0.4294305224265485,-0.48983351071441683,0.9347824010716075,-2.611706117603396,2.0486916391266647,1.1213991193160728,-1.2866174452297536,0.19515850700553772,0.31668365681258454,0.7782288761805787,-0.8895623453044328,-1.411345172271841,0.8323761728142887,0.8635587754821547,0.8616961823193559,-0.5676583645071168,-0.4394861961342093,0.6633455554015569,0.7428574976934297,0.13108702257511132,0.18647354108164743,-0.0789194571907612,0.05812862273408845,-0.3708994554272653,-0.19801798916003366,187.1,0
129744.51354582842,-2.293633306758591,-2.0661621776296597,-0.07299801227115951,-0.30981098767966503,-1.7051081403827029,-0.6857586615936736,-0.9069470163281826,0.4021519260170042,-1.4260869000693401,-1.9979204915152111,0.6458226555444616,-1.1420880198296717,-1.0035353561232139,-1.4434301180825087,-0.0538977168603213,-1.9762338280019827,0.3990726850487632,0.4263898746792143,-0.1831459332545767,1.607075694865922,0.3684105607724324,0.36137603282315794,-0.4486292876862299,-1.1772364406071718,0.13218634470208154,-0.2726394734587938,0.26907430990065484,-0.37559471675005096,109.54,0
130004.29969059561,-5.626469086697354,0.09312326882778939,-0.24223318895796758,1.0849923405976487,1.316523660785551,-1.3628704086177263,-0.3833015586048962,0.7808240845106177,-0.33567434897145326,2.055419569969893,1.4096566116796552,-0.7514764436197483,-0.36503238181473785,-1.2243861621675343,0.3296257252732835,-1.2717807279697448,-0.3435967051774543,-1.3446034620407106,1.4070634276320777,-0.4092519825730161,-0.49674350322727406,0.6066334754304917,1.0183884816741622,-0.9757797446114699,0.24173000713069592,0.28703042160336223,0.766758499568238,-0.17079642985195462,125.7,0
130177.72338726305,-0.05704954429937491,-1.1760898107625049,0.5044630558383818,-1.4727178562235699,2.335391590185827,0.37895903224976013,0.7509075441564276,-0.3850581572401801,0.3599323762206077,-1.530509266961464,-0.6554225910840314,-0.8784256989041599,-3.080442095925335,0.3164793509270993,-0.7011213051368929,-0.09064079866360122,0.7780831494954853,-0.03175397418597815,-0.5453572416654703,0.34408918806629435,0.12324086944346832,0.7011582996270207,0.2508022240598081,0.5531062002237027,-0.4793819424923169,-0.09260646400358008,0.2611920810075041,0.024697572562799308,102.02,0
130378.97229884044,3.466516396841413,-2.087391489880602,2.207216539819282,2.75425526819804,2.3087471674482076,-3.569814581144389,-0.049486028355819625,-1.6405850715359462,-0.6361581431226083,0.20393949347938228,1.143533583447177,-0.7425302148867978,0.40338289637206765,1.3190033045910832,-2.1182311414096375,1.376069816838511,-0.5835426018334584,0.32219853658443975,1.3487917125214006,0.11625105067779755,-0.3776674553272066,-0.362360203815088,-0.10521035271343811,-0.4017524404469904,-0.6589851284331175,-0.5752847437940247,1.1800212132062622,-0.5056457563450132,9.96,0
130481.67668235597,3.2492165543357987,-0.35835830842661837,1.3383443286311294,-2.5783731667961076,1.6919804988079934,-2.335455086294529,0.9788327477439401,-0.8228336817090357,0.861597546271385,0.07749532652217275,0.28591111979426126,-0.3377384541363054,-0.6418687164536292,0.03792107084387962,0.08754763508590788,0.203977944010042,1.5212046625840054,-0.4931509878237245,0.6887080938109322,0.2761055246351978,-0.75683123744764,-0.9508698207271782,-0.3928764852360379,-0.3729681210523443,-0.11967399255067808,0.5003963684219969,-0.5486726777506373,-0.1457855007529703,282.26,0
130553.19233113047,-0.8980798767193313,-0.5102057778579425,-1.636200064676739,-0.8461510026527483,-0.2740006056642469,-0.23252925762272975,1.661478594445509,-0.009308068568911601,-0.630702396723456,-3.087849918856533,0.9412993624066183,-0.2800410927956029,1.1130644651850532,0.20505046111416295,-0.7245709834798868,-1.190812784235035,-0.07517823020055622,-1.2364857734785033,0.32010195824841936,0.3349924272896708,-0.2497002492217348,-0.038155234533340444,-0.9156720707331161,0.10212903696194094,1.0284922158351337,0.1703746545901918,-0.5180940055555524,0.029455798830019222,213.56,0
130949.74511935927,-1.1821862334138697,4.03065397146338,2.0939606250222718,0.5242570834477658,-0.5058139777642805,0.1148662638186834,1.3030849479123658,0.07502930343196065,1.5519504470815646,-0.29227380195340025,0.19421934119368053,-0.6680664017447783,0.39214638573241956,1.1463932928312863,-0.7209834117300505,-1.0543030488521077,-1.3401911836708276,0.2323960821012169,0.6066761249217795,0.6838737025114746,0.5101902939484636,0.16061345475501682,-0.8380092962271456,-0.2329752541118466,-0.42456990434909964,-0.058167031759172115,-0.35552393188444587,0.4084045498070128,23.99,0
131361.2923660587,0.9145807107521191,0.7207052393130241,0.47752794387681957,0.8274017091683844,-2.3118683695885816,-0.4889016092475814,0.5792395009532615,2.324407142459301,-0.14159890187564578,0.49444800497173086,1.3340762337537282,-0.7764925224874618,1.1260145244970567,-1.49625568375374,-0.32786712084122877,1.4836039975037354,-1.0402805711100176,1.8470200519347755,0.00846827957354491,0.20953091978802646,0.030626853661228984,-0.34356753928398037,-0.3812566483536227,0.25456475780822363,0.614759039961563,-0.7599210251420483,0.04858429836703311,-0.10763809176535796,145.11,0
131457.57012061094,-1.95781075086399,-2.285137069484115,1.0459489226528107,-0.14218337602449443,2.8148444130093693,-2.1061966734980677,0.014304801918097427,0.09973784153892615,0.738104406956015,0.39101020463035424,0.2326512312913644,-0.24190674400864504,-1.081572192386825,0.5042562333862917,-0.1254247483050447,-0.5449526866705401,0.03638506267680075,-0.32350667220985696,1.0448103665888946,0.1774792335994175,1.0615602661520158,0.20017427418547906,-0.4282725588775718,-0.02991932406953289,0.8289740543844345,-0.3605556171476787,-0.4088314650428527,-0.42717833502306635,46.89,0
131582.94507572547,0.5876642231349198,-0.9356893893326326,2.2308381979397938,-0.08117986060477127,0.6478821463603364,-1.088409506743364,-1.2083841326865195,1.4231581689141504,0.8206135958574866,0.9946964320120311,-1.5205216388374552,0.15846836700728112,1.0403087714487063,-0.010995383821872463,-0.011296152854474583,-0.8295263895258502,0.12001035037381953,1.3106997188606615,0.4591410836437557,0.049104630563002065,0.5596633791787973,0.23795588379154867,-0.6121842852201426,0.12165134275641208,0.026329784099450068,0.9752317637692746,-0.29917138778409624,-0.07239682594805959,102.51,0
131601.77657187977,1.4966436468635618,1.697580480326319,-1.6881942324203851,0.5813714090998041,-0.6810577261474704,0.527527216145888,0.9111127610565761,-0.5228705019333278,-0.695451449847617,-0.424367887609621,1.493909811432932,-0.3302795950216945,2.107727959385438,0.5487123841716003,-0.8127201686866135,1.3106314927013216,1.7109604239724048,-0.6286777168414492,-1.3584941226122078,-0.10277916186017279,0.48119105619636887,-0.6614995225131299,0.2307651830054591,-0.4248845207414069,-0.35188087249362504,-0.7296081389382569,0.2474749613844737,-0.1945929691006148,16.12,0
131746.7612265054,2.3988972120258447,3.4690665566354943,-0.052926817081790666,-0.32708937609608896,1.8359584527971344,0.7822230327127971,2.0687074191634585,-0.3740759678696864,-2.269333544152279,0.7847337567217438,-0.9697251036342696,1.1591898293995877,0.7660941665027869,-0.4682343130343422,-0.20469044044378035,0.8983319888275566,-0.9044860099781536,0.1798392114319808,0.23863779069645402,-0.6993607870004691,-1.1804548317035632,0.2853688590756066,0.31478096176582093,0.11861165539098743,0.2700280814272263,-0.12200181925675052,-0.4933890813910726,0.18843621182847203,68.86,0
131944.9723844534,-0.19926183139126571,-2.6310569939363555,-0.8063382881830218,1.9726660927431932,-1.3459980371348075,-0.01699715152350511,0.42107921674414744,-1.6007513390715598,0.39537555269400776,-0.7561441888936061,1.289722317388463,0.502212250244147,0.7922836210364138,-0.792300874710768,-1.6127943210336475,1.130854075563413,0.03274950457609024,0.6442954300463135,0.6358778303381383,-0.04295787087461258,-0.2104350561729792,-0.19509208052573299,-0.28110929726847045,0.6718439620341847,0.10429800990241184,-0.008400770521642698,-0.45116958669648677,-0.11630457249636648,12.05,0
132874.87344387078,-0.40193167557834997,-3.119045272854648,-2.3817896113819987,1.1885023712517548,0.561645892576986,1.5507672081106594,2.3612604914637836,-0.8933464586667826,0.07698094749809849,-1.5488104852976772,-0.08950763175119306,-1.6173637607964253,0.1715620154235951,0.13637971148569866,0.2819388028932358,-0.8357854893846247,-0.9226767393053638,-0.007253617120252147,-0.23804023644107558,0.1901081917551187,-0.7814209556840495,-0.5090965855421673,1.1850597970397543,-0.34348622352354774,-0.44535280823567075,0.15440798851995255,-0.15849109065768832,-0.9286399929383627,68.41,0
132962.22291210116,-1.7220871780343414,3.1080196384250667,0.5285700124649564,1.2358995231595626,-0.23943845510354822,0.535796934022446,-1.879416762428879,0.6371578064214997,0.6106834901103334,-1.424889135000008,1.2106143341227038,0.5180061168771668,-0.5226711943427383,1.598208326421641,-2.6193542314505014,-1.3442798779229614,-0.4299005830559659,-0.24894962129497197,0.10017909800735458,0.3142235015195694,-0.13557828387329152,0.5700856800526021,-1.0700557693133252,0.5566624033763282,-0.34090703335142064,-0.724208229818293,-0.12100451802601625,1.263298075910773,24.86,0
133048.72602701516,-1.6220397071292556,0.6487446658811692,3.819378928014541,-1.367889836902541,0.8825700840960614,-0.9942731135417724,-1.4219377592188638,0.010851583438685695,-0.25283567092038683,-1.6055758707213361,1.1682688669105663,0.600626974251691,0.763128381305416,0.8344080542777725,-0.2681521461889336,0.12203069582742296,1.462571408828273,0.6063730008499667,-0.5018156795363019,0.14306650643692354,-0.509492089526174,-0.5649730268789688,0.03542324993555909,-0.030185490019324402,0.23913790703267815,0.08368910318995218,0.4026598383366046,0.048126486617103545,53.63,0
133207.46150964807,-0.4465793677021562,-1.439578077261186,-2.7955919022095115,-0.11232614793521435,-0.08861833593216278,-0.3702000499137835,1.0530801402103747,1.1387095244171679,-0.4778896298530174,1.111282072075716,0.4447968230058758,-0.44988283648557126,-1.5040383259907666,-0.4916913417852303,0.8390078666150074,0.30061149424975536,-0.9895504585903699,1.579873251926537,-1.1247050048540925,-0.175704672051886,-0.2781771809908297,-0.3325555269970396,-0.1340797370186926,0.44690343083122064,0.48935817114378155,-0.8155355739508624,-0.358522005858446,0.02992189863367756,98.17,0
133216.9609587085,0.7160436145895916,0.8894921566646916,-0.04753806976307345,-0.42534693622993835,-2.0072814589876544,-1.8702146208311072,0.3252302389996747,0.2202875584500236,2.2140360723540966,-1.663242606514671,0.5252859019980278,-1.52077481657182,-0.41576265860426,-1.2990921967305302,-0.9733433162251747,0.3266750616963345,0.5088440739459528,0.2508816524055762,-1.2654077216521589,-0.040035460127179116,0.7761110983191686,0.05106718962086517,-0.337500320537229,0.07926696767341321,-0.16569536668922716,0.04659084574452419,-0.2866688747356694,-0.5283521977880379,186.65,0
133269.34574455794,1.7854262726944963,-4.373830573816009,0.975228971001041,-1.423739006560002,0.10382118327529063,-0.13984066373621162,1.6179329292141025,-0.42324496230121983,-1.6279111720734116,0.30277782524221986,0.43708148170490985,-0.002726274613498905,-1.7689995287943623,-1.6295943536026216,0.6532813057011048,1.3113489429508436,0.3400530073290751,-0.4313352299355835,-1.2545678782483332,-0.42308452638671024,0.34677076245863725,0.9959497142881615,-0.4275130492601575,-0.019169695575491558,-0.03342771150543462,-0.31586107702078287,0.23201217295855026,-0.5020440064881782,16.09,0
133437.71817630803,-1.57563732240046,0.007527899737049169,0.18862470135707357,0.5100306673470857,1.4498445321796039,1.4909823358934169,-0.019364011193660574,2.592102942184094,0.807287552484612,-0.29074282154845016,-2.0645389540857564,-0.01865683237456891,-0.7016502196926911,1.275460992065596,1.055686976606973,-1.5287866807504578,-0.02257686083478934,-0.158741047453226,0.5422707422311196,0.2456151781406936,0.7365060297872723,0.13866770668630515,-0.0044644131768134315,0.2133778558297727,0.3512789209864685,-0.4190490522364642,0.3195476185314229,-0.032095726264376796,199.23,0
133450.4395447846,2.9191905287911246,0.5461585875522396,-0.17043522301837555,-0.7611667398454887,-0.04110360788391782,0.9205595839352003,-1.0694282016930292,-0.11149108592279106,-0.6370212106015231,-0.11127229166941911,0.12464410857913079,-1.1435496900514233,0.6439868062502322,-0.9251866825623892,-3.033047010743656,0.7644563224673657,0.4500640939550985,2.104707641202372,-2.030943085681089,-0.16658154672305828,-1.174414271636683,0.3820998321517172,-0.13833508655402244,0.7377032839993491,-0.0873206487845334,0.40303030619994634,0.5694682997460674,0.11448114775700975,44.02,0
133936.7508142137,-0.5339843596448014,1.5363574115794836,-1.9734221113976635,0.9280566380251085,1.0712590976314427,1.8784388509508703,-0.2633985873653953,1.4040556755143294,-0.37342113182251735,1.5004179085133313,-1.1427662502245421,-1.4763639302325122,0.5073416345863561,-0.3151697663884726,-0.14162621427874336,-0.9654001884415022,-1.0101426912327882,0.11247479083204256,-0.5454897663368703,0.14327953894602952,0.04100327045155536,-0.21717157485033564,-0.2402219964419252,0.14440857038334132,-0.15346061424240365,-0.1143919359952618,0.18717372012525985,0.2397701236726818,165.32,0
134004.96794396426,-0.0450138098477342,-1.6813022576711756,0.35539395424949005,-1.5151914116727143,-1.4466294744542965,-0.40011468422106156,-1.8881772309510299,-0.48203319946560924,-0.3528078178418234,-0.4803561623023114,0.17891478119329302,-0.09928698013185829,0.052883718130280484,1.2804139175859377,-2.63721461551246,0.7609549703656793,1.4385314840810182,-0.49679079263240983,-0.6262646596129555,0.7760103434246848,0.7068951291577469,-0.05816059861898499,-0.7956543029816826,0.2915538351154357,-0.39124616185646893,0.2284783869511271,0.05221734207414026,0.08067739264488635,63.98,0
134157.9483125311,-1.4660651242280498,0.14417815540686404,-1.1488338144805272,2.434046110735604,-0.03701609782324294,1.8037170102604967,-1.3904387918652916,0.8573545225750916,-0.8895939617697503,0.673822566377991,-1.1703635279658704,-0.24624181113175306,0.17236529462120703,-1.56354549070551,-0.11125638560737074,-0.4156961663687881,1.6719992578106633,-0.9568005119455523,-0.23246781061493912,-0.543200340208919,1.1022921085042106,-0.03667470941101077,-0.991278810963501,-0.22254317330371778,-0.4002899790127696,0.2444860807572329,0.22937018072901166,-0.4066495931949173,176.48,0
134284.76989693366,-4.749335918035832,-1.5344259814300385,-3.327393849752963,-1.269026852677511,-0.8643747051748951,-0.25366210063743644,1.1974925676509356,1.1207157594671053,0.6276791650496489,0.04284691087337511,-1.2134965350565283,-0.4322414249002939,-1.883801846377951,1.446155048638351,-0.009545122822079168,-0.7154668759099783,0.03939428801872469,-1.5255601232538594,-1.5146836810585382,0.4642836413258631,-1.1358743484108453,0.21160365996587258,-0.176915001503476,0.9545601273798124,1.3942936523573564,0.6133669031490304,-0.10625211191217039,-0.8580768912246219,96.8,0
134756.25531983055,1.7275946460886453,0.4259011149078208,1.8174458514448095,0.3105862125320006,1.0323503586327634,1.9714252966201118,1.074741429344511,0.2531305430345003,1.5321096309730902,-0.16553954628634082,1.651010134875663,-0.09510342500066658,-0.37057197845982587,-0.24552890166473704,-2.277012353368092,-0.5350208216051221,2.1052128253566087,0.30350885834342933,0.32630548409245297,0.02961387455500721,-0.25903621853854847,-0.21595627046956617,-0.2464813850714868,0.3897623100392832,-0.0996865692917281,-0.5845531060029626,-0.10918216998182997,-0.03492831309118223,63.29,0
135408.9713775676,1.4394049343610622,-1.4844912802030112,1.45838570437333,1.1212621762969557,0.04285341401040604,-0.02452637205706073,0.4468204502151109,-2.837245997439446,0.5159684762681266,2.5296551761633808,1.1012005135863363,-1.1244942473803818,-0.6793465169488867,-1.1126783208734279,1.7601957583840626,-1.2739868286397174,-0.34849649478740025,0.5466548749500645,-1.0396207669839952,1.563134697837128,0.7563731163524575,0.9710541175720819,-0.1208846550473552,0.04827431744379101,0.7144226131287004,0.44373025593010973,-0.7065020300409052,-0.18343344315129967,33.37,0
135672.1247210216,-0.5539615689431574,-0.6755873648292681,0.08006253213119033,-0.8078834669416883,0.9536497177993519,0.949883627027234,-2.1202293635486864,0.02374409080994726,0.11130042299686892,-1.5827471637711348,-0.0011044373426880739,-0.4499693235201947,-0.6570556685486847,-0.23943470314283785,0.25901723831647094,0.040028443623195194,0.3465953140499927,-0.3316200243298374,0.9196696694678894,-0.16285732836848033,-0.1423750590539997,-0.2719693759621159,-0.06673131627454072,-0.07333566852888253,0.8807292681304737,0.007452859308233087,0.3562079152290699,-0.4328854803988433,309.05,0
136263.2893219091,0.1279726747373658,-1.6512856966973921,0.349751215885488,1.2070781418344323,1.5035676008513876,1.9761394299283468,-0.44176746814560613,1.48539628981742,-1.091586260419539,1.4185554101463727,0.19285954803658065,0.5276977685658676,0.6015223758143577,-0.6999212708288747,-0.7806905210591548,-0.6789491734421165,1.2433974396891239,-0.012731046651283487,-0.5090708331074217,0.5402423090853001,-0.6686072779573446,-1.239935304966951,-0.32022899761035156,0.594651444347463,-0.09310627799399397,-0.18328257996612257,0.08452455565180539,0.2828899913879429,143.71,0
136362.4766614392,1.0069198293280928,1.0829123065987452,1.634615603754182,-1.7403061638533723,0.9557862594284531,-0.2538270248338801,-1.5091900127489295,0.6377600217634222,0.5676365745302119,0.7230716690166614,-0.2513980107165096,-0.36428430913795795,-0.8584936575680926,0.4273641185350348,1.3393265913251922,0.6995559168843436,-0.400643190923437,-0.9780141722085656,-0.08052907519887666,0.015839280586657185,-1.1372745204192802,1.988882601238578,-0.13029897102599425,-0.36682704474152833,0.1947369531328581,-0.5560301409053362,0.3098448605740905,-0.540049983461878,42.74,0
136439.69812975655,-3.062318714114303,1.4270875113955395,0.342553438535024,2.0561134325656734,0.3770150276335418,0.2965566899023169,1.4488777507190966,0.5393180152649979,2.3772542282016587,-0.5255301628121419,0.5882676306032404,-1.6992882338829682,-0.6026794322681422,-0.6277694961321911,-1.647776621410661,0.5702427560645087,-1.202751180873673,0.11082184984579975,0.0004197275992351688,-1.066935700938123,-0.6966606084662678,-0.23874000797232028,-0.522979081219608,-1.081008585862246,0.05605830931091992,0.2927100701493582,-1.121502683076715,0.2106186628273121,16.24,0
136778.52612347683,-1.038955480968023,-0.38758291155897845,1.375739860736599,0.02011264860478794,-1.381191384527064,1.7272218803307846,-0.7193016613229702,-2.0749223519733975,-0.42299697173026196,1.792484376666713,-0.6909876348669239,-0.4882134458823438,-2.0849968388891273,-1.8520395770946858,-1.1289096813236046,1.4970155753492391,-1.4028711506891816,0.40201028762952296,0.19627587742078453,-0.39766135541842024,-1.2390583377291768,0.951586978828543,0.9331999658746544,0.04505209947366743,-0.8380407805845329,-0.4462901066118708,-0.01848285632271885,-0.4834081962680531,134.63,0
137201.20050439297,1.551822802701662,0.06540509779956515,-0.45067414725779936,-0.8443722588317729,-0.004551423046235643,-0.17307107664378474,-1.3376673420456413,-0.8669725649434625,-0.41779717758936297,-2.0298618893305584,1.0234684733437844,-1.091555548806641,-0.2921366345749995,-0.21347825362044529,-2.109301415998583,0.3282009768609456,1.7902282322239937,-0.447294550841604,0.027493526227830217,0.683186866764668,0.04135922180489742,1.0180645504485968,-0.4900343728262631,0.723383496864175,-0.8066450003522756,0.24979344638133766,-0.3406908680604909,0.04529348404580326,409.56,0
137337.0347615685,-2.4588171654714515,-2.4029648971511683,1.9958940883248593,-0.4235286877360038,-0.7379439311660357,-1.7606583671419613,0.036394218761849215,0.4977413193464647,-0.6221065986547817,-0.5719616726297021,-0.25670712817909624,0.2588911407433351,-1.0858129923337645,-1.3141815757598452,1.646799930058082,0.46468367392173354,-0.46152236605729413,1.4119582962000161,-0.35052776933359675,-0.32978271838551887,0.6553118133132956,0.6846091922612251,-0.22742351775027755,0.966955484281363,0.02809327575823227,0.9313722258435645,0.5984064084199864,0.3191528149536887,29.12,0
137401.81296647384,0.5715438386549013,-0.4955862036717848,0.48916225047509765,1.1454171501345627,-0.4765268898756181,2.86876577450073,-0.7888116894537472,0.49656646512600056,-0.5429957536411426,-1.3267908542400457,-0.42792756510925556,0.31110071396117994,0.08117159656305821,0.19820897051248107,0.3014565170941764,1.2423038361261003,-0.16305012136201305,-0.6995332108929937,0.2767527677383598,-1.7086993125634535,-0.9254855977942029,-0.14489359966345247,-0.44351492732591297,-0.06401306657217372,-0.21894693760637846,0.47319782245490544,0.24497842097793712,-0.11631415525945431,220.41,0
137415.82935089414,-2.6590842284407357,-0.08142350831465048,0.29651272704224907,-0.8274437496857899,-0.5186661152201233,-0.6231450373336254,1.8272818307109242,1.4663531287235474,-3.0329190406242486,0.4545147579315705,0.025442717887893318,-1.6859605899502066,-0.9490900390968317,-1.1500282175943848,0.601042684984517,-0.5507249146167434,-0.9690556166717235,0.23658790229904983,0.377014334288226,-0.02022843387931286,0.1873781191379586,0.20679935306847325,-0.45380031891197503,0.027564667941433498,0.9889742020657001,0.672088420754828,0.09359842193817386,0.5779682290864371,11.93,0
137506.60693720277,0.9099911138505219,4.352851571695116,-1.9291028329866804,-1.060926907413919,-1.3559015329001642,0.21685860127494258,-0.9054039449962425,-0.17294133118032948,0.4442489967057167,-1.2219084630113717,-0.6038091027095857,0.7556052879283779,0.10650969996751693,-0.4726225579576604,0.27274404479125014,-1.3116979074594244,0.8229742469165077,0.7084487627623708,-0.6258422545911576,-0.8386272507147515,0.6179117626641282,-0.9259583358076832,0.014891157661477425,0.31643858214647896,-0.12073791821150429,-0.34805756100834323,-0.17179493933708023,0.6560178250219778,270.77,0
137766.26084378062,-0.07295968085190513,-1.844115619844867,0.4377370619590984,-0.31359189559866596,-2.707629953277399,1.549661791939231,-1.7237943075384388,0.49106909790402675,-0.9360814070993873,0.47757624245670244,0.3406224623395126,-1.1339967189111784,-0.14270637123516727,0.17715180455457974,0.522601023238729,0.18121073113352804,-0.6810895380351125,-0.06479163665682348,0.34461480987559406,0.10567926520042284,-0.0034635333549274455,1.4427825087476767,-0.06281898269791933,-0.15933803614925604,1.0199211862713853,0.3681862220141623,0.15852483819610985,0.08058746584938269,121.79,0
137939.020564027,-3.165271010428486,2.432687868297124,-1.2631324535939845,-1.6663664431115166,-0.9247170737234551,-0.8085538363164452,-2.6521396306759057,0.02147937736372031,-1.7801276745217862,-0.2033708450876402,-0.5485863117036718,1.5636440550615192,1.6739341626777713,-0.20562611702471276,0.06854377980960537,-1.2536698831742248,-0.428690457932945,-0.15767614679778216,0.9679804620880562,1.2005430804206527,-1.1817501856028938,-0.619256459155676,-0.28161643471993086,0.3145421735473773,-0.24578974213487462,-0.5535960453516166,-0.369495949191463,0.18474091572377466,37.89,0
138131.7216482913,2.2771346390188816,1.656865927759065,-0.9687290624320817,2.5777633047161252,0.26673877072051166,-1.3423082850339403,-0.038227960167169735,-1.1882973008812527,0.8285230325783683,-0.5253421446095543,0.48420400626991283,-0.060128334176971554,0.4991666303243452,0.24288735999448427,0.2451905513093031,2.174150326668681,0.2588575718803987,-1.1938820446096803,0.5722839507796235,0.5975513609334172,0.2815259592638687,-0.1854339619943096,-0.17382775583703178,-0.05072557967930668,0.9997264140430194,-0.11336555358429935,-0.039447472871792365,0.3625433146993929,32.35,0
138132.66855880787,-1.441357606463457,0.46782447223973916,-1.2379300797642168,-0.8018718388022061,-1.8651805903792935,0.3437989161316992,-0.6924595287494617,-2.7182459322304506,-1.1970792604192306,0.42875395789770415,1.2516796365005136,-1.2695238073883812,-1.837577314793202,0.6593945609457693,0.0955896488248255,1.2912893891447488,-0.9266975363250892,1.1336813437870907,0.7567486356475343,1.1893645980015422,-0.04152268402044493,0.07061090400658536,-0.44108013385480777,0.6149600157074477,0.2666934141758365,0.8411933028700742,-0.230131032568154,0.18578207299223742,91.82,0
138208.5893856485,-1.5894857274618444,2.921509832388711,-1.6192642780867876,1.1775542686373484,0.020989662797699773,-2.3917218971224576,-1.7603478927027736,0.5214373252573176,-0.37661143773108696,-0.29370780288156473,-0.7354122127148559,-1.1640895609377186,-1.2628558100490903,-1.1217383188155432,-0.5604526482724678,1.9177540230757881,-0.1568296343166985,-0.1421516229379674,0.1373723890523276,-0.42915196361645847,-0.11616112940636687,-0.07916597095255817,0.24585136846828357,0.4399228012661088,0.296346561062798,-0.2943236959586728,0.9032237372432185,0.14908544319307263,80.16,0
138219.10022380413,0.38949136739490536,0.6196774701348707,3.2314222429510826,0.2966648527406584,2.6273072310596524,-0.38009536198791616,1.4645124996894525,0.21147725846105006,1.6157722107086083,-1.1950561265504114,-0.13091897049670737,0.3406463457284614,0.05717782594005694,-0.06216313674576284,-0.045684989212595284,0.05949767284386463,1.2175925696750833,0.4486834814279512,-0.7651314904681981,-0.1064421174329206,-0.4021858201086082,-0.4778189522394708,1.258583383372991,0.49287764429909986,-0.2642345410333189,0.5367039930419779,0.5858911555488209,-0.18004214582371075,223.72,0
138613.22069845203,2.245610284916218,0.6479893249008059,2.0253163446737483,-1.393910055090851,1.4141535317656597,0.3321733880236085,0.8215665122819368,-0.7436456444587689,-1.5582225973849557,3.080792063819026,0.4768187304955091,-0.40602058610049385,-0.9278309588555644,-3.2258679011505262,0.2476392583254,0.4911187601076066,0.37078555082366543,0.5617574259821693,-0.6620946696430265,-0.8016773436819655,0.06211642407693636,1.0104810357971887,-0.5360330610096173,-0.12350864496688538,0.30345137990347393,0.4904398710773254,0.4237870476946969,-0.5783202528836751,129.42,0
138726.6530901476,-1.9919475313332802,-0.08626458534771142,2.920705452463479,-0.008352306685015758,2.2722627795911534,-0.3561000011402954,-0.03506408032429291,-1.950626168899961,-1.694405407484715,-0.5339303611754151,-0.44436614836739996,-0.10847684288863912,-2.966253819554631,0.23988655886220203,0.09828792541901304,-0.4020070056774824,0.11193924838566234,-0.5250977297490135,0.2578889113156737,-0.5236721128936858,0.3721012003974562,0.6882841880218006,0.2410969677674382,1.1700525054665158,0.8852763070301184,0.5190050328104934,-0.5934398527028588,-0.47654616211536244,69.22,0
138835.07692305875,0.11757510850348284,2.033240262891513,-1.8574051326705732,1.1101382162349618,0.5402180085084397,-2.058103049107513,1.680190149136094,0.761061202289698,0.2944385060299211,-2.4360105555044957,0.4798885468178361,1.6177691184336482,1.3514541472069375,-0.29123754735644686,-1.3566308532680809,0.7849970007526714,0.18525351908280951,-0.165237896302716,0.7652098661731913,-0.71099878795904,1.7503204102148713,0.2324572703277409,0.027329230556479005,0.2948199058198607,-0.07289783404688759,-0.612948947754436,0.34455154831777923,0.8150436396742782,233.74,0
138868.10551155178,0.8363517921168483,1.8222349135435372,0.10984573849811957,-0.26647788466547423,1.6139274088734792,2.13526793567086,0.8157661016349699,-0.3189046561894688,1.2659345233101322,-0.9240666554625389,0.5734028896655472,-0.7169933074778353,0.7221619874114896,-0.9526731745271986,-1.234998008710633,-1.0705523910348287,-0.33989515186239805,1.1145850969578524,2.2664204818560387,-1.0040040950866111,0.08083481555303801,-0.2911148829893209,0.4093274647573077,0.1512044540290442,-0.17435478097475757,0.25336774807775037,0.07504600537552897,0.10978639948739215,79.99,0
139305.13153800266,1.3537745216275707,-1.036798390933007,-1.964744190787389,1.68939197451099,-1.0019165309784568,0.1430611145433105,-1.0138526203098535,0.6732025016290489,-1.7404795894708402,-1.391417019345788,1.1153843909100518,0.04968020765717454,0.5229243855915137,0.30614887273010755,0.9889178069710884,-2.2444252032347536,1.7339970992788396,-0.9335180493688652,0.797022074099402,1.0576109161387033,1.1058425671348435,0.7709967957054223,0.4265771436845909,-0.4607459688046592,-0.1260512210295568,-0.07620113267604353,0.48769349403997186,-0.0847302928638757,168.74,0
139414.58826746908,0.34225449675257824,-2.18823320722487,-1.0560019525998605,1.4464292332844235,-0.891798649779213,1.9173875417128792,-1.2803574370343858,2.249362799298797,0.4471787246774306,0.9096467206223883,-0.6190493257654561,1.4229359026250752,-0.6053215010815798,1.136512621504269,-0.28418596075778013,-0.6948984129350327,-0.7076923882645226,1.7774114820629998,-0.955952607693299,-1.6097323815626445,0.260673861737617,-0.33821573672759875,0.1256116617289624,-0.05780873916162189,0.8474185411274967,0.5256542308406338,0.12872016539943706,0.43191440345841536,163.7,0
139519.1992911087,-0.7217447754812105,-0.3350556615101289,-1.3941236315445638,1.301158467192746,-3.7888345712672487,-0.3428479607401804,1.0072347710032648,-2.5803527147974834,0.6384686413206376,0.35511434236947265,-0.9648424089899894,0.26230153338330964,0.42962875108673315,-0.46100002212561847,0.5326382859840342,-1.282708330934708,0.18182914217669907,-0.6224824517348784,-0.6275835394626601,1.0609142458738663,-0.07441049239436535,1.1382198165699136,-0.02459125812006624,0.07053199812559377,0.44863904910908387,-0.8004999802983782,-0.002394346376622991,-0.2572091309355376,224.01,0
139636.73662569473,-1.6234294773040754,-1.3262654551488293,1.8858383980748628,-0.6507431506665772,1.639699870253213,-1.1714316865873498,0.487914633676511,-0.8418269725545205,-2.2755961244598577,0.43981789149882716,-0.31265511852165795,-1.6332756039023792,-0.7023541328877163,-0.915237762508394,-1.0033694252199135,1.311121516879214,0.09844820417033143,-0.9855792314818147,1.8531568270255896,0.9651995477431362,0.10737248016826384,0.0794878493138601,-0.26629794379056865,-0.4769723871373435,0.7575051619414737,0.17727727110220967,0.09341870343134845,0.19902571355860435,6.23,0
139684.59457573955,0.16547056276292832,-0.10353672681609505,-0.6007813568658608,-1.5288559739319452,2.129516503668753,0.3644389741751599,0.2087784001485962,-0.25072463777912596,0.8785352737248984,-0.405166346150429,-0.9904875630313167,0.49948700654989053,0.2068199507252641,0.16013468697273534,-1.3523931774150486,1.6097742177074688,0.8755093263811844,0.11030437387770406,-0.1772698885010293,0.3895333616508304,-0.8967328156262344,0.8910828835387679,-0.46873209725842385,-0.17631307448582303,0.1661581371576739,0.10892107761578099,-0.7190604007092269,0.02581360049215189,78.06,0
139851.13277744333,-2.102204802479939,2.0562653967257636,1.625588147441302,-0.8686918130913381,-0.7657233413110666,-0.28370999445619005,-1.0429733286672858,1.755931836335065,0.9647428110184472,-0.30550057187353674,0.5827456103754657,-1.1853130424029146,-0.9185666799705852,-1.2938934548850267,-0.7757194978576927,-1.2362464670473798,0.9575955082176091,1.8446018671198767,0.03604579444438863,-0.855729830167832,0.22264681031433534,-0.0837955278735214,-0.05951855053299794,-0.09952338401028886,0.023124381310349204,-0.9624888217492009,-0.30544221820517337,0.15688616913649409,56.26,0
139939.82524811407,-5.722573640741758,-0.7572684352847115,0.9198633883083172,0.2779338814344469,-0.35190476189536557,-1.5693672151945421,0.7485272283336896,-1.9714016640607241,-0.3469389167562427,-0.4061651094777711,-1.189675353660171,1.4097707290490415,1.5181882989428874,-0.6396380284807842,-0.20684814064683937,1.1464661856639202,-0.029399777262339267,-1.596622239151842,-0.7848960916524433,-1.2164865492883752,-1.461207902684359,0.05069158467633182,-0.7869993275477705,0.035050192141284624,0.2236844989923231,-0.42849967558813,0.1490142170962454,-0.11579256821289027,60.05,0
139981.113693405,0.8515115595705575,-0.06916949942536571,3.503320618639167,0.7728511902224279,-1.0432635787507616,1.9690185358335583,-0.9308861930702209,2.3359526645660296,1.3794646805991009,-0.08768879479163202,2.3985658324617223,-0.8418326520855508,-1.5681889974611076,1.184673575027464,-0.6122516571871773,0.8455322295111334,0.25115951040944334,-0.11802773084886749,1.2720941961831287,-0.41904025321336175,-0.6336164635356428,0.8879190566332246,-0.3639323913669507,-1.0687675832387051,0.5606489768333658,-0.8851650239033845,0.45420032137994953,-0.3309002635783942,54.85,0
140057.13113245447,1.766534014031506,0.09825086872964404,-2.24738861537067,-3.0746207900369686,0.5284983092685394,-0.8269655793576771,-0.12592813435830297,0.16554763137672363,1.2515507439871325,0.9197458572619477,1.3337385899794063,2.9878414562240003,1.2341972783772153,0.0604826518408316,1.182280358143978,-1.3837798022867043,0.2840841349730183,0.3976409569686719,0.40485827095589966,0.4862106074376278,0.07901096486211942,1.5906374451384262,0.6777351868293914,-0.08099348878521695,-0.12623670049769053,-0.35161066435349403,-0.21902785650253764,-0.2823438022012363,161.78,0
140445.2628255584,-4.629308035006866,1.41045235076274,1.9157074303903294,-0.011408487969672242,1.555044505268136,-2.4547902612003387,1.7819540385912023,-0.11401971275082522,0.11100895637441134,0.3709676528507883,0.01606107784285794,1.4709348629403185,0.04088642516881521,-1.8208635680660692,0.16146899414103943,-0.34081061022752374,-1.977078447692861,0.02788581425710684,-0.6335526935899225,0.006358977089118208,0.8734375024022687,1.1309459516888964,0.06013619247046783,-0.22792152922220885,0.716309546766634,0.264976681455749,-0.01597507357708874,-0.26899574607062315,34.14,0
140462.79116960437,-1.9800224050686095,-3.7282646379576128,1.744250413877916,0.2239153644068467,-2.410891739602272,1.7797489663294321,-0.814283829089022,-0.23708024440065578,-0.5010878124556006,0.5512755399535557,0.8937433723738318,-0.8153194055965974,-0.48747109487066337,-1.7409496137393592,1.6906708032027857,-0.5087244212120704,-1.383110718723826,0.31882769216827866,-0.8121065990172156,-0.8009547764976057,1.04684215977689,0.6352125479494448,0.5465464470859946,-0.011566560371374088,0.19338158988023874,0.09393161568829346,-0.6375339820984217,-0.0016318309636985258,55.32,0
140617.26904520308,1.208993270989263,-1.0052936068944702,-1.4781126300898584,-0.39289241038909933,0.5655410097898048,-0.6692983580105288,-1.9378229200101296,-0.5243003011378569,-1.0765614071287706,0.550666676476539,-1.6774319478190642,0.009338266915055144,0.16896738498261643,0.1572864087776712,0.367465860120725,0.665687019893455,-0.527634640399039,-0.6000608959020693,0.24755800654850071,0.8897153358266152,-0.17481359331930857,0.4263561023578388,0.8999405830724484,0.6294711864952244,-1.2521170265929635,0.08138039096207797,0.5816535271993889,-0.5333937131713338,19.95,0
140733.63804350738,4.024964170488148,0.3526880935908596,1.5324873817248543,1.8283767051089115,-0.3833258270515548,-0.8076583814166997,-1.296772888837206,1.2655309206543746,-0.044267545619046736,0.9737258610141251,2.594014162894297,0.7501837993866894,0.7352853491995567,0.8358425479750766,-2.2128978828571704,-1.0822563146560813,-0.4898439088286862,-0.501225153243332,0.03335111415512068,1.30332087868307,0.11262630089037183,-0.3690380304432032,-0.10863032058074243,1.2468124820228705,0.46331363250364416,-0.5030987657743263,0.44398301817502095,-0.42770088708399556,25.82,0
140751.995058221,0.037528603645116336,1.9942433018900902,0.5125100086816134,0.5972718042041452,0.15612219700750796,-2.3547164194574863,1.2244120647491985,-1.286662209726872,0.6260618572073767,0.31828868161798396,-0.6028519512462501,0.7804951930553471,1.3686537463697308,-1.5671499650332459,0.9643688860326401,-0.08314757476399691,-1.044279139539272,-0.1242153873989226,0.6750846001883514,-0.17080180044841925,0.7198340372416906,0.21299929929200603,0.12678343893442415,0.41285077791687386,-0.6608138840178044,0.5411000076328583,0.26007162321501087,0.0457849989687262,96.17,0
140905.2111455677,-1.428458437672936,-0.8147111770401019,-0.3442572873789291,1.855162552788789,0.6340745136368092,2.3314141179339223,0.31345593344511635,0.4182282153004127,-0.36061574498342797,0.39599907745993423,-0.12057137280153617,0.4358141481608956,0.31510048802915863,0.43598075110198997,-1.3857412195742964,-0.6022511789395375,0.6501648849197831,-0.9441194709997796,0.4428418452109982,0.08833766211981679,-0.9756942468272146,-0.663692732859814,-0.18507913690012787,-0.7481246125706194,0.45063177419837375,-0.009601448111183486,0.16234851558237795,-0.04432737759695665,11.07,0
141101.85034517274,-0.36125405516197,-3.1134477567829597,-1.2509420222820775,-0.3056968004430981,-0.26097579700343176,-1.7186773375611368,-0.1590505521488309,-0.46150177994802893,-2.4282888536786142,1.3082787657160475,-1.9024244108650774,1.2536013115039137,-0.8886809706387413,1.2892626827748337,0.20819502011786642,0.4228267724363823,0.00028089223786946635,-0.03755541145723047,-0.21806843475886747,-1.1599228964755919,0.29510857980587935,0.27144577160724787,-0.4979144313137848,-0.20853598256336112,0.4727124315771886,0.015787404778567344,0.6187985100296338,0.06451528560417508,18.52,0
141183.51728346798,2.688539009201781,1.0307422172181755,-1.0915947242211024,1.3274410644409305,-0.14395536667557915,0.082801109238564,-0.627378860784029,-0.9172274002354043,1.3975302708240906,-0.72945245258388,0.5024428284149723,-0.13505068112366353,0.057599920499181556,1.829463902282009,-0.7125948802168023,-0.1874166321415457,-0.1882275164994214,-0.3249779523119817,-0.44557050065863646,-0.315660212564413,-0.6081354328869724,0.3180771448574141,-0.5838850538112609,0.3628295888241287,0.1746419671897735,0.45406682815847144,-0.32042467503091704,-0.016036570721756006,66.86,0
141209.4584171685,-1.2678437203033224,-1.0528771780254178,3.117475712280384,2.315148108351052,-0.29648029368341056,1.224381372248752,0.5975309346677131,3.119845445987423,0.20715103567431306,-0.9390638497765794,-1.132786252897951,-0.3811966053295495,1.8186786944059832,0.3211707369680481,1.959769394349661,-0.4690061121307271,-1.0937273391196916,-0.3928948755742206,-0.13292397527389938,0.3977466394717121,-0.1273874824727565,-1.4239429930871417,0.5162195904055604,0.2944427186115942,0.28612053026941203,-0.4797019881700483,-0.36351054164891217,0.8618059338044289,3.99,0
141247.7079199087,-1.5678317208514614,-1.9731091965516954,0.0025700305789152778,1.857288565412457,1.341215445581842,0.5682999502502425,-1.0461845377358456,0.5070174878167567,-0.4218158237307904,-1.3019925179478424,0.10752366471099589,-0.3611476691386041,1.3495860083519715,0.49129774535539134,1.3157104688763044,-0.1843258100256309,-0.04029058148892191,0.26752214614406633,-0.45117352540998173,0.27773032586805113,-0.33783820728277497,0.026896796802895914,0.1275805617327649,0.600367384365734,0.5756208005156064,0.10997125505286709,0.423178431544933,0.042776955567950165,12.09,0
141346.40743327944,-0.9482918522451732,-1.0345872317356861,1.1904571475482926,-1.5462701741215905,0.5784322246280929,-0.07504197334769427,0.3761939804471545,0.7411972661387495,0.9432777297283459,0.20261515416514517,-0.555683024251042,0.8559427304156377,0.9106924198087619,-2.0667015547996277,-0.6824916490863088,1.8046301026846907,-2.2853365568934,-1.5211813547154924,-0.10869589896908567,-0.3876168288077971,0.3175391779086113,0.29981034474739404,1.1308243026618796,-0.05797818417157148,-0.25582037795184726,0.20418931134977739,0.39640421929811265,-0.13040155344962123,177.23,0
141534.32767556031,-1.8695989107572617,-0.30441700285552536,-1.2007234473596697,-0.3590977668228365,0.30436108125264094,-2.2695537514119026,-0.9010234677250212,1.373640924961781,1.6800060108686365,-2.036041663361923,-1.1034210694844484,0.3579001279249264,0.7976213768385756,2.0347768730386564,-0.11963716870702493,-0.3643597833232457,-0.14324361760934368,-0.19160398207180915,0.010736826987922747,-0.20755441801052538,0.40176802468273787,-0.06194824762447739,0.5951705520238644,-0.2195177236044414,0.41635044833799617,-0.26422160580108905,-0.47519220150430197,0.03400992770671395,166.67,0
141906.69218888643,0.23698166987898575,-1.0020469540218502,-1.1839316300145566,-0.4886353239142459,-1.7583806356580203,-1.0774944850350154,-1.105991167134166,-1.7120955833633842,-3.0954042987638117,0.5095517724993595,-0.8227265612109216,0.2832759927686053,0.70138905593925,-0.5573832599933187,0.22107815916184678,-0.9162189127751822,0.053374177085243515,1.9356637139462038,-0.7340023611993397,-0.34098050364079213,0.65147831189029,0.2585790088451892,-0.4480621756085076,1.0647445031199934,0.6090727253998058,0.31484046612314187,-0.21140540904067892,0.34859030140459324,38.05,0
142010.84336489922,3.177599093906626,-3.6596615177212564,1.6462699919645514,0.6928080147836156,-0.5242610297844615,0.25567564265395337,-0.7855266080648572,2.114609219939514,0.4765095618675298,-0.11846594774716533,0.23497606460370266,0.7921827930096513,1.1606718045499107,-0.9042467104294625,0.7879200588081762,0.5201748653024523,0.20877242713912983,-0.9075475360782496,0.5110232462166944,-0.21081063537819916,0.2536713083003937,-0.9747254321241114,0.5144996007496068,0.03671927231391877,0.9204055334519214,0.2301278594119442,0.6731960012634025,-0.017606301790253052,38.08,0
142127.85527918022,0.6293404424958318,1.4911946004660703,-2.049974712918678,0.9718779509263208,1.242130063311854,-1.0473558899557878,-0.4627118397574982,-3.0235075240271265,-1.5774646484316173,1.2487395776563504,-1.3126176662213052,-2.082096317824632,-0.45463445781441664,-0.24704595826772674,0.023727236251415228,-0.12263069861958464,-1.36147194424901,1.0736662620583322,-0.30436063364820043,0.3304769876345557,0.12430408117498122,-0.5641553765769485,-0.1870572620333773,-0.6159623815075322,-0.5739806140218271,-0.04941126642096167,0.16428513472841827,0.23381769996452134,245.49,0
142138.79607750368,-0.4972364364058526,2.118416532791267,-0.6296392966062045,-1.1876983263865732,0.05143472959313257,0.27647006183228207,-0.06045268082102,-0.9252252736218156,0.5480839888353932,-0.7370054016490477,-0.7656909563869417,0.3022458978657124,-1.3530487123358064,1.464961188308272,-0.9417906159325424,-1.247126915273066,0.19390632629353172,0.04543410235655758,-0.6883534730765765,-1.5137529176402025,1.35709727117098,0.7497102078923937,0.7451128101507898,0.8964428644263953,0.2156396790935883,-0.06438359281697667,0.3138774422292281,0.13498061160006064,2.33,0
142805.23848368888,-0.5744864813640185,1.083552711291001,0.05325753995509736,0.09613055717202951,0.9114109013774325,0.9158195307705757,0.2897136966263872,-0.5517542079966758,0.1383920840348692,-0.2219271860171432,0.6841626966062425,0.209846085935224,0.07097265704305986,2.139707197970777,-0.6602674022265166,1.9774579105821184,-0.9070351835220626,-0.5039284366468785,-0.28903185347395266,-0.053357155245286426,-1.1184861740215897,-0.0007960269343682213,-0.2980761758439503,-0.9069474815970606,-0.4987409356519495,0.25256857047617853,-0.461468122524493,-0.1000453593838821,77.31,0
143199.21168138017,-3.063581394706271,-1.8868126033433474,0.17083088044626352,-2.859909922010467,2.4423264425933824,1.2910483045491645,-4.543419130296889,0.7031644268755795,0.6988733067979468,1.2350696783658497,2.675236544539579,1.6743479856619958,-0.8155699734783057,0.12174844088814592,-0.007081591047431724,-0.3073964309481558,-0.707964267346729,-1.1034726441690599,0.19466084456355934,0.2739651424325721,1.2410160148023732,0.24539548888040782,-0.6448018979046886,-2.120211914314885,-0.5208672616310615,0.3806274770150718,0.2618810631822677,0.03734601589421769,81.01,0
143372.7457461748,1.7257628995855345,-0.3325835162545619,-0.27070975417354504,2.041710048454311,1.4356579721910805,-1.6340766575043513,-0.9951235690848623,0.26546117646980627,-0.5538493026421445,1.5218832294969644,0.49351168754301544,-1.5544935969686324,-1.052997771535532,0.9673220296702237,1.1277992243748525,-0.3298477344590334,0.6226457071382451,0.11646364055388518,0.06497909090195518,-0.43607343350874284,-0.21385224823880533,-0.3977506636063008,-0.48759355676092897,0.4680891155888665,0.18983432067270684,0.029900244764091817,-0.5652461560750273,0.5468130568163133,138.07,0
143455.35083825962,-0.1555700545258612,-0.008902376584212002,0.6032224063627845,-0.7253851278090163,0.1281364332952556,2.9404531011787345,-0.48261989794903226,-0.19940571046064667,-2.0703873492104807,-0.74605727191775,-0.9386464066468762,1.5616287702022296,-0.7182716229577857,0.04209676598805384,0.3889277151463245,0.14561237124960583,1.7496136725731024,1.2139250117788836,0.3411535033454637,-0.36575949668113317,0.41685426474467513,0.012933485200664613,-0.45630133730318684,0.5538599110159538,0.04301039710769887,0.5409738301794362,-0.7884548058243455,0.08260859530867724,269.92,0
143524.38871045728,-0.35652300030747824,0.9960166232275393,1.0547503093572654,0.07917591364929749,-0.7073786913565402,1.0304036950580167,1.8535402517572863,-0.01273043317643409,-0.49989885882307816,0.20136941080025425,-0.3737843108234479,0.06527838875490717,2.4871673680027238,-1.005331117843702,-0.7114323429643797,1.534118035532982,0.043092988718495234,-0.32536711891129155,0.7290325402467709,-0.34343639776255597,-0.24011315406053352,-1.6714838697989547,-0.514847331519354,0.2523946412967614,0.5996753585745893,0.31781450667322375,0.2898396947727391,-0.3382019579073936,39.16,0
143839.42878918647,6.248254862644344,1.1114740545342587,1.118263302616264,-0.43835010990129697,-3.5321691713607426,0.002393754890569675,-1.3305908616485325,-1.177542114862698,0.4462492587118852,0.3251794181971484,0.03558285553312998,0.4829262410499464,0.1380905760693594,1.4311162267937734,0.5909399950530905,-1.4810184757822409,-0.7119860261403707,-0.06785911701720725,1.0601960089588751,-0.36554113751824197,-0.5162815900722918,0.6126308361878403,-0.35091837937547116,-0.7894178598565047,-0.17788997853519742,-0.8650137130524072,0.571747357883114,-0.11000665368697383,51.28,0
144269.26547702448,0.5817145142300588,-1.216919614846131,-1.4969999751108027,1.6227244109836425,-0.23356885683523337,1.4608260052683806,0.20021638116653048,-1.8035929060061986,1.1179277304508803,0.41227291514653014,-0.35562196332376905,1.6815286238297047,0.3638629659958688,-0.6025721552456778,-0.35745835984771857,0.24831728893409663,0.16247887291974825,0.8438263602628302,0.2298692678453111,0.008534419801570929,0.35360551763816145,1.3105726537074527,0.5245136219223133,-0.03462202037640405,-0.06727872655671574,-0.6796046241989728,-0.10082338875053085,-0.7244762765987772,99.07,0
144333.5888178556,-1.4750305736274838,0.13804951218038913,-0.4304154602371262,-4.017509538077034,-0.45156234330982525,3.165999368818913,1.8411837561232827,0.8777467979605135,-1.2962105246086397,-0.2870621538233204,0.9303609313273813,0.5554038338760748,-1.220331809447416,1.4880776307717207,0.812646783016609,1.8499291252966161,0.8148795454590795,0.2845342961414596,-0.8736627685508205,0.10350780738182477,0.7621632107789086,-0.7739565570131763,1.0998575057586422,-0.16772558517809244,0.11290911565549173,0.5709655656742438,-0.21745723867752517,0.04642674627916879,304.48,0
144450.67698354507,-0.8379000163372782,0.7610812149995354,1.8177052454019391,-0.023439478875863944,0.5391646278823135,-1.9181326164409684,-1.6175446289682094,0.8381906641294923,1.1308063414203775,1.4100384242966295,0.22643912681501574,0.3934334340925908,-1.8416922039593198,1.2584481569194774,2.3117916305384734,0.11810660786316955,0.5383664304599547,-1.313684674217412,-0.22183985497594078,-1.6163309122718796,0.3451279072741858,-0.6834884863865515,-0.8149292891357808,-0.32499898006283,-0.44677367518195676,-0.11978979657240296,0.6818631372652502,0.44859998583435245,197.19,0
144856.49354444694,2.245235093471304,2.4188173964550375,1.3614958546009939,-0.1497485124427901,-0.2135439383658808,-0.2963738102924136,0.4849686401066405,1.912282789089197,-0.7178931201779493,-2.0755808052729092,0.9352833789660816,0.23380168519032424,-0.8170409593731316,0.5952011543440424,-0.33166491008905435,-1.088052179370692,2.383443238119066,0.08238421171344566,-0.8206530341275198,0.5076244721038371,-0.3987260683939017,0.31867881549190313,0.7736875090397004,0.858165972584731,-0.374418665380613,0.07885508445483906,-0.07731742973980674,-0.4598761370191116,97.93,0
144954.87815316586,0.21857862332451447,1.1715153711853015,-2.0853678416807484,-0.6422189663804472,-0.4437797932750992,-3.17403613822718,-0.9884983723568335,-0.9508488659777243,0.39724543768327286,-0.46134336965182166,-0.31970517274523896,-0.4991053791205026,1.4400991733249653,1.7724083856358277,0.7313024521343272,-0.5425316854032958,-0.623512453844968,1.2630773858358182,1.3794027147436578,-0.21970803897974323,2.6448162685515517,1.0681931185271583,-0.29279028864076384,-0.6341658616765177,0.5846041689363923,0.5502069166880331,-0.025919567790236252,0.050649585688416154,173.01,0
145461.27799361534,-2.819028229439977,1.311881875867295,0.5358208285236589,2.444220579419028,-2.4615455548232283,0.2621591559541352,-0.6218852165714168,0.8371164345789263,-0.5656001507928201,0.49391762861425204,1.364101910813595,-0.03964167569273554,0.33623191897679267,2.1632525206349604,-0.6857642706258805,0.18721336850508472,0.21774212200193857,-0.0310851547157755,1.6160477964501756,1.4950741741513538,0.8768019488076885,-0.00273256336367892,0.21287300585176708,0.1929689912562136,-0.28362759778956836,-0.00360343489959491,0.6751337975569491,0.33677047359842716,7.93,0
145511.41296646537,1.7964766465157644,0.14108937805810703,-3.0055915604524186,-1.2562793393906648,-1.3006413515928363,0.4930259308794773,-0.9895318034035582,-0.34035139720993135,0.1982630210747195,0.5041335647605872,-0.1677895745062055,-0.7334220076217757,0.6005388865448155,-0.1695665192576995,-0.10581099832731868,1.1810296318284026,1.345148409316942,-2.2904312882478766,0.527012611194842,-0.9152362344674644,0.682447902629597,-0.8931681987427165,-1.0133494048019935,0.725837041775446,0.6192165071044184,0.017510076389324912,-0.14058198901835536,0.3729616485434265,42.15,0
145987.694733034,-1.3112673326135702,2.343507408557368,0.07287836987056703,1.0928550472842389,0.6584935885378295,-0.047654610093398254,-0.9017658870394482,1.437183215374419,0.9815989416946442,1.4884936311110344,-0.9940170351594657,-0.055877571143280555,0.740503131341103,-0.7834416540379373,0.024103143608560695,-0.29577477496945886,1.290582735270934,0.32408505514333924,0.6965450754911344,-0.6650465276530961,-0.26012115638431743,-0.1525774079024712,0.32076463653304677,0.23262538912376743,0.3193008698990725,-0.4204315051539512,-0.26027473631937603,0.43755462829726716,1.17,0
146260.18439339087,3.664343657431435,0.6821945325860427,2.8863501869502723,0.5044925737527617,2.372342625429105,-0.8700848239052866,3.352384892984492,1.2339950462876774,-1.3571182666230452,1.31863218036223,2.238705441658499,-2.3697763073772067,-0.5893486003595685,-1.80613840498383,-0.18039246776445841,0.7352381551676231,-1.6970595838706202,-0.16601299839099787,0.201734648636951,-0.15252730564808745,-0.45958276136568654,-0.7484995616188085,-1.228435281385509,0.7544070658141224,-0.804328754338469,0.17834390820565968,0.325170424367271,-0.6402547455465193,17.4,0
146739.01154611,2.1113268299285237,-1.427616943323828,-1.439370876091474,1.7862475735098255,-0.13557256361425202,-2.7344457178963606,1.039844296019395,0.2564071563828958,-0.7532500701111109,-0.3123060577815467,-1.8706409124092056,0.4223866864054592,1.3898715775155954,2.175205627829392,2.25316996005937,-1.2649309961774455,-0.004480261089433757,-1.5282277831047657,0.2954918634117503,0.3227558211280756,-0.20653711045831644,-0.48650622034804897,0.19208052782573729,0.3432562787610715,0.2791841782047208,0.28300443755368326,-0.28331292366294936,0.172259904046917,88.65,0
146812.27192993127,-0.8789437247642262,2.3317382661531676,-1.266732273008344,-0.9445854499146349,0.45265305763245345,0.5039041127348793,1.3567491708443904,-0.4076620110141792,0.20134463397406202,1.4303600338478561,-0.755348592714922,-0.13380687490934118,-0.6308048344225948,-0.4257927300691052,-0.2838186669598592,-1.2723139958070477,1.289158163690829,-1.4030146029832873,-1.303751363308179,-1.5008168071897974,0.7909451913808251,-0.22181418610529097,0.15736519341925645,0.26170328321570957,0.27506536285636757,-0.2798414252097803,-0.05732560004804606,-0.5160799067123018,193.02,0
147069.60774474073,2.504780670985082,1.160552911920317,1.1629427888269375,-1.0377222326081426,1.3165460460403713,1.949840382037625,0.6057017888139758,1.1604057462046575,2.647930186383742,-0.7833080544189519,-0.6406498231729075,-0.3503825772143168,1.4081374780411866,1.1000214968104387,0.5345858997597766,-0.42263213104471925,2.511713553209096,0.8143674959042865,-0.06287057417637067,-0.6355680800842984,-0.7273657972894745,-0.6755016926331903,0.11678870519350133,0.22375986513344112,0.22315500912374142,-0.44619191114936113,-0.5252548149483633,-0.3424169517157643,89.2,0
147250.14580304117,0.12966575893690693,-0.7335985269316763,-2.3436987853914077,1.5519899999577247,-1.1221366183151518,-0.7851982901605236,-1.9787999151868276,0.7817583775915713,-0.9555487580194393,1.0247775669038912,2.5785441106173073,0.2110469764111007,0.4442534358282912,-0.7180003938719631,-1.7709558834775914,1.2758420961207502,0.6103555705201374,-0.6120484271489598,-0.7203371235323144,0.46013722227915327,-0.7842285126757117,-0.5656365705266795,-0.4503266496919244,0.37343906577964153,-0.07135917482967648,1.2689937252136787,0.07414182967711949,0.28051530367027483,97.15,0
147393.2098291161,1.6663711641688166,-0.7941094939207617,-0.9603263452994321,0.6022857914308172,0.5065928168373879,0.5928149549722268,0.48617912712938044,-0.82354690080131,2.2489816209227547,1.991661515110898,1.858335326064357,-1.4585350019391385,-1.7869870192731119,1.4907275639702364,0.39273713023410217,0.06518126954053753,-0.32140034673932744,-0.7583361909213161,0.22650576340707557,-0.7273825381899667,0.39388622894135733,0.05286889103732671,0.3363780207768487,-0.2328942263366469,-0.48757070235927696,-0.0454145558402877,0.027411098589917443,0.05349620831932858,9.76,0
147816.74523242997,0.9458242319137348,0.4942859454077053,0.9081893063309436,-2.1873777858399617,-1.02477055469749,-2.091105187211563,1.3212648603881294,-1.5992935982241552,2.2095662261069187,1.337009182310808,1.5370347241502667,1.937371472949706,-0.7460012049861044,-0.6781401973818891,1.043157676509225,0.2605422132202848,-0.8790143913272802,-0.029996957463083344,-0.05120514271518892,1.0608274419869,0.23241918146606477,0.15481291774320283,0.23933194665577054,-0.7890644735202204,0.704595716981018,-0.3309882026461859,0.38592936601923733,0.2480630628472189,97.34,0
147857.50411702134,-1.660170226074241,0.7708834294504161,-0.962653359573438,-0.7635160597804178,1.1953239826374868,0.6157397365595321,-1.0514744026861222,-0.34617068547065205,-0.11021373634009668,0.11781923162502489,-0.33635373897574405,-0.11465051987492798,-1.7828805945577362,-1.1544745086186776,-0.4862608770184423,0.250168663064214,1.927529260381282,-0.5383841574962182,1.582997005353981,-0.3461279174438934,-0.5659429282800098,-1.0344095091962058,-0.12879552854135537,0.5801666462947118,-0.05034648624403103,0.3410460267951492,0.3418024431159899,-0.31871941502332896,53.94,0
147994.59263861258,-1.2631169348167752,0.3294601311209922,-0.3571687027750126,0.5471530575227781,0.20868685469154705,-0.5210619767123683,1.1887258567937131,1.8289870291516046,-0.33189150231145603,-0.36312935365724264,2.494219182071305,-0.15815114163655775,1.1651988860299336,-0.20179656581592534,-2.302365831597272,0.985085640619912,0.6320446547028598,0.08335444086112659,0.7439225407278898,-0.689776448518213,-0.8010820769401216,0.28639223389580537,0.4113000187388296,0.7062296837340203,-0.45802502698348174,-0.025057241950558695,0.21999994079698154,0.5039071999910476,93.85,0
148326.8562164577,2.0132664863006577,0.5187452489418349,1.132777581093066,1.1862583423340145,0.41205021624407234,-1.0142698890137678,0.8672531089532024,1.3841436997253838,-0.7666708449800085,-1.6786507837248732,0.3813531486187414,-0.985762987216141,-0.02276177550507178,-0.515026350467959,-0.038381641522638094,-0.5353019971868611,-0.7389142225399056,-0.16957474862554706,0.2290758158503747,0.47473517961347617,1.0521713127671328,-0.27833090929161336,-0.05875813542570558,0.1540478719820959,0.2411657149948184,-0.525343092267593,0.1573485514395003,0.23505215195134085,35.15,0
148727.35894203009,-0.6586011204619835,2.824119870460922,0.6423292633813634,-0.9616349498553811,-1.0830051426403162,-1.011524350375348,2.280927422330439,-1.3394833460260136,-0.07808522737185684,0.34289904726661885,1.0065508784465125,0.013309520190364174,-2.226263267805726,0.5780155018393963,0.012764366926935786,0.6128887920340969,-0.1781956251137624,-1.0026864023985864,-0.22007152105027766,1.244104001709321,0.2601238006864758,0.5213899939747082,0.3236691506699466,-0.3317280077401499,-0.38469638627420905,0.23299450207692457,-0.028901655988234378,0.30385688460001514,77.56,0
148909.66102616768,-0.7934402892634034,1.7808537090442893,0.40712587355425794,-4.126178224421308,0.9771029906914451,-0.5213684100455874,-0.5149075782278295,-1.406319508142368,-1.555467245217374,-1.2242751531718696,0.1876505857383024,1.3897278944731435,0.37770134862710814,-0.049564333880345535,0.6602840652158141,-0.730420142055854,0.26813122864306105,-0.42727325955204853,1.362434929457464,0.32520176794468764,-1.0006394755321208,0.5650954808785117,-0.07730137997646354,-0.9443487853416412,-0.4922733803829942,-0.4128867683765849,0.24312155671953475,-0.37043493154862905,49.13,0
149009.5499617676,-1.8731111304970613,0.31840900772672664,-0.5139717235744748,0.740903784989419,2.882387596072361,0.5157982726174016,-1.3522798245285714,1.5387203392809468,-0.08695546378266497,-0.8702460074254998,-0.0476406903208424,1.0352317946823733,-0.5351660777791472,0.608442868111343,1.839031895093642,1.7579686006440518,0.47125265910995967,0.3696457008800932,-0.02705152326569302,0.9762848623216199,-0.9494111641195634,-0.3963140479063331,0.13252624098809973,0.053189794601247085,-0.19316627797940167,0.7615253348146597,-0.44285768747369625,0.40044140671525513,72.83,0
149137.36716389554,0.8261371474269738,1.5646472164223244,0.5640663533773638,-1.7277572880126353,-1.3946053705796149,-1.7489921448239103,-0.44573925995387603,-1.3675881242576988,1.6493678869617245,-1.3072952202440666,-0.25536397195221044,0.8519685452024186,-1.4817623374308433,-0.28174901188909,-0.35110931923131117,-0.7034582849687944,-0.7837359635361285,0.03479286739468518,0.2674883884967933,1.2973441184543775,-0.26638469982419427,0.44439688675077627,0.3518104813398809,-0.8176375954440489,-0.3443459221994537,0.23852972500540343,-0.9355175564870579,-0.108860097337661,14.17,0
149417.10883786317,4.034810779509235,-1.7122275780873577,-0.18655544300025312,-2.856244850374285,-0.47057329410517434,-0.5260510930869753,1.7679452550668981,0.6158323502400955,-0.6772893834476578,-0.5044997789152929,-0.21209822123364933,0.5409002680699961,1.6798579429111933,-0.6442172577827304,-0.7873450541705014,-0.7759643735051143,-0.5355698892565182,-0.0686786804416926,0.031757523171452785,-0.7071216382672757,0.5355268073448568,-0.6084817613519656,-0.24391901437567448,-0.9026332810885151,-0.4730614253242683,-0.13434308740057252,0.4631757249431267,-0.20988231333585178,44.87,0
149552.70729747263,-2.093187027634046,0.6625453380402044,0.6974477988699629,-4.010174512336764,0.31960680435950406,-0.050741422542911065,-2.252430146398486,-0.7411088982373075,-0.26850536002965764,-0.029185889675752873,0.6279157340178416,-0.3729410640318021,0.10925318912773894,-0.565202961604292,-1.0718850726189095,0.4903196014778521,-1.4387077742197532,1.6182418753407575,-0.3318300018840394,0.7278662518215141,0.4345266785344074,0.959272425917082,-0.7559140865084187,-0.011473926541100837,0.4231198839382488,0.052351886701585415,0.2688591992263145,0.21352701986439485,41.75,0
149648.91159455455,0.04423550283366211,3.005656318094996,-0.7538601871908023,1.152583790654545,1.0868742854545237,-1.46415670744131,-2.5480109232597012,1.9515314974554125,-1.880433147381638,0.3023114844986503,0.3801701258818133,-1.4752974950529179,-0.2914448896401716,1.9816654248113725,0.1784658562951036,0.07483168107235849,0.9024621406336739,0.6104747574598337,0.02707964314935741,-1.1712021022895893,0.8277830861442464,-0.5810407866883018,0.16889406668873216,-0.46246152817291686,-0.056733246399616286,0.4361278625863924,-0.05030795742614887,0.19906115170013627,118.72,0
149668.3085807426,2.7616510081898733,-0.3600663524241943,-0.275993190737681,0.18218666201645506,-0.7745315034431188,2.405887619251334,0.10980491386201582,-0.9272249212894881,0.41006235848271627,-0.65851167648898,-0.029164177141075442,-0.21388830181480747,-0.39743319247724485,0.2184124663455107,0.43611727226042696,0.2932955339272063,-0.29858173677402466,0.7118939390179965,-1.6006402605470826,0.33176346594978373,-1.09356514788652,0.2547340415751414,0.7282887332594091,0.21069505622093113,0.6556150394000145,0.08938574588409702,0.42837293934665355,-0.290542876212319,109.13,0
149823.16007209328,-0.15910228903751505,-1.405281223995549,-1.5033144952091042,-0.31942504289161805,-3.91868131269385,-1.135992974070304,-0.5454625002787723,1.3803748882945415,0.28911348073857585,1.1769010831754063,1.5530477105420464,-0.2490635645231005,-1.511234540115987,-1.9219198091667262,-0.5028022404370617,0.20527951122937682,0.4038831883379436,-0.13887289870590813,-1.2632326727484213,-0.05101857488501676,0.16254957707860734,-0.13733454760021252,0.18302541527951136,-0.09557552283653281,-0.4429570338702571,1.0252828337703785,-0.2911377632196827,0.7034072906973988,213.29,0
150064.31849135214,0.8824681290721759,-1.0806457908064657,-0.05168341317330975,1.9667803992740327,1.8790137698435552,-0.8900028086595485,0.009211814869808325,0.22463403020328276,0.06750420252111872,-0.2272988854401398,-3.0429549444126764,1.048236678806953,-1.3025139662805074,-0.5038188792566037,0.7103052822867242,-0.9598888571835034,1.2350241368879677,0.18368162304480543,0.2821136957467027,0.9628014946775351,1.0433878264698324,-0.7390398830144415,0.19465742158216026,-0.367088330555486,-0.8982042700940674,0.548552303209387,-0.2807777341202873,0.6205699688405101,89.03,0
150086.98055811322,-2.083125185817859,-1.807037696475272,-1.2312799481524157,0.902458609419217,1.0510553527319262,-1.3028020537982332,1.1640726811288806,0.30582648116657324,-0.24212887353749415,-0.8642969511931073,0.5266739919521457,0.30156084475400624,1.2868277132422292,0.09409221741543193,0.423320440118998,1.4308760812036878,0.1896055013459784,-0.3603605410908744,1.2746160638599253,0.9082648660983439,0.9751604756456852,0.6524674529477459,-0.02603399684915782,-1.0336907291401787,0.08019691186053093,0.2351957201048681,-0.3360122882099406,0.20653288533955835,33.63,0
150311.13219343926,0.8353544874706449,-1.300903809948247,-1.6919431332334847,2.2885770751634533,-2.4111345283207797,2.408313173160256,-0.680929483712464,-2.3740173583053843,-0.3259372285974787,0.250295386061004,0.7400847891577694,1.6172958040562249,-0.47188771561062987,1.7883232163876202,0.03662445884736009,0.7943853309572846,-0.09978334741607793,0.649330507284468,0.2809657345636738,0.44352383087188746,0.26152013832734455,-0.44680698272062525,0.4525012056123697,-0.5165521618138644,0.9704100676534079,-0.4534254625145152,0.22641556478254862,0.14674368137055518,136.14,0
150581.4182997161,-0.36957040486770676,-0.6131775199252765,0.3947259435936767,-1.9718771333579954,-0.8409449703064117,0.743630178883527,-2.3073657507745593,-2.654486875204604,0.5511631373709551,2.1598705766773256,1.1807892762103145,1.1983931451351795,0.024039104915386342,0.9969858043944241,-0.8295974972786696,1.2059174827989265,0.1670443894513401,-0.09245165837642094,-0.5893813162246113,0.23420154449060582,1.719082625850547,-1.2347337087574777,-0.11408513187688882,-0.4942457216660287,0.27950128768582877,-0.07150728067416173,-0.6303493099622832,0.11229505915715732,61.19,0
150696.0344742778,1.9266717989058746,-2.3315376533083088,0.3249203221696143,-0.04884089005433144,2.1680437768524157,-1.2470496264030597,2.5179655976864725,-0.2642176782275448,-0.03461318545308039,0.36996206554749494,-0.06345758932129114,-0.47185748784415904,-2.0422601160648446,-0.892858400921721,-0.4443689481177481,-0.4628917561604517,0.053382815125028175,0.18554667485411244,-1.1778321021525484,0.39614884765351394,0.4449879580019887,-2.0923158525801813,-0.27821000484683467,-0.7425925590414955,1.6792581701361269,0.2309746458177211,-0.3052662640999093,-0.5312920372075621,19.15,0
150947.39761665824,2.3214721297607763,0.02785291314823178,1.191587705523738,-2.2890045297604353,2.0015540839702664,1.4831384677316761,-1.2286343047733994,0.2994493780925943,0.3448417973868391,-0.3972886465175749,0.21663018894143557,-1.823656171541509,-1.316056453935039,2.343485503060087,-2.228657365419025,0.37258634275590236,1.0819193307731723,0.13394774957530745,0.6363291489314484,0.05164545424281024,0.7626163012895133,-0.6361177810016472,0.6767825373285741,-0.19860465264705668,0.175771687256475,-0.3982598778436,0.11570082316670623,0.03800734003588737,122.52,0
151001.21428218213,5.066642237344927,1.4998456393412432,-0.6538270147691919,-0.32470056860419644,1.297408384572481,0.2729140078555631,-1.3047668043909195,-1.3550021295859322,0.23447932810153072,-1.6774087675868266,1.0154681868060598,1.3883296204236086,0.611755777792348,-0.02995817824383592,0.21300718644571098,0.1788006492948443,0.2686980074490024,-0.015401332598232335,-0.4646241254015833,-0.04321039764465715,0.031091230114461146,0.9971083049245673,-0.32515095254815796,-0.6952165887097241,0.1254487671480903,0.6247134899267894,-0.4794372187509814,0.03346548480474903,12.66,0
151478.72931054074,1.131619256767817,-1.5050935903252927,0.6218180344725561,-0.3519330618618674,-0.2442557381662651,0.34849813781949235,1.3591906694194826,-1.3109859376894073,1.2371708304846942,-0.23961754957460266,1.534199117402537,1.3618820380937238,0.37966613292672874,1.2078581247876825,0.02115267579567201,1.0017046165752947,-0.4748913765108438,2.454301006653366,0.5212495181733812,1.1167935474586137,-0.5737555608530456,0.9113676261570745,0.5445904772251203,-0.09827472154239744,-1.1212787369538328,-0.47139344081284146,-0.26277772577711095,-0.197825786817947,17.47,0
151498.08790733622,0.6346598446564616,2.5241736074305816,0.8388059821458863,0.8872929791831944,0.11407040397156998,-0.4557014169508874,-0.47389811417203004,0.6787465533404933,0.7444222028315858,0.259787813512464,-0.30542537987863705,-1.390520278042086,1.7552636934457135,-1.1189039618836059,0.16967249899971187,1.0302173829616392,0.9094931943752356,-0.5571104397182576,0.31488405768363054,1.2096013721028507,-0.6428075041617819,-0.5226049034059215,0.6771728214996257,0.14702690788189055,0.22577204749485574,-0.3085271149874324,-0.880779671232216,-0.10652771319262883,126.61,0
151573.2358481786,0.37738263681584017,0.8499190023719602,0.677638002169957,0.06459219463688681,-0.1817641920964504,-0.9968930548353738,-0.07838685524609676,0.6804127572442786,0.21006340208661922,-0.42446634881872447,0.27726544958827304,1.5132106157829295,1.3448644805870247,-2.3234510163083972,0.45898524932374085,0.17498280219054807,1.068285770001447,-0.5647059950774681,0.3869129445461195,-0.1052795200418292,0.13160354628730128,-0.27290440191715326,0.34696813012875727,-0.5003355423498538,0.09057229136499759,-0.27230906859486104,0.2416278735018009,-0.8159053527015445,130.92,0
151597.22154940647,-0.6946067704727206,1.712849424433065,-1.2535538721122017,0.8827529390208874,1.5596183010795337,0.45610153465812553,0.5943656259842739,-0.1643493313238253,1.6731445042596675,-1.8290123225503672,1.726619209325257,0.3750028204414825,-0.22872746338224964,-1.3644566230179207,0.3504402790754123,-1.3379535746248377,-1.1651748406966151,0.5796148881799839,0.024713968579188884,0.18730727726744584,-0.15646163850342998,-0.3385382114762071,-0.765345778690914,0.2593112646031792,-0.20982566689369822,0.35904617267761635,-0.27374326562967927,-0.3762916186525801,139.3,0
151603.04784457528,0.6594993655316796,-1.0901844962120923,0.22858126771853302,0.9960706144289488,-1.211958108175113,-0.7238122322548766,1.3343872032144495,0.9424850918772272,0.4610625100821692,-0.9333731464770796,-2.1776888209285934,0.1513934278110832,0.47490337656442094,-3.1491563018855615,-0.1040883614748917,1.5779278113186652,1.3311206155457844,-0.49742176132096205,0.30981735134600713,0.06698414856415924,-1.297448520885364,-0.9687103782904217,0.016430554781812993,-0.8251683554238345,-0.06870092819859493,-0.38959525147806023,-0.43765835864633623,0.3149936559987809,30.91,0
151620.14416136654,-0.5815152261077763,1.4205699189904923,0.5550660459690012,3.0512143461487047,-1.1150914033086152,2.432738027674202,-0.4110442876708002,-1.4140905969091293,1.4375397145980362,1.6003683140080671,-0.7053192046664422,1.619791839155105,-0.3146158205618505,2.0467305199468524,0.041604215262337554,0.4959058940612993,0.3155383066965208,-0.24366221281514164,-0.09994744303778205,-1.2392607040608066,-0.7531514831521398,-0.689655609873973,-0.12392452653828588,-0.6739280313998043,-0.03288906509249549,-0.8705786941625142,-0.515639376292871,0.5921003868248035,179.36,0
153281.43742161815,0.32663019418059397,-1.8108574899806227,0.01244414195686334,-0.4463455405632361,1.3964765111787865,-1.691694545589517,1.8718808407370353,-0.4274424961411246,0.6671031865512468,1.5777937967326094,1.508191186690093,1.3470374171072779,2.0566838781886854,0.20810482829598254,-1.2893446755836162,-0.5337248214698026,0.2447285733902028,-0.9077992108269382,-0.5200996060805276,-0.25552908023230364,-0.23479608435185975,0.7106827330041621,-0.3039961229668328,-0.06760825200900919,-0.09120137294673067,0.5254328318601817,-0.16632927487046847,-0.3236030525862332,114.2,0
153303.2642152486,2.576398949368473,1.4798744956662542,-3.170147329409204,-1.332302901395585,-0.0620486881617247,2.0577239192940975,-2.6310600187230992,1.9887088397314097,-2.035816899863508,-0.9730249961105508,1.1249085520505469,0.646864246029531,1.150932132530462,-0.8956937070647296,-0.5376704069129447,0.3637603837663044,0.8736505468143866,0.41041645817240263,-0.7874064386095655,1.2379998083612789,0.5314508151392303,0.36439556753314634,0.08723236051977978,0.4181093355209239,1.0922902540057757,-0.21531222334938027,-0.6292328319831328,0.06198758628329084,159.88,0
153388.18114717214,-1.9737806956571595,0.28720428252394453,0.24549424748793192,0.34850547552979605,1.9056743857826346,-0.1440904735144258,0.9355544339749132,0.08411695327213987,1.437398517433998,0.7410436292067963,0.5395678388972532,0.4669986583077476,0.17164942570028718,0.43880175613457706,0.04325579166870473,-1.3318898249832674,-0.49451957207206687,0.4210253171918923,-1.9452002183408057,-0.5743777924071879,-0.013257437314240991,0.19693451910298881,0.4709296168050568,0.5275780673438076,-0.19076211778921592,-0.5170005703882794,0.7741022733568937,0.3754416953207391,109.8,0
153785.8030233409,2.228462411506596,0.9204078193299476,3.3648267055568244,-1.1358589563493775,-0.9293765037053052,0.404406090227574,-1.034387789607456,0.15404043350487395,0.14639317823121425,-1.2939147926124748,-0.4574464064332365,0.6115839920186381,0.20235764908589987,0.1836885248120231,-0.6770257547058728,0.9374649696600711,0.8280390073982655,-0.26353249105723553,-0.15016444837007722,1.635144331777848,-0.054285563885673155,-0.9699543450894821,-0.2810604590514078,0.9797511094203112,0.09090912513735604,-0.3653885920024708,-0.9497712927578194,-0.17872251083377266,77.16,0
153830.4597460792,2.575454377527896,-1.9497473809207404,-0.5457678870150827,2.09836784577189,-0.0764549075394314,1.118181440064819,1.6899764236784982,2.782193373549073,-0.060151835888327426,1.5451647200897247,-0.9022552767025251,-0.4148642581434914,1.4467535566941014,0.601884087935343,0.7849308643061882,-1.296624737855283,-0.3291490535455213,0.5969240710412299,1.2348518355196703,0.9081682848028566,-0.7246606165299472,0.07185651116360249,-0.10517172347147011,-0.2274618802550003,-0.20799012519624435,0.8293459716397277,-0.17923928582000634,0.2309143139067623,10.32,0
153875.98989360794,-0.23433457422480394,-1.484032279900007,-1.10522654972759,-0.4009258453430077,-1.2763636085963317,-0.8376294311216259,0.17465511236257594,-1.6855591059441737,0.3077299837454135,0.2711179341196654,-0.6038797319128582,-0.06651572588195798,0.5815225529165011,1.1722025302415398,-0.6062900614467005,-0.19099113734207773,-1.2839593809453747,-1.5524795869354904,0.5919829227314714,0.31370943912427685,0.01549650044065833,-1.672813688426799,-0.14784773349060756,-0.07627795211745617,0.41113680754583826,-0.3181067575628853,0.042872307185034104,-0.012183558977773944,110.51,0
153982.4009021171,-4.157328699859402,0.9934165332374081,0.5690636366077768,-0.8007133270271583,0.009484005682206571,1.1597333570985937,-0.8291522978624093,0.9620532216051664,-0.3835806061522862,1.0453918575839878,1.5925612643692475,-0.9220635663541729,1.560525837889926,-0.2806828634874155,0.19516178953913313,0.22043596348279237,-0.8690618875982706,-0.5907215290285436,0.1828109180940197,0.43662750818361656,0.965120987847057,0.6103022998241487,0.7126577852631756,-0.6256742964754765,0.09479386825398897,-0.060138162295225124,-0.30861965258796,0.4069467519236992,104.42,0
154138.50836216376,-1.1931692952435975,-1.5724823841883804,0.4763818866442126,-0.6672509045860455,-2.0454776449620127,-3.6138872409652176,0.8161418561981028,2.0081323106494846,0.2477750938762217,-1.8836515166894912,-0.6421025027127473,-0.34718749959285455,-2.1915704155737803,-0.85228045470233,0.10379913618445624,0.9228631999517173,0.4914371364818516,-0.1422234533614139,-0.6004877032947751,-0.7035331205572841,0.1125220957887743,0.18640361362450958,-0.1576731040046716,-0.7598655687599386,-0.14333605470842498,-0.2165361811306054,0.08479258787863679,-0.439691520726843,33.36,0
154227.05446708025,2.5360626110591507,0.7709191175620538,1.8146229199981336,1.017276764809914,-0.6750784973092122,-0.9575652562861524,1.0998701025280038,-0.38997057126386525,-0.656087540257282,0.7464080104072491,0.10728464082677616,-0.38111199137154395,0.46317863485400235,0.8023022048352252,0.6806218256103554,0.09849062355934408,-0.8236000488957681,-0.9795352356494007,0.8096606169934872,-0.20060047850987214,-1.1059957218453063,-0.9772723374558998,-0.7562626370981284,0.13984113832802125,-1.0016623025700622,-0.5963499214035868,-0.31826962949684096,-0.3787922086523532,118.53,1
154246.53030041265,-0.047951999235464365,-2.2677391334568635,-1.9105682114307863,-0.22327301116467838,-1.9869877878969124,-1.2303046317509514,0.790340606119029,1.0382588436291007,1.403665290293556,-0.00687749269198825,-0.7707178813180756,-0.6524257932308247,-0.513437720654676,0.7776499114025919,0.8221578737645102,0.5657391382577679,1.398322485340852,-1.4610781758909608,-0.09982927032174571,1.115884024771086,-0.9185594653828147,1.1716205423454404,-0.963914609615253,-0.4698068474789129,0.129493091790603,-0.3595203520811997,0.6098528705505704,0.09509181800585825,71.19,0
154457.48721054106,-1.9596056397912305,1.4100262390759177,1.113311853126414,-0.9084488076952931,0.9589735218922754,-1.6705981213273635,-1.268626425237679,-1.1823609714825882,-0.12817936104183916,0.9379875731546329,0.8684643935937755,0.12721899883621585,1.758266338551135,0.09784181289059869,0.6327648776378951,-0.020626750304413376,1.032463574009636,-0.25743742367919653,1.2801012917944465,-0.47004926684673803,0.429968893444447,-1.3044556266491483,0.22196666607339532,0.7491028168006959,-0.15880504731111997,-0.6294353454811822,-0.4454650721159937,0.03232350546935038,72.98,0
154571.46838948384,-0.9914247182256292,-2.044257966059013,0.8990396371168903,2.358028986191551,0.9903199639571143,-0.2825976597896739,-0.5964908741019858,-0.8263105341493061,-0.42508218863442165,1.007169038805679,-0.5499864769576028,-0.3380394824951153,1.54829709365067,2.110162297569343,-1.9320998229702093,-0.024180548500994242,1.1578000065641807,0.5795508475726474,-0.8017317092969181,0.8225476221459722,-0.165850985831098,0.38356392523735566,-0.4661114895805881,-0.8864873111218086,-0.029051282498511244,0.46155038970656,-0.9364170641673834,-0.01989866336710476,40.8,0
154619.0075350943,1.642576865136766,0.9188285415164463,-0.21454656486065035,-1.212160841681428,-2.393591888292286,0.5202309046336796,-0.005323633032322251,0.46591939543862937,-1.0236897049798324,0.07386745443200211,-0.09705525561424716,0.49630169357347753,0.03480669741415504,-0.4239906048345174,1.0908759157901888,0.07986196239702044,0.10692797840907285,1.0708325394701284,-0.613490525089134,-1.0582464596768704,-0.05612923191131505,0.4016056714825807,0.4093854964300296,0.2963016329803348,-0.6139636974248351,0.04825863964521104,-0.5170246203013352,0.1965352548700274,11.06,0
154684.57989764656,1.067208719296901,1.040569495102363,0.5163746724675071,0.05043642972073508,1.8440195599156712,0.9437740859759881,-0.05112817276444431,0.9646291311120377,0.2938530789560085,-0.6588667181157208,-1.7252580845444088,-1.6491480628848667,1.5375299009184018,-0.8716774183981713,1.3960540137795758,-0.16289302155509033,0.2226372546384658,-0.4574224696502554,-0.6927399412047774,-0.9202579195516002,-0.45047322665712997,-0.900679612422907,-0.8155604434826449,-0.6093252896236137,0.7499975105726765,1.199574670489299,0.1542566963360583,-0.31924425921851685,21.77,0
154739.24969831549,-0.47096013984461915,-1.154826461825806,1.5664225791162232,0.9236706757362025,3.453140483249848,0.3266110920679679,0.9231855807202467,1.3533353144347047,0.20371163032456072,0.8585900810832371,-1.6533715477340258,-0.12534197602613145,1.785001590550353,0.40534160189229224,-0.4446070822784917,-1.4870533401070694,-1.0394357998425667,0.6122944925453081,-1.2098124167399567,1.4707146639095523,0.36740728730609057,-0.0286741708476463,-0.3302798506402757,-0.4968628800211938,0.44936488249360446,-0.34317828881561196,-0.04669774529841846,-0.4694728016337798,130.41,0
154837.40789638023,-0.7213465074866815,0.9681794082677856,1.3275490094738953,-2.309707254639154,0.06292691463979164,-0.8849997729811935,-2.48214418950077,1.8943579614664943,0.4259149315341953,-0.06456333440671405,0.01102737387765413,0.12197304630833025,0.07637556948382408,-0.6537424470459858,0.213794816599693,-0.6751028204847543,0.864224715110504,0.5315343967391164,-0.7658598319349077,-0.00513541558621652,-0.22198293995685484,-1.1888454682626635,-0.8151616273850458,0.3283236726836079,0.7486541803057609,-0.4156610253709667,0.2999224710308751,-0.17183844288382163,28.2,0
154879.6587539013,-0.7701615438827647,0.43429903093283867,-1.7359851237533304,0.68007347961012,-0.8873371938662425,0.4978669148439314,0.4114975188525133,-0.07958982784274783,-1.1366316470365092,-0.9577966146832896,-1.3574517743788084,-0.32455656217658946,2.4737878566527387,0.480362176369056,-0.81898731149702,0.22071926647305534,0.3286858790023678,1.0177852439241526,0.08141375306755394,-0.41140051407324185,-0.13822384048665323,-2.0664571971405543,0.265993148746684,-0.4091171768729231,0.6007066815324617,0.7408858235438852,0.20017082831661553,-0.13355101258078564,0.2,0
154953.89125204924,-1.8090671113204482,-0.892637956827327,1.248264242278036,-1.493834331872441,3.9052532728785114,0.17078973982449303,-0.3574889866651318,1.4409654609132803,-1.770103546142102,-1.0098621369986098,2.1645396864763966,-0.18496050344413295,-0.02936719103556533,-0.8069037945945041,-1.7877112137605145,-0.216003202657687,0.49168388026319554,-0.2927701978440376,-0.5827287674787107,1.0552074043304502,-0.6252313814309077,-0.7760307303889865,0.39721105497984205,-0.31194653431314584,0.3114816763650134,0.5109015297211931,-0.2532044444468993,-0.09776227999771574,517.78,0
154957.8629244796,3.159386220194516,-1.6724349147768915,-0.09680184522705323,1.1650463154842712,-1.8247861791252666,1.2557028564767538,-1.0331228630953322,-0.4110076649120606,0.6876865989110289,-1.6221229974029028,-2.113513083038922,-1.6117088417067427,-0.212538216544891,-0.3875778484714658,-0.6796470921972579,-0.13349306794413374,1.4663446392254236,-1.5026700019908015,-3.1436014481900743,0.9650164417031883,0.6739103748130283,-0.44861592777235143,0.20720295740854885,-0.4918311940190126,-0.5930144680897825,0.18548369302255666,-0.19456301154755956,0.43387224771993993,21.07,0
155013.4760377257,-0.6342171069484758,-3.25634241149976,0.11230884884186322,-1.362926145702072,0.027108220540179723,1.0430432434189125,-0.9148586443627733,1.0894567737675624,1.6358597947233622,-0.5593479483549829,-0.818428391037166,0.34911059145644807,0.8678035842376653,1.832352742685909,-0.49774920192416855,-0.2816426963247545,-0.528416532442593,0.05840744788023202,0.8723220165404454,0.7142613334173368,-0.16351880527356774,0.46624272872129385,-0.6653266573428175,1.0845346168475427,0.9638441749030744,-0.5388415970097403,-0.15322839673187072,0.26315527087419505,94.86,0
155031.70524827123,2.3797603902493147,0.5823979425075383,0.11279968229420037,0.9809615410478855,0.24771306719448116,0.04541572990502048,-0.26456187141489396,0.25192094029567774,-1.1356401909508258,1.2136231143137353,0.02029650821732805,0.6431026425420427,-0.35180132796756064,-0.39275692509767696,-0.32802318283648935,-0.7593486986546616,-0.11123496032396293,-0.8471356902349144,-1.374317666368136,-0.43562080486928256,0.4439585725222863,0.04769853433075597,-0.4569743668187584,-0.37367480737559333,-0.4810879554913818,0.8429935156322791,0.750982397143787,0.18195211508622744,232.96,0
155176.5967810398,2.9752371458674762,-2.595893974401251,-0.22685407721645903,1.5658135294128848,1.8595943437742997,-1.1944739309319503,-4.435912511754417,0.5391239235524512,1.7515316856204604,0.19702604496055293,-0.3717500871420233,0.48751873060895695,0.08730814978554338,-0.7738078573029372,-0.8813515076827956,-0.4317387176120348,0.28246362270780084,-0.6046321594496347,0.4772616918701499,-0.217331132531844,-0.876109097822689,0.06666305265209115,0.1433134127825889,0.03239876122690852,-0.13733791436409065,-0.03535766604353866,0.275497078110589,0.07539181514989446,81.53,0
155262.97534397108,1.9513025715105585,0.16021035303435618,1.8130607492303372,1.2197756494812653,0.4968082420816473,-0.8679686248811719,-0.8641143395048875,0.512391804463164,0.31055856477166693,-0.5807563256872932,-1.130528744527095,1.038070288636478,1.4113393894883184,1.13455652873868,-0.6748013066949242,-0.2670333490675015,-0.8148768966864834,-0.251859690053504,0.022769704721412085,0.24438467379187692,1.269061590942047,-0.7372456252890716,-1.0339262365385784,-0.12144255692050249,0.37123129158846724,-0.20868451193813495,0.7539068886182482,-0.1492693266828887,142.88,0
155439.28966525925,-0.8482033132614161,-0.4354413250800375,-0.12572859285001176,0.35591485871063355,-0.6902917738378996,-0.7300965235594097,-1.0790843177299572,-1.933180928885586,-0.010602640071227734,0.8862453717130084,-0.9804002901252691,0.19263922613763163,0.021190392622124892,-1.0181662110838114,-0.01305812409843103,0.008827327921655841,-0.1646690907734649,-0.28336089369949924,1.7219075683787053,0.5396520058651751,0.9345446301708626,-0.3857715919768985,-0.14789428919360265,0.1354983893677414,0.3971149781422838,0.5519805472463377,0.33523814172697414,-0.29298273277785253,333.49,0
155516.02116221777,0.7872378544167472,1.1294075445800835,-1.7003032592306027,-0.32741710504428906,-1.3161534404917594,-0.41666173478773405,0.6559441781586585,-1.3537047509091709,-0.44159957881568385,-0.9134901980860081,-1.0140018466617529,0.4725165112272937,-1.6929641608062973,-0.6711886434642007,-0.7085121535273203,0.3521204305393293,0.4270350890204959,0.11803191508781519,0.8093496932686804,-0.38824607499165154,-1.400924681586645,-0.6759385020097979,0.9288877573069996,-0.37200607822232373,0.30101078693119654,-0.011281410872263795,-0.025048959503499914,-0.41048938206869395,175.3,0
155585.0369333662,-0.05055105258131921,-0.49951886863361156,-0.5966773252687606,-0.8160660847105864,-0.47342609264019797,0.36292809596309894,-0.9925075040558539,0.12537781491961955,-1.5309625352049783,0.1063655773020703,-0.29124160298246204,0.14675347993290913,0.3692742583344379,0.5588898429973078,0.49489772781104596,-0.15537023470417902,-0.2844990573436453,0.5871831405185723,-0.4136452583890728,0.1357014857268414,-0.589116055286218,-0.8900163087347657,-0.11042252335266878,-0.12077711669646767,-0.20610635661073803,-0.563967045935591,-0.405819299321228,-0.23839534440757287,72.68,0
155712.89494875897,-1.7724401308854494,-0.545010962235595,0.2731680247137539,2.0828977547257694,-1.3932440700072106,0.9604992910371637,-0.26527152154255595,-2.032746854781008,1.0873939214008628,-0.19588972723199327,2.007285679201147,0.6834402251720642,-0.694287774021403,0.9095024842678704,0.6214320338788182,-0.9061828216810086,1.1365421238426128,-0.3074267002418932,-0.5744719889916712,0.21026006193275668,0.348518028795507,-0.43198184092635294,-0.9119202137202461,0.24021863904033328,-0.31385912338111144,0.018977132584933915,0.08056487010030383,-0.015310210434797364,40.26,0
155953.9218509757,0.6318464313130789,1.2169441756351966,1.8700760206895015,-0.9903272863944406,0.06544243618503928,-0.06363430912027189,1.899379001288805,1.0039910387099307,-0.8588790281006453,0.8579684283177949,0.08317080927976146,-1.6036136282491213,0.8672021817493498,1.1828076113967843,2.1774837364893878,-1.2319605269609788,-1.3152369346910657,0.3303358555926543,1.2212903049062567,0.9966036868073199,-0.9685387924492858,0.05285320773087713,-0.3722336256615606,-0.5226939058368999,1.3242375923053067,-0.37819347246470825,-0.023967646267271516,-0.39605040551400383,58.65,0
156231.38913896377,-2.311494143191387,0.5581729038469508,0.918303442482113,-1.468289462625294,-0.7809621469388688,0.02623510209112601,1.224476969055513,1.0526379523977194,-0.8635151061402959,-1.7321120508007073,1.217688109743183,-0.913241461722683,0.6981288372925415,-0.7237815634106434,1.028158317278916,2.3010374729500525,0.9746344157014746,0.012152166661842882,-1.2047241264425461,0.5859870041141704,-0.09790737065713642,-0.41670065918360744,-0.3864942773722662,0.6622737232494785,-0.017878455170655262,-1.4551624461851111,-0.03702604693126619,0.057424130317297754,164.2,0
156437.34812487217,2.3220464219802954,0.5267925001351216,-1.2913766807826883,0.9421661007095675,-2.066900963863027,0.19621036070408526,1.1110580745022112,0.3962304647567945,1.0920272176291628,-0.9329690371104735,0.5236852328641004,1.591634014359923,1.4733023461653085,0.5777334301847645,0.21970871322887509,-0.9947481022699033,0.5733078770954145,0.7812754969238632,0.15281421996818456,-1.158343820621196,0.31114476190529017,-0.23593493524347625,1.3107161023409635,0.7206376179595023,-0.08173311905303098,-0.4267062531502327,-0.08302063319586984,-0.06718526172197783,170.94,0
156442.7624694374,-0.9128044995355865,0.7809818223349195,3.779298694032571,-1.1271608455377409,1.7351249203894692,-0.6848112517761563,-0.6160205116750666,-1.3501020743761172,-2.08114151128426,-1.799181494474238,1.1468034779304828,-2.4955059063982334,0.9094613014360072,-0.45139822606527286,-0.571144771629612,-0.45430942174405553,-0.49612996755401034,-0.15777224328402184,-0.10944923796324436,-0.16079768783301765,-0.1368408732654171,0.502999156766388,1.0200101727736295,0.369220367949646,-0.36945798682536496,-0.255601677263267,-0.8173942308838871,-0.1366391676276197,166.5,0
156610.78690928963,0.390647361774315,-2.547366514308595,0.4040201553668289,-1.3451036478750749,-0.6889622290889542,-1.2320814124029709,0.668568381813867,1.6658756752769563,-1.684471230004813,-0.28378774279547986,-2.871705130894125,-0.15242890997525824,1.0921645345473388,-0.5866118598541865,0.2660994131421607,0.461431912597918,-0.805289594069452,-0.06615931291410901,-0.28220538881565366,-0.7124633107833521,0.393366818488264,-0.3645436472203893,0.4474890662663031,0.043520631236858225,0.13020336265629062,-0.5591211637123983,0.5025851016618591,0.3970627528266507,80.97,0
156631.128997786,0.5514372104999665,1.2583119231068867,1.9402686347772045,-2.0439015908219647,-1.7544877039490947,-2.3414188812481638,-0.28840855210203814,2.4581577124697507,-0.02282258070978394,1.3331437758201157,-0.30945231732711453,1.1729315960116797,-0.6670922575143269,1.1660801431066574,0.29618908024723334,0.32336694813391054,-1.8102662764316673,-0.31299444575399826,0.285276689129558,0.4422155987077929,-0.5095314984869165,-0.9690981854457178,-0.2103321207098247,-1.8140392876977076,0.10587929234562114,0.27755881954853234,-0.01981816513994741,-0.8430645197112172,57.71,0
156820.22616263747,-0.5100628458838519,1.0187182791334473,-0.22909083785140297,-0.6836668657473419,-0.23339489639866232,-0.9243669166958985,-0.2418430742608806,0.1790775673085963,0.32090438009772526,-0.5540235389075638,1.3452459167280157,-0.10505022718135487,0.8059204551594608,-0.5322529082974208,-0.4731763520456757,0.4648498451523483,-0.6929272564211902,-0.13576536714857348,0.1517390425998972,0.7161117447898097,-1.6459517287926249,0.4076146702208911,0.7351720684717675,0.2586329988836884,-0.005839503907309791,-0.37630778213436006,-0.5631393101379065,-0.13199355272293228,33.21,0
156941.07896795002,1.1454424884160324,-1.685929407407099,0.812297773885999,-0.11703623684259841,0.09385718459721966,0.6370330195784798,0.5043194424945248,0.6173275799832354,0.5322166992320877,-0.559779685738967,-0.5838789153478537,-0.41986661338739056,1.9703294844677128,0.2697991109502128,0.7149298991841572,-0.3871885910362819,0.9089085733969023,-0.6547412314718677,0.3698905608724879,0.08233549950655994,0.7181873838240043,0.19168195894228118,-0.6944342132816991,-0.23640926610153395,0.20167050573016443,0.23075771934305395,0.1922102799168946,-0.8060261941192151,0.3,0
156972.9893939603,-0.9329430371393252,-0.4032878352973541,1.2776180850030192,0.34426930075182444,-2.4160014535134646,-0.934740763298161,-0.735648661535816,0.24498754923839342,-0.335915722225739,0.9597463792097406,1.8127624357274261,0.11982213533683514,-0.6866444696476465,0.1509822433384854,-1.2836485546047567,0.21522214925634034,-0.05032480385798003,-0.7375357954240778,0.11053912676377935,-0.20283619649366563,0.7135704393779546,0.2372549583525397,0.6591900261651849,-0.14836739325889614,0.9222070718502651,-0.596667595924817,-0.3406728060452038,0.08106256773555588,128.75,0
157123.2909159969,1.7026365378736041,-0.06333223249152505,1.8533242779056387,1.347021014056573,0.45795893392531883,-0.3131391141020913,1.8386867634646844,0.6412427353697708,2.790077163742459,1.1760941168979013,1.5267282512755782,-0.36746538916085314,1.8016245662018882,-1.0372664459036154,-0.2268490124731913,0.05852207985084339,1.0095947565794383,0.647839858112435,0.33753988398392076,0.05735294673101179,1.8331151941380857,0.4528795097063882,0.5681729279528396,-1.1505058739552103,-0.30766493482190543,0.4389946981022147,0.22423186091207833,0.2603356011358969,28.88,0
157400.93006306002,-2.6383274889850252,-0.22136172542163826,1.6088501528940182,0.7461067985784358,-1.4488810570007045,0.6280596867886162,-0.19754587121430095,-0.14242552506887293,-0.2543423788832739,-0.09579847209850695,-0.4785294617788708,0.020280520706974964,-0.5473513230343462,0.9363242382257323,0.5061959163286233,-0.27171948792452877,-0.5405089423540722,-0.9051182262406633,0.07339023862795803,0.16515502202857751,-1.618842821053439,0.3301149949474365,-0.09289929895293186,0.30069309305972436,0.025087296376524786,-0.6175316649400305,0.35152307531431176,-0.46319730546290083,35.62,0
157800.6615573378,0.24424363119713274,0.5561839321825094,1.3273690587015987,-0.2701746019889532,2.3655953832909296,0.7005745719601231,0.7613533504760702,-0.03994107958197399,-0.257536169530044,0.7541877874455445,-0.5134725295166139,-0.7009742712136924,-0.8499579848906154,0.5431152166496332,-0.2664062918652765,0.22128067104197954,0.6132336959980303,-0.26681224774635415,-0.5397451939767209,-0.48977408263474076,0.5487095922378147,0.019633892477606604,0.6975386344205621,-0.8781085444605452,-0.3351949441281821,-1.1323554837006846,0.4064926371897294,-0.41935690142532905,165.14,0
157983.51938320175,3.7928358486440144,2.378217364241662,-0.47743500228942165,-0.2805437891597832,0.7239209523421092,-1.4380868762024972,1.7926164020460065,1.0938292700425252,-0.8824774463209656,-1.182217283778878,-1.037567495249334,1.1087055623815791,0.2981587196006753,-1.9243696892456128,-0.1923654047718793,0.9374760043385094,-0.6253913676992713,0.8479798541371033,0.0006049437541886375,-0.9361121641904459,-1.4440735551135597,1.733957659923776,-0.2741200101903835,0.07298698438787696,0.1562901542399717,0.5975647442021332,-0.06382537225808567,-0.5820670665770664,4.78,0
158003.06896026566,-1.9616203870446542,1.7978264476041432,-0.8675858602144887,0.7224042066542479,-0.5537461944342448,1.3372322561959262,1.2704237000662804,2.8300356876329156,0.1339546012097426,1.5162099786526264,-0.643284845376683,1.4263899753510583,0.7178485932056111,0.2690399581546172,-0.1291895021180423,-0.015350768656810506,-0.8410818244608141,-0.294866824174079,-0.5845088457940194,-1.5774716690814758,1.2856296646572194,-0.9335467459527028,-0.7750537927871151,0.5501918095732633,-0.2938032900760946,-0.4142271037260235,-0.16456211252796749,0.021174430902064355,233.81,0
158078.05293735914,-1.33006385500058,-2.1765656231065718,0.5071326849349331,1.8018944136548203,-1.0312396023333583,1.5113629123236674,-1.735730920508958,-1.6864382001399083,0.6759537063942519,2.3633889557173937,-1.2624077933442999,-0.14557454798914365,0.9136789226314755,-0.7487334208260926,-0.7683956540165392,-0.009467858123106788,-0.09470291600894563,0.6920945746917837,-0.6382565350592653,0.9814938876204086,0.3560160734777205,-0.4266981258559971,0.5987922052539238,-0.28375009017903347,-0.27136738750838635,0.8487615987942112,-0.24892496680332563,-0.11729161699217015,0.12,0
158081.24771497175,1.0029428360619708,1.0346577707059104,1.4199911032676678,0.17892551902416887,-0.14586504025486013,-1.5053344302613039,0.5476897357397164,-0.12343902995846832,1.3256368799846814,0.574471652638211,0.4434294080458115,-1.410997534761823,-0.959743902908421,1.0632388841386011,1.072329254757962,0.9487902869527423,-0.5797172509223716,-0.4939772256141686,-0.2764420620027846,0.3868902286496581,-0.6990254921912871,0.7006588587010995,-0.05241199369124092,0.7391928405120148,-0.7584377188927984,0.2724085743253191,-0.28757564695617316,-0.09601876183882702,249.29,0
158504.44733127186,0.34840240299731734,2.2081617524960477,-0.33702830555382374,-0.6641573799312039,0.8467700898607867,-1.0963549032936586,1.047559335773425,-1.4216365787696204,-1.6465978075016363,-2.289513631699653,-1.4918419690382727,-0.5398673935633144,0.4364917486585264,-1.4002768764723073,-0.9355093241970075,0.8543528564181051,-1.3429703468282468,-0.8783540133231426,-0.09992199820307641,0.28363494795186917,0.5702460208957093,0.10224565398134203,0.36838302802163986,-0.4522774235863041,0.05361602386054721,0.381493830170357,-0.0065823576500774784,-0.12659846954845652,54.01,0
158943.69167119372,0.6832791909980228,0.6440868357867688,1.620712589390363,-1.4057071554702112,-0.03595582705957644,1.5965507930849892,1.0982376448171847,1.9213629220911757,-0.2743232405329062,-0.6120420134879617,0.6230298238634976,-0.19667050684771498,-0.6835492807246117,-0.3451717144958593,0.28846103704568893,1.4048595398651276,-0.16007480305329894,-1.3325227279633494,0.026036360376301578,0.9799640229277535,-0.4067346925483516,0.5487160901698325,1.1150732163183275,0.3655425186847994,0.22672221246369323,0.5048570778091174,-0.08311783404160727,-0.3339490129296457,9.59,0
159114.110581221,0.9545448437518143,1.813122630432676,2.2096719876595876,-2.046168429052352,-0.3010214537461331,-0.1915817700364159,-1.3715982739439245,-0.7069453178470025,0.4902401128128979,0.675167708269229,0.6480266709406931,0.4996383456040844,-1.4868784934526909,0.3510159443453828,0.3759295620039968,-1.5486494919589546,0.09097948353727678,1.0964084978749897,0.7437198476850879,-0.9644662664805047,0.21865747559015095,0.12195951517050481,-0.44257492873196824,-0.7908318537319735,0.9727552249185154,0.0539626705649145,-0.32850908892125386,0.3869083508382278,99.85,0
159119.38383269307,1.2394706036280105,3.34260854765562,-1.3913782117471756,0.9434414425156015,0.08002576669972658,-2.961998993099855,-0.8096044450472735,-1.7384428369669565,0.6451551256824546,-0.4617311216528666,-1.7024871758805018,-1.0287991269649401,-0.926719379229832,0.05288716300304466,-0.8719237556027062,0.80462215752343,1.1012156063514895,-0.9499530610877012,-0.408643922482783,-1.3348615859444894,0.14944324136476064,0.9957646432845921,-0.0880200631083018,0.626954688054194,0.24744066164514245,0.05946164644494998,-0.45538801195505374,0.092627249023017,201.41,0
159292.4928181144,2.1693787987585185,1.701442421270068,-1.2706810041615808,0.8184311550226153,-0.8358143613852729,-1.8659584038869774,1.2247315896171342,0.7712469859301909,0.00442106073161533,1.3999425582355343,1.5944200716983348,-0.7875991888719032,-0.748891945902283,0.7394982096132137,0.06398803911976562,0.5362207057340125,0.8129463366258893,0.6239654862992179,0.15767829746009127,0.3003903494588777,1.276598146502788,-0.732231373356644,0.9611838334879228,0.5327922864807496,-0.23186340295282154,0.6188709369576372,-0.0430452114141902,-0.40621181220946845,51.32,0
159400.5130723873,0.7991579928642015,0.415815396504481,-0.21185372011957845,0.81756038660704,-0.4753402642302961,-0.328592254521193,-0.9385987264272565,2.1049861605066242,0.5958910287510882,0.648052886804061,0.5304955908687488,0.5048261301213933,0.523542642843584,-1.471031241949494,-0.8362087584451066,-0.7788497323897816,1.0591207427864873,-0.8355683165645438,0.09347741261493858,0.23022382671297556,1.328447442598006,0.9728390248481477,0.40938992202701396,0.2853793790025137,-0.7063745447231731,0.05332419661863186,-0.17269714773170458,-0.2404632661170663,104.68,0
159779.65968958943,-0.4755130904445791,1.736934794506733,0.4691377293896932,-0.18208834641070895,-2.885277188266907,-1.5496958572528658,-0.3694549874599757,0.801886831774069,-0.8956972536295036,-0.7749913342783424,0.7728989098188449,0.9372703761655821,1.1541309463538525,1.600846773752249,1.271233169037718,0.2267436616832224,0.6247550948908006,1.1003012777860908,-0.4983706600848908,-1.3315260221434746,-0.43913812611525427,0.8484301734369039,-0.4288114656366259,-0.23759508521622627,-0.6342108653387656,-0.35249116437901845,-0.4544247976710639,-0.29918777208159364,345.54,0
159930.8344821877,1.31357734892099,0.24246055468304506,-0.7958684607195393,1.9921394772737682,1.3459313979300875,-0.54784695785943,1.9407645041265773,0.24867628978253625,1.716724131478371,0.03702282098649845,-0.7758080362292548,-0.6385796216398981,-1.4711636198509523,0.5090701764637128,-1.0461132439480312,0.9337234674527425,0.28762976347403346,1.8432940346072961,0.05740651692805727,0.2813285155545945,0.7738709313417789,-0.879361377788938,-0.5851403178290079,-0.8498365123570573,-0.6729756855473528,0.28264013327204474,0.33117125598500236,0.48073702918298,24.52,0
160106.92892690495,3.716389873427222,0.04160682991119259,2.0570313757805314,-0.6853781848014027,0.4125286757364677,0.04798149943375731,-0.059183265947723974,0.4950684630580437,1.0928018186023336,-0.9809326079022459,0.6421746476580262,-1.3572012488102136,0.35391668017580147,1.3177251242597867,-0.6019527643170072,-0.7288959409609038,-1.0700692377741952,-1.4091312858085763,0.8140443122054006,-0.3047343535409791,0.258537885022722,0.45638166077451053,-0.32364564931149153,-0.23599041531666254,0.9819147392784477,-1.022199259818232,0.7062620379078317,0.24288747652442644,152.91,0
160406.02106665826,-0.26285022385160645,-0.5814787131170112,0.6461611278454006,1.3526321641172823,-1.070361030673569,1.9589553203360877,-0.8955047354570786,1.7077182207940225,-1.4872649940880744,-0.19913728310802653,1.1596696938226645,3.3055442405433766,-1.1746693750120971,0.8473241390411084,-1.1243790707862562,0.39561096621156366,0.12874566801530343,-0.906417045964538,0.14925190550775885,-0.6185881353121393,-1.0366524237058623,-0.032439333441304875,-0.4524731539649355,0.6750110860423743,0.1526985209990218,0.6373451644839563,0.38376529924406994,-0.04392146432344898,31.16,0
160588.7359133338,-1.9111054349281096,2.597435390534356,0.061495994600122506,-0.054776672031121,2.6251865324462247,-0.3835004924186144,-1.0813045712623057,-1.0523538061404358,-1.1894471506009698,-0.6080442442141648,-0.09809689921791284,0.7801354524221674,0.6310277439869868,-0.011015082583189019,-1.2466423864089449,0.7747653447132948,0.5173224048325618,0.6456398468581855,0.1818944717902477,-0.25320573875562064,-0.5116554195781611,-0.4413290749472241,0.14517178750833823,0.07998957507557407,-0.301362512298086,0.6474383196084179,-0.28663223403489224,0.5838917462011389,49.48,0
160615.19989287033,2.1642510071241507,-1.3567959077772793,-2.1812110034237553,-0.8612770385501962,0.11964245689597397,1.4381128564789782,0.4095172174703516,-0.13312699071306708,-1.1583421695207683,1.2928412910252873,2.058616206078683,-0.2805020394168904,-0.6207282987747585,-1.244081545702204,1.4545935521401343,-0.942758796988626,1.2656109622664142,0.4283647646072026,-0.5771310835185012,-1.879387663859429,1.7103828601831554,-1.3715379439724542,0.04783879412811832,-0.9415081413984271,-0.4978911941739606,0.578666524098574,-0.01972900410484087,0.49652580185897466,29.47,0
160644.3167435779,-0.23886223313365001,2.5458947690444433,-1.9986551364637095,0.8390348360714206,-1.4336490801770965,1.9141907462805332,-1.642400527838777,-0.5441077425082731,0.7454993188470197,2.3274518572389504,0.0483921660645923,0.8667055929286717,-1.0493062109724056,-0.5458169458959078,0.49421103269515665,-0.12153514559790965,0.5951337818535675,0.6488059584026463,1.600945649793789,-0.4521875221939451,0.2607466389237259,-0.7346278001736622,0.17082876859701943,-0.6815454120768546,-0.44379049001268805,0.5601072561514238,0.6139700045858918,-0.07960408164148353,52.59,0
160827.41980569117,-4.2568131381619905,0.8317768670250182,0.42869755876235904,0.580077335628752,1.1841399175777372,1.9216075389293847,-0.30496089417794875,-1.406449601116349,-1.4208194917332804,-1.5715866591541092,1.1744469922919254,-0.13655299516144806,0.801598681588545,1.5404321492604582,0.12553401949014778,0.2704078391841978,1.0768925406298588,-0.47953323129195996,-0.5307284596833527,-0.5392937326326863,0.7311312594898729,0.5125747548995085,-0.5151909610177232,0.7617105237731816,-0.3150937806464693,-0.0411931204683277,-0.46730573902480077,-0.14118140102864876,0.45,0
161062.58226690834,1.6558930728428278,-2.3211436697734205,-3.2402517984159,0.5055119706959933,0.5497885989823854,0.3852528406729405,0.41014689032467166,-0.3942116908956453,-0.3681736127312495,-2.112417660740564,0.30399477093741517,0.8648127724182012,-0.5849220379967881,1.3426459432139193,-0.604407552323832,-0.6996917773020971,-0.8988333163412943,1.6601364977751312,-1.3610332496211142,0.4337418429874271,-0.15685902465266016,0.5892887346781552,-0.04358661249724749,0.29724820108627736,0.6889745413220324,-0.05207260328745758,0.31205824759187056,-0.1246785494929562,32.2,0
161168.02009570666,-1.0512416127368034,0.6122795131238689,1.540854188537117,0.11515994812163098,0.5449921553335415,-2.6192074378504575,1.5999096507119044,1.337400467395858,0.4990709439855823,-0.2679327318225194,0.6043312436366872,0.15008841803983863,-0.3139763596355953,-0.6001231493137451,0.8284056482764772,-0.7731028808682019,-0.2853653397187501,0.0983921189285608,0.6979502826428668,-0.11806226232865215,-0.39713311648436983,-0.15409620479938907,-1.2592970444207594,-0.7478684481182835,-0.012992271436529704,-0.5948889249901853,-0.5766168064079947,-0.3268096885269975,52.47,0
161451.1452159676,-0.18042633097932775,-3.484449314185476,-0.23887946246345498,-0.053573432482678006,-0.5895036158005754,0.620566828922845,0.8219396473225064,0.6849316095748461,-0.07583734392175112,-1.6674658936858622,-1.7128859251255166,0.08129716401106887,-2.2179103154396094,-2.730544257066815,-0.7579725535534617,-0.11513228355137406,0.3717387447833085,-1.0168604215175148,-0.09617039650582195,0.4968160702737791,0.01849971228431329,0.5915698380937794,0.08861336003551086,-1.0706640051956944,-0.7521506947304262,0.8444654027724529,0.6711819502433557,0.5930513441631762,89.07,0
161760.05573678965,0.6467668491166334,1.040365433912843,4.931396100673691,3.3817436971642807,0.6223216889987496,1.4058477303170305,-0.8798505097193632,0.7786305637748235,0.2829389415719483,0.05235296214464298,0.3841271454440618,-0.12557128336175227,0.948478493512911,-0.20584995204670223,0.7240056365064296,0.7131214727010079,1.007831343596271,-0.21170206891968443,-0.24947605121700464,-1.9627066539214395,-0.19647247571719087,0.6846423984807437,0.7197440488418287,-0.37826082161806257,1.2073959847381157,-0.2349529024607131,-0.17115017074315614,-0.34518345189861477,90.32,0
161859.44821379782,0.3697773607705799,1.4715471193922438,3.509822894784969,1.6768524537209533,-0.3627009975355946,-0.10365969380065743,1.4512008935301968,0.1783526350487201,-1.1791819456729726,0.8247789968007483,-0.7514843041827594,-1.4724883029040967,0.8228416700721733,-0.2785334892656511,-0.8022056311519937,0.5734949202419332,-0.12783026877630524,-1.005669835703027,-0.44699762337386095,-0.64328062055897,-1.095692474754558,0.11099144370439812,-0.8728441317873524,-1.1225748274194527,-0.591908293400052,0.16378969681699115,0.8883057350587941,0.29666917073434096,78.05,0
161876.6843174036,1.3857769776852804,-0.9814797543865311,-0.2742908096833687,1.023520078116012,0.768149486535099,2.336282082146049,-0.36923201872195516,0.632747545536768,0.6537608514853925,1.6438999183278897,-0.8658877105784144,1.9462831662357358,0.007430043676525064,-0.24178117992682596,-0.5933519831747653,-0.7574160474880144,-0.07324375372029686,1.3288277784126734,1.5218234470642458,0.4328891463336588,-0.7366874746180885,-0.5253150714488161,0.29589338702958173,-0.09347479729294304,-0.30546580005332763,0.12229626622573068,0.6887214401227403,0.23580852161628665,30.88,0
162137.72421502077,-0.85577224498675,0.20703258031836028,-0.16011206751012672,0.15837386105886886,-2.635170675093662,1.1538330443993603,-1.5223735051136813,-0.9635978437524617,-0.6796368625050543,0.22292813475119605,1.7939011191583811,-0.9616660182320782,-1.5255353274417387,0.5123592982115539,0.6916183405175139,0.5809524978906098,0.5958743497658945,-0.5518575100563187,0.2861533111086004,-0.2342609846421676,0.5172388089956284,0.31880522052089655,-0.37444171574851937,1.489125435671492,0.6857880882319435,-0.6484374236272228,-0.04211872762718767,-0.10499278820778965,262.24,0
162337.90111075935,1.001372587207329,3.2461318341273437,1.514927319577374,1.4260996559100498,-0.6007303333221227,0.7641693663717979,-0.2122174134467806,-0.3714642547765883,-0.361104498237308,-0.2107560763415378,-0.2163389465161054,-1.3842714060130412,1.2112837245433057,0.8492352937488439,0.7882986208066047,-0.7348918431228746,-0.9804513020070094,0.41118966400530416,0.4451083431741652,0.6561798800054406,-0.2804383211162803,0.35213112374944,0.4913223516017481,-0.9681649087772234,0.21909871114230678,-0.8438469821811097,-0.2863204403716297,0.6190958907647316,44.3,0
162395.4723034196,-0.5113191677084554,-0.837694814408146,2.590544924534697,0.7335009482698007,2.3809826559347704,1.4566082529595348,1.7711455753700933,0.23325001073661766,0.2595883358179202,-2.1730583325463186,-1.0269878856754775,-0.225825670109152,-0.6642590194226689,0.9597791643363297,0.5443152082513371,-1.4194970093820884,1.3959996812770656,-0.3934194654429785,0.1297934525761148,-1.3880662800082975,0.017356862737603847,0.4877836297594781,0.09696841767758647,-0.11179935846366373,-0.24241683752097012,0.0021960911117340598,0.07787806333571633,-0.5344075280825896,21.77,0
162464.26387630127,1.4432550936312136,-1.7560286304200607,-2.488455300116771,0.037181856832611236,-1.0615261099706321,0.45022604761640406,0.20322605744381234,0.33635796976975696,0.11096513305708232,0.030340132645940456,-0.3655882622872025,-0.9817999952222541,-0.4513592790431355,0.4321016158555089,-0.9644886360853356,-0.3203634795881478,-0.7659273626138532,-0.5143118878683597,0.2172964797574198,0.5679710780350615,0.17066602103281125,0.626700622176083,0.2476756544868336,0.7973841715957747,-0.6394669763488154,-0.21984142154798078,-0.07149124608522807,-0.02789903425260837,72.0,0
162503.71970750878,1.2015795545857957,2.461717642358936,-2.7139584316717817,-0.42973388724009187,-0.8357858256307245,-3.326900904043675,0.015116747547726583,0.3878108871757471,0.023660847361829492,0.07991581206625736,-1.332084019612742,-0.06309374017028475,2.3139057974164152,-1.744611305653533,-0.41218267835386535,0.9972540114373996,-1.6696818507435263,-1.5960276484082354,1.1365002510650188,-0.4890332085312084,0.22791527639353293,-0.9895577909438836,0.03950243299268708,0.4557686791658319,-0.5014529173377614,-0.04373644553381298,-0.15969749284149012,-0.16804907681622383,123.06,0
162677.58723811334,-1.834574220517717,3.2601265523966223,-0.9440304053339637,-0.11449091630965072,-0.6202133782345405,-0.6624033836795505,2.0163143908411074,-0.1650658301803795,-0.8313079736357216,0.7038911196115836,1.4753850791495227,0.6836554502066786,-0.7016302874414039,-0.3303689300484769,0.1407446613481587,0.5843061258390064,0.007191805331881892,0.49948271626452667,-0.2069705605313632,-0.5639031787815723,0.838701769055359,-0.37120063450641694,0.8133883514826586,-0.08916922371121828,-0.4700651405164483,0.5144972060849076,-0.6602902163937927,0.32826638589764906,1.1,0
162927.253558452,2.12294445814598,0.008059424263750612,0.887358370983271,-4.488885632593005,-1.6807332316598178,1.6046730278162475,-1.763365955386979,-0.45335281900549024,-0.3334333078542314,-0.7772035599863071,-0.7111389531164539,0.994219064952721,0.7441468800644969,2.2327681893402627,-0.7809264210625482,0.0028897022752712893,1.4751668710113883,1.0850949964428531,-1.1893030936696143,0.7684846148056524,-0.8065721761197038,-1.3787952173231295,0.2125838778140736,-0.08771736995669399,0.006288237099015544,0.10822933424588221,-0.20470998483700822,0.12043656775130156,28.8,0
163247.9599978445,-1.0524853171497235,1.6811112929265732,0.7568354988374542,0.2982658749431074,-3.0546743257036337,-1.074643115698054,-1.5838325866767795,3.809304121825201,-0.000396862324680712,-0.47664666044461174,0.5466059030636533,0.8118710078675033,0.5640378052390443,0.3628294863823602,1.2528399411344233,-0.3641881058886449,0.5083317114939513,-0.7654129270961408,0.7043606891842313,0.9002806305430343,0.41638612413033715,0.5407877800521438,-0.43226650305018616,-0.700471443309636,0.1022495314554475,0.3661509440822988,-0.44211945418254295,-0.5919942936144338,155.19,0
163481.18293299468,1.5788268407719501,2.228984428866482,1.6277043275009773,-0.6915480334121702,-0.3195913485891324,-0.2939813318119622,-1.9906119240888291,1.095119056613551,-1.5205511397474878,-1.6230439395940242,1.395527027713168,-0.31951023117203176,0.3921259689848707,0.35663099111294366,-2.203184623914653,-0.34036371990846687,0.6514759934502597,-1.2910902252068033,0.40190040293622,0.8021580578609702,0.5517840709683931,-0.15525782016640152,0.06026042457106156,-0.16134482910658177,-0.07489346926044178,0.21475875917211662,0.22005161088134348,0.4237495528050806,62.98,0
163676.97618331172,0.7158905282569594,-1.230716238188106,-1.8221423515826054,2.2551196029004377,0.18719056005220214,-1.3917157273223733,0.4586992430377547,0.49989947329451395,-0.513325674644395,-2.517002790779436,-0.5103811617398063,0.0392071813685419,0.2839594988085085,0.348556172514774,-0.7163097216923102,0.1004715240613881,0.03442194974163895,0.6708553364121245,0.08529358028605531,1.5765942519615441,0.7209253610746623,0.3113753439026381,-0.2261374930823545,0.14886566612332755,-0.017826245841482027,-0.15341428617311056,0.3951126200826019,0.16559416269554053,46.75,0
163682.9828182048,3.5955976036181143,-0.8037597663634397,-3.519265646972712,0.02746790656685375,-0.07331102354261118,2.3888574101447824,0.20476952430746678,-0.2794617856002214,0.42509293401570547,-1.2168884620362985,0.5494012192107521,0.4010180618197189,0.37834299806771954,0.402714015000599,-0.46974444014317346,-0.9404756214608821,-0.13404584996460908,-1.3754745955578433,0.38076592781249446,0.9812018965755781,-1.0368250151948322,-1.0719203744531836,0.09926675891040077,0.6718588058927865,-0.5452714408159791,-0.48475690516389275,0.2953613672295853,-0.355139442367683,237.94,0
163885.14381660498,-0.4406807217431654,2.0453687556337483,1.305809609201416,-1.6833589371055806,-0.2010603725868387,2.251961817478364,1.8999452816040585,-0.5423336565966494,-1.4127719037982127,-1.7245248464297411,-1.0544884989303438,-1.7859471527042245,0.27390002894784643,-2.308867524958922,-2.608058221387039,-0.30353088695701763,-1.3447850843348303,1.018557778332401,-0.30461842187518456,-0.6096002429086852,0.1852453702770363,1.0153001309148368,-0.2573062925984938,-0.37530708810521307,0.15547552641914084,0.12745519019203097,0.1366799516287988,-0.12033559760124088,8.35,0
163959.82975307797,-0.6870702620294147,2.799311987839063,-1.257418893531208,-0.07054577224065649,0.058825708654948176,-1.1765863653178497,0.299591378190287,-0.1559806752728783,1.273764811361332,0.37166770662390014,2.514334756860023,0.56532387676854,-0.049943411735859984,-0.23185115695765401,-1.2819366369973624,-0.18633558653600474,-1.9659882452266297,-0.7557454385487017,0.014199721892549325,0.11325467096217015,1.256012984150188,-0.8677885584284609,-0.4147413407780998,-0.11411151676714287,0.6703399271029679,0.040047716210093585,-0.33950588773049484,-0.4456605135003771,85.12,0
164069.56760305128,-0.041200643685608246,0.9363945322324093,-3.066795238368163,-1.4811103355031903,1.4138560784396093,0.20154517248756237,-0.4981240511141955,0.3548220166945052,1.3985229442395684,-0.5679687632301259,0.9645741515417071,-1.4825037974011954,1.5131832121938553,-0.03648156101513743,0.5697954838619211,-1.190394542410397,0.1690883500802633,-0.9219020488378656,-0.10992146685087895,-0.2738592276783722,-0.0741116618626853,0.5607897861883799,0.12185067658948417,-0.5750169272269801,-0.08226514655417644,0.4418647318778175,0.08211105360404758,-0.059105221595759774,37.29,0
164117.82661753814,-0.5967436510619409,-1.4587057760614117,0.2220451876288492,0.670370284802487,-0.26407882177894293,-0.9047804216038005,0.001903868220203838,-2.265650504308478,-1.37713634555761,-0.590065811295101,-0.19460907537458036,2.0495404833524984,-1.3106252390425528,1.2419316066625135,0.024763907425504245,-0.7371099368571713,1.1396371847027973,0.20733748721381184,-0.4844104176377044,1.5692258350070332,0.35281229896497396,0.08437040124530745,0.03396903316027991,0.13787042517812886,-0.09243070436681369,-0.07344658837849162,0.31610985836391164,0.05078147905694903,6.54,0
164163.1074106427,1.5629376152002281,3.3007570997086972,1.2072478266964441,0.4120274736549903,-0.794634692638953,0.826544466060213,0.14467814787085426,-1.890598409432571,1.4956595802751735,-1.0804968246751407,-0.7903555268331893,-0.41936574868326715,1.0233816489532592,0.04642682696288865,1.4380327536774795,0.36726608878949496,0.2976466697071393,-0.8674736564522108,0.9659055540394221,0.8562870569711358,0.5703728783249031,-0.13866497826821125,0.6514607272614039,0.47682477379592486,0.04590192614361634,-0.14423360256786205,-0.23326721606198225,-0.11518906348681725,21.41,0
164193.4128414041,-3.1675788393664113,-0.879570931536296,-0.18400842267452397,1.3562715513758081,-0.38948515844807663,0.6858647384147598,-2.0594845002953615,-0.7662025356545665,-0.16128452443465366,-3.5516379447528976,-0.11389663522834034,-0.19756574259338208,0.8242753789295457,-1.5951426842862977,1.4124672913770853,0.012690306744707287,0.5406287100879299,-0.5909367915270308,-1.1529129289723898,-0.14170552468113398,-0.7529142552472343,-0.19723112371371332,-0.2543578680328396,0.3832745521869466,0.5857024305230988,-0.11143999663011056,0.04768462957593323,-0.15484180649713988,88.04,0
164223.50115655674,-2.066070658491966,-0.5544572459889647,-0.6944486847744441,-1.119720343185462,0.8005182187871632,1.0895110602891522,3.3381207074546766,0.2514996886989948,0.45912657368490567,1.6594741435143505,-0.3459282134364,-0.7881493272363261,0.7003381369911711,0.41696672780050786,0.39369877191736485,-0.2687399736834809,1.375404974699681,0.2954871813542762,1.9202415013454386,0.6812110863752887,1.3422959627413293,-0.4641707654680481,-1.213454665283513,-0.709137059830406,-0.46392612144473755,-0.4445992951221647,-0.05766823394026968,-0.5527738074792662,2.55,0
164257.3101336342,-2.093715645436988,0.5702585224902746,-0.24071634702911215,0.04823050923139606,1.9520860464298897,0.4482862791665726,0.6400396978370612,-0.28677440066970555,-0.5509833585946959,-1.0979271655759502,2.0083283039966204,-0.6470379838716817,1.118898398230594,-0.7786265162665668,0.2839532779943007,-0.8016410539604737,0.2842859325676425,-2.0294753309857483,0.7119415231207877,-0.9465162529306383,0.36454111281849105,0.9385458502317242,-0.22306876858490696,0.09024785811542939,0.7591567541754982,0.6989042764828001,0.6625485048420302,0.11484753121364222,79.88,0
164275.82643318223,1.8573221498633432,2.582074062148871,-0.5617951765704239,-1.9326376992875625,-0.8693994114954977,3.9277895526735707,0.25836897358787464,1.784020477489192,1.0159995905776091,-0.4517692647538074,-1.2551647710950973,2.285586291350707,-0.0906225000852313,-1.1787625479202763,0.05741736289259801,1.3985932709789552,-0.10820366074182206,1.3718317684882586,-1.450782686202966,0.1970463995214067,0.3791980254916736,0.007940694731005329,-0.9963740789391661,-0.40998638655517555,0.22226523371811496,0.5503704139771933,0.3395282855914791,-0.6594963762747699,279.87,0
164831.22667743108,3.345841661057279,1.4196580769992804,-2.047650310490199,0.9933162169728557,0.13612368012338052,-1.369112483255637,0.7574159881534785,-1.7857044696168314,0.44541745811601835,-1.5976416163033438,0.14155586316377522,0.9387455998757723,-1.8669121131988335,-0.8080188463859025,-2.435058986777866,-0.7366951962644165,-0.7132287743594464,0.03623148193039116,-0.18523340062167898,-0.7195131859004881,-1.2193656174714929,-0.9221210242389337,0.25439335959190307,0.614766858704913,0.01757691850776335,-0.5868598419405245,0.24296365282422755,0.010025915331241149,141.15,0
164852.38510208915,-0.20767082014162175,0.6906658221359733,-1.084862491716036,0.7347418373517164,0.4672383206043368,-2.281498515509239,0.8735039140932788,-0.9042195018621682,-0.9014249904702022,1.0698914783830933,-0.0156796011759509,-1.5753107974782896,-0.07031673698501109,0.5258906266323445,-1.2804072505269306,0.2267479849651168,1.7566552226204877,-1.0803527510448139,-0.1399315872181111,-1.29857617870895,0.5807410146805854,-0.2798011618418984,-1.0254472440474875,-0.09679981585964363,0.6352572991244039,0.38810881270270475,-0.6836279652165913,-0.616597446067872,37.76,0
164993.08157635463,-0.3336987047159806,0.7710556455707093,0.7939358265642023,0.7020827625560312,-1.3733994090261763,-0.5206715955344304,-0.1734324961486319,1.834627564961309,-1.2888934639544252,0.15921304490684451,-0.1174016891787758,1.5081340562936718,-0.9891742903230237,1.2199034816812204,0.08924358996321852,-0.42711381259729087,0.4562469007518246,-0.8500191378172702,0.3165305088790957,0.6091831722953227,0.3696042315977365,0.09190825311152692,-0.6055689155540914,-0.9211609659223062,-0.6137572717503933,-0.8923446085026835,0.06913817377040825,0.01667664039046637,13.24,0
166065.2622961821,0.1339663447231008,0.07416520363908054,0.49051942980492413,0.002371253979070847,0.027537908378171806,-2.090896632730318,-0.7778327835838785,0.15983637523255864,-1.6146092436823023,-0.9067726931203358,-0.10837284286734328,1.1941051193801893,-0.7298517016518515,0.46816648755724966,0.5613097431497567,0.03635915952434697,-0.8219771093790944,0.8281841681275062,-0.8084845837898905,0.7048784912615947,1.1886825335845146,0.650210578915123,-0.22212777563134264,-0.1323003663433028,0.2748389067144788,0.47576563504134395,-0.06147357041050589,-0.0027098585189037653,55.71,0
166086.0399042618,2.271533298599849,0.9285231548725914,0.2570017707902519,0.5873504243722416,-2.027674620678274,-1.989957825589871,0.7380612687359371,1.0686586508766176,0.20463290054954908,-0.42957616407685556,-0.11602637202501942,-0.29485047863622077,-1.2403877157876586,0.6126295090424358,0.26236434447999635,0.4089164024143294,-1.019834718117928,0.5018872392678664,0.02343004883616622,0.35668732469437603,-0.2295652961614856,-0.4399052881764627,0.9454527024993958,0.2793794541714081,0.22700376213201134,-0.33710689214888256,-0.06491710780133511,0.13747959403267038,44.45,0
166255.71899601305,-1.818744371769016,-4.197542402926059,-1.51120492348984,2.2716417438564847,-2.4472337616421043,-1.3335500006322993,0.47478905465509036,2.475082366442434,0.6290557581505094,1.8461922245116176,0.8995666415199601,0.29884085448121334,-0.47534953848022515,0.45858879466918523,-0.8204834199273426,-1.2073561500017633,1.087917442626346,1.1582744550533042,-0.10130355264737168,-0.1371441908281515,-0.7252070463072158,-0.3914058327196481,-0.6573359878444021,0.14920880517530835,-0.4851656001285736,0.17346468564898151,-0.6225629778119425,0.2946085644206397,317.53,0
166303.19298763727,0.46349543217578154,-0.49049086870462905,-0.27437303692327236,-0.40358235811827536,0.506499279426028,-1.227800203678885,-0.9978821048441792,-0.8348378170241899,0.7156934527335194,-0.07864934867571544,0.6284217125424169,-0.02596341877568522,-0.5946226619671525,0.0984148160183041,0.8556976942611058,-0.001570790579950342,-0.9035664420103946,-0.5705798683201116,-0.6034307259228978,-0.9728672576342353,-0.5014043933562788,0.01579085878665561,0.007396373024821295,-0.3095259812404774,0.242818397882988,-0.9331925316475369,-0.43307186806594455,0.3580512274942426,408.89,0
166337.94486902803,1.9060516319451306,0.40255628717686714,-3.307850290850458,0.19638479904419226,-0.5315838291910048,-1.271141100929838,1.747577940960797,-0.11801526759601388,-0.13302809407101493,-0.19820149990120073,0.43326505828390416,1.98110732191784,-2.3754835115470034,0.6755211488127422,1.3549579437188468,1.0571694759094923,1.6102583280322593,0.24753752265587714,-0.7167527269724435,-0.8918616737563011,-0.37151272057528806,0.6325208254224242,0.35502828061553465,-0.3541231443353912,0.1503492515454582,-0.5799351216369646,-0.026815448091601905,-0.5518501636925123,47.07,0
166437.1490350221,0.9778563343431965,-1.9089398595018547,0.27283655987991345,-1.5377531973146719,0.27904848484091815,0.6972727424099153,0.3610268930706541,-0.3267504391304352,-1.2798366312938498,-1.0331970695018842,-3.111989586092607,-0.8149938544349967,0.7021608396538689,-2.3434232480820083,0.8562320194582723,1.5618700183058025,-2.398172298202443,0.35612461005635915,0.7456956333357055,-0.7437022002614757,-0.8213380415711748,-0.99433927684573,0.9087706467204436,-0.5982576358487416,-0.09058031616540103,0.22605769380791085,0.4442276465984819,-0.020543063184462283,14.34,0
166505.82308120618,0.36797998530497955,0.6432813229169607,2.173555593113352,-1.2292805023916822,-0.02544646304829934,-0.6718256978049317,0.8986417624486259,-2.3550678749527547,-0.7556439851522428,-2.0809422759624407,0.31096234266761374,0.13657421593281438,2.222187991475787,0.10787284637511699,0.903507068755226,-0.11068400043494668,1.235316871904564,0.5805929211161329,-1.384489575119896,-0.17625874845053321,0.9439138386455311,0.3654598056312464,0.4761899282372337,-0.23848456194911222,0.45253232935980964,-0.33931001294074364,-0.2349758995572502,0.6878772035327323,215.02,0
166748.92994788804,1.9566575094364567,-0.33753026403408226,-2.2393136427816795,0.1385714567425286,-1.351025852117207,-0.23523253912424774,1.714179613601831,-0.37253368002084664,1.2690926426842766,-0.17435477539041774,-1.6967732843345829,-0.4432283920685262,0.6081806226299471,-1.0122392630127466,-0.5152328713962473,0.04113574855334897,0.4217705594478765,0.9414917557689352,0.3865696761842903,0.8341547873773248,0.971420505818916,-0.33792108046145175,0.6698054795899214,-0.5182460652174842,-0.29551610278439144,-0.4065263946017477,-0.15904882327745049,0.040161955825181145,140.48,0
166853.49025901925,-5.295543897473345,2.9162889946411052,-0.8891435260015431,1.563124024352777,-0.06328346394998162,1.1998068247472684,0.02665441595038339,1.0641003364928623,-0.5377135919938162,0.35932692671068744,0.6667560360131078,-1.4580063349312506,-0.200941778102753,1.1270218115851303,0.9825906379922732,1.9596287080470696,0.10155115278605073,-0.599418335516246,0.6469036036612996,0.8219863967701924,-0.14494957068157094,-0.23660965256882838,0.5291778485025902,0.5899037022131053,0.1435788611933466,0.6742285280235041,0.7098472271896891,-0.28524612202698346,63.75,0
167030.21949219375,1.3239568074542127,2.6133834652675296,0.5018111813489564,-0.3627857937751262,-1.706034818297592,-1.0194882652440704,0.39009595366264327,0.6535662031699966,0.15548957469132668,1.210207299138143,1.5170842391406176,2.202320051715625,-0.05277131320632416,-0.14235076726459073,0.130540212065634,1.0078250212492745,-0.15411361105528326,-0.09560137352108333,-0.18066579401154606,-1.2677013944973465,-0.2892823137926496,1.4510743122247427,-0.7407772453235265,-0.5458370988479915,-0.06603891399087078,1.068231109066185,-0.11796853135318165,-0.02790239822603277,40.49,0
167487.72373469535,-1.2837243466005028,-0.7713862662202855,1.905992995499207,-0.3339522537091996,1.92296837214487,-0.3488750053269165,0.9974371231636836,0.7482120250520664,-1.1900513800286516,-2.469961660864099,-0.9478639946734034,-1.2040593328628562,-0.41899324698204116,0.030221428000505177,0.4656139705250938,-0.5415481596427097,1.642337350187473,-0.5099364915650606,0.0400027138656447,-0.5307611510167095,-1.3318127620808413,-0.14376316378935425,0.22010625091636032,0.07532976428529925,-0.31790823573797716,0.45243027820740217,-0.051026286330511865,-0.13197177609141017,52.94,0
167516.73510651753,-3.5871770012289277,-0.24849022721438582,-0.6798194782012575,-0.5760246315731814,-1.875958454165332,0.49351473979543836,-0.8931483476283597,-0.4510444545384818,0.3686950334996923,-1.2351341358837862,-0.2656335420537633,0.211421729661007,0.09200973269632665,-1.4580957327062265,0.33176315327408074,-0.5430503787618228,0.6131925694488508,-0.04417625261860847,0.9449914673305561,-0.551533035717358,0.5085017818461561,0.5463730158739374,0.519594765116085,0.03406889958644192,0.2648476015964697,-0.5282986032814719,-0.04563022632301385,-0.4034025108828907,206.72,0
167536.4670006936,0.9976465227762831,-0.12084052647115315,-1.0507658544956482,-0.757076119268828,-0.2714625918746446,-2.590177342164148,0.06627071916808955,-0.7893713590244521,-0.5079742698096573,-0.6367856356053726,-0.6122375380726832,-1.7686922909475433,-0.03503386105926525,0.9854865460303529,-0.11425967217875582,0.8500988678696244,-0.7868529056604808,0.5832371583705857,-0.5767427221386168,-1.948855315307853,1.2101152133799074,0.5204121519717647,-0.5860483869637892,0.5750828472669857,-0.10570094644103002,0.8519472117611988,-0.5357509571583705,0.29694302566340336,18.18,0
167587.30222446637,2.6861546669602485,-0.7479015334195069,-2.9914513174988944,0.41772513223200985,-1.4421239146262925,-3.1826882930073936,0.1543364392520387,1.532175166592933,1.1524974648057862,-0.0022683628350255104,1.2716244341278353,-0.41386765766418665,-0.8390356933132304,0.6080802173356259,-0.7907474387762318,-0.8897199299764091,-1.4960701938454184,-1.3819857329799572,-0.4926889503815667,0.44069867040805105,-0.46839722040217985,-0.8574018291649728,-0.3552986633192196,0.6623022088717585,-0.7654683884504213,-0.7552709272474526,0.22807929135279567,0.19945172528759159,146.38,0
167592.6631747753,-0.27227653186810097,0.32569608808886286,0.15876959478188807,-2.119868717268471,0.7881744412613639,0.4672627667907191,-1.1779238373574212,-0.5979179564060707,0.8510038522892535,-0.15786148588860008,0.1007185146665218,0.4152464014097594,1.6847802591580106,0.5398857156712069,-0.0782142577714741,0.9660910763750327,0.15259039471807082,0.9265303360100988,-0.40621643981475036,-0.18589079947931256,-0.08705534647101315,-1.340175239959188,-0.49214877821937164,0.42352871033123685,-0.9365330242869513,-0.14768973209422706,-0.2598159964384105,-0.4575148937713867,1.63,0
167593.44862718091,1.8623477106846893,-1.2569431240553839,3.1057160424800054,1.813744557598671,-0.45905646080622,0.6622507860671419,2.854422201330138,0.356333090828342,-0.5499402025858642,-0.13220094604569504,1.7777054182206495,-0.843717381874641,-1.4851105577592563,-0.7875390597782972,0.9009076949239457,0.29988096227534256,-0.0024922714623813636,-0.9518835939624226,0.9464824572889229,-0.08328190520764087,0.3167575554194386,0.5944699081920864,0.4730222735940763,0.21531928628327862,0.41407059656025,0.02597415227264572,-0.01169787735561779,-0.03254958500649899,225.54,0
167916.16963752024,3.1533220979540375,-1.8750747376148014,0.42314795220492424,-0.9420838797028589,-0.7179964768831216,2.763468814987583,-1.7337285287937017,0.1986809151046216,-0.1426118420769744,0.4501318505566011,0.42796970625576225,0.581700518641831,0.7202696043275505,-0.749379135472723,-0.4073726523546708,0.46206897349723686,-1.3230128549163387,-0.25699830606598545,1.0498957000638833,1.0421941461656596,1.2621260694059053,-0.7874004014370548,-0.04263554591647215,-0.6353676776373662,-0.6338526864749717,0.92953879629562,0.17731466147102815,-0.19455679570146234,61.77,0
168128.43977678457,2.5711460366002292,1.0357223190350688,-0.03233447071384604,1.022212634560488,1.1792499226869446,0.21597495555189059,-1.5992352536034253,1.764240656237359,-0.6110990650803289,-0.9913308013959288,0.2520838684173002,-0.2825594061245549,-0.09922032038022909,0.2168897925481354,0.8153391734122889,-0.2227347450376474,-0.04972296868361378,1.038948745697645,-1.1395811711608126,0.07211684893536806,0.1449114187515784,-1.208693541913037,-0.1967164464125108,-0.647642618174684,0.14830483453916687,0.4406576330826583,0.7741731512836094,-0.548957081884327,22.9,0
168367.62760625224,3.207526019845115,1.047041866471959,0.49113320443727265,-1.7980955903750386,0.04000316291731867,1.1002485166024414,1.6184803140169899,1.1730425065586794,-1.569500005102579,1.0283543885387678,0.0731800362871292,1.1606192394060888,1.9027132483503184,-0.67269552572404,0.6721881883046418,-0.552636737221781,-0.5005694276220529,0.2737903146093914,0.8169107441028162,-0.32826770161807756,0.14172656874509287,0.7433426351352697,-0.7852115215356126,-0.5121837500800863,0.03127586917555307,-0.22467599306826674,-0.5247016307015937,-0.48501100996459157,0.25,0
168619.43251449027,1.4497491049937759,-1.3333662700641102,-0.01532901717075117,0.9470809212427381,0.7138030857057681,-0.2565601417382085,0.8782526099683856,-1.5600575463607838,-0.9492052206464231,0.47800327127907694,0.8430196281380191,1.364281092468107,0.3428207366065473,0.42162134677254354,-0.27680598652877364,1.2970321202225064,0.0065162933232664035,0.28341417242311856,0.6643318843345238,0.4452936200491809,0.12992057947450308,-0.7408771878341286,-0.041479858724263734,0.4574882569783392,-0.1895470231709208,-0.45727820043061285,0.3448802472555869,-0.4340454746172079,73.01,0
169341.78874872814,0.1445021474413949,1.4883544604049932,-1.2343407064689687,0.9514765101872534,-1.3578381847847942,0.40192222984320225,-1.2640302781408679,-1.4301887720458586,0.2159744941231365,-0.3499979011543208,-1.781014603727638,-0.603387603982402,-0.3579158411812376,-2.0935686007370244,1.2691791334588451,-0.213895419453223,0.6295945616452748,-0.9865053327251256,1.2627206551531875,0.8208043381820438,-1.045702476858516,-0.561727014197881,-0.34784372835304694,0.045616763435936826,1.0229139916100716,0.48393642598140074,0.34637064437684933,-0.020619652154625467,24.96,0
169747.1659728719,-3.139494731527657,-1.0465940494524275,1.2530096193835778,0.5440656000831745,-1.9435116125833851,2.232936234909859,0.7477160626980623,0.6997719163354464,0.3561967191136834,1.761255880607924,0.0907755718509434,0.0666151377516669,-0.24572287541269278,-0.4721688531142774,-0.32866067097366924,-0.359085681100119,1.296191316576086,-0.8724414149513221,0.31100946528595586,0.23268935273326635,-1.0616462317232245,1.431336904373868,0.14884148794185964,0.5283414290926556,0.09631143549645971,-0.25831991489682476,-0.25397509500874527,-0.15740566762503097,88.84,0
170096.82160812817,-0.484919948332788,0.4222180277079937,0.3447148343881101,-1.407919508205822,0.1475665782162605,-2.8339843059047203,1.8077051918355915,-0.07584117381184173,0.16115209037042047,1.7123508760200734,-0.06877100618656162,0.17438608039698233,0.04187724422039996,1.7411877626951584,1.3797844216741466,-0.06658084486834374,0.7886741652405693,0.7860890010796913,-0.03870307130151579,0.5356332348915424,-0.5935549622080569,-1.2054664977012717,-0.7002574981581478,0.609761163488072,0.39664186992343636,0.1042636469348381,0.23911691428270945,-0.3290150390637687,29.4,0
170172.6804510997,-1.654081380474465,1.363823742458588,0.028306182254409416,0.35341092114718126,-0.44165181889938177,0.557473578362281,-0.03758321152303645,-0.5471000418003926,-0.33584349374044126,1.0269847051746988,0.7479703274562957,0.614568058591039,-1.1407635080074157,0.426071575569705,0.394688615456792,0.17495745081694297,-0.6288188748453348,-0.49238817195596823,0.9301041143400441,-0.10829448109824313,0.7407386255659515,-0.9127354098285478,0.1087642445620679,-0.43950809949217473,0.15113717172784724,-0.6626281858273161,0.6550068171292167,-0.13478508649116158,8.2,0
170312.51326667893,4.247070125918037,-0.05387809935139558,-1.4811333800050648,-1.6749949602624046,0.8656391747335291,2.8588486764354917,3.200770772152506,1.2263565774960297,1.027061083570013,-3.316402287331188,-0.18957305444462244,0.0036510708531238105,-0.7648603403295593,0.16184816937868712,-0.017509565378787964,-0.9072172684557168,0.3191929214792454,-0.41366819912624775,0.5665903936032919,-0.059148968857284365,-0.24721912722786749,-0.3347544077647441,-0.26905449828875705,0.020576637517226402,-0.11811322322186703,0.2746640074412471,-0.3044733139734715,0.2553209952939931,62.62,0
170373.0958200815,-0.3475287122395377,0.7568652592314815,1.9830099142730049,-0.35780531340602445,-0.11120895675087127,0.3816171213115642,-2.123905236938223,0.22776992861128897,0.0673271008095928,1.737114535213693,-1.063368193704899,0.18120926389431574,-1.7828860306171534,1.9238075929192515,-0.8162115253409957,-0.4952024213659469,0.053307622889763595,0.8050480015856504,1.8257748440758674,0.09117933284488533,-0.38955782063933403,-0.17553418340073984,-0.7653833893494553,-0.006777431559593434,-0.007332158156730684,0.23572153131856874,0.09648051325420276,0.12150827531508258,74.01,0
170409.32696011954,0.23802809092338537,-0.8554301695602854,1.0119545847012168,1.4576114954607287,0.2829137786720667,2.2106386036957137,0.854304112304233,0.06498760874667443,0.7734062626488123,0.8751464180501872,0.010696229176235503,-0.25667267955734235,-0.920960237879453,-2.263173524076904,-0.08382350850619147,-0.5422091331665206,-1.159782786131942,-0.8773097278493492,0.7781960612391499,-0.5769581674404163,-0.4024330267932208,-0.6496863833197873,-0.8131497132060462,-0.19784195467683596,0.7631694876351466,-0.6006798147480197,0.16154981826500364,0.3423980609647461,53.65,0
170461.94286943655,1.0765117640222321,-0.32424131034430825,-0.8389694437707796,1.1281187742081034,-2.245780264620027,-0.8362433093458227,1.4365542796799968,0.9420352400215664,-1.960603324782766,2.206977143189418,-1.1086539804389683,0.10550085125797032,0.09587444540669145,-0.7897562578665921,-0.18962205441465482,0.7517102266344583,0.3446832078552447,0.22469075355241822,0.12240801918785395,-0.434204288014725,-0.10235001636951556,-0.841897237456491,-0.7211147350457073,-0.3235142831384379,0.5700072008368712,0.49816254817855987,0.21309223342089703,-0.07878306085646762,54.54,0
170483.4260483751,0.08218333788784588,-0.3398349101673062,1.5244178941651498,0.021576219224505335,2.610944696609049,-0.03814607756903234,1.0975982225442031,-0.4505621609294076,-4.332138648120835,1.3617634189745385,-1.9736076555181044,1.2998327132734517,0.3021331351935027,-0.3884798275033981,-1.1555888067065083,-0.7791239973333672,1.6127259888819379,0.03561930461745228,-0.9589406341817477,1.0668854130781737,1.245777619678935,1.0943971363456642,-0.12661890689285554,0.7201975690357806,1.0204725788930429,0.2676491609106896,0.30675834877343555,0.5480576092496693,79.31,0
170526.16754907658,3.3153738734413998,-1.2375131094988832,-0.7548312548038313,-1.3801370505122579,-0.227839317530586,0.04948969939747972,-0.2520203571391298,1.8930200293815156,0.31042276997035617,1.736452367901435,0.7497195488976601,0.641564925440511,-1.9772624476327376,0.83192865133243,-0.2023142115036117,-1.5482406399596926,0.026632394286181277,-0.0024685668369603835,-0.47580046569441886,1.5529233513040652,-0.1122721172112228,0.18960426895172797,0.07390693506550093,0.032653382783430614,0.11819542357784017,0.3572092247330987,0.06653570600071983,0.11855831549991283,66.54,0
170593.4169365879,-1.2221981899519758,-0.29154880432227304,-1.1872007008981549,0.9141581248113867,0.9640403437525799,-2.9590762927094922,-0.35805574484189046,-0.9484741197515748,-1.5753856807562487,0.9673642172010849,0.5976985009246418,0.6972799291753883,-0.13523267145644224,0.8486963515624745,-0.7392682994966565,-1.73510416892947,-1.387625848679402,-0.4333196559364313,-1.1722131747715911,1.232209494759462,-0.5776554544348688,0.4233706039223599,0.16506271337255016,0.009087335892446343,-0.4546517583375878,-0.18355042731495802,0.20482860712600692,-0.16800705339352845,12.66,0
171057.20847512342,0.3778195249537939,-2.5690252118914683,-1.1533016367088669,0.027520530677219705,-1.1569842136540454,-1.556558907440048,0.5467650380141112,0.7938457424977943,-0.2372996033796078,1.4840245192182628,0.4827330285636248,0.7193091553475319,0.5653554308767735,-0.8388774442137155,0.5337983416671702,-1.2958893953669106,0.024756175655156705,-0.4846287875959137,-0.17781811951284104,-1.0167586419138344,0.017020335163765412,-0.10077740632157234,0.18817152216728739,-0.4861375761373764,-0.22708323524346333,0.0859997388247011,-0.3628381003952273,0.031209324017760807,19.55,0
171073.38486721585,-1.4567830560334118,-0.8134682170192482,-2.6906902130543986,-3.2852257569529817,0.4252687219558158,-1.4612643757599868,1.0044916117378688,1.730618552281824,-0.3362452428293751,2.1934737373420314,1.3409263921673729,-0.16619381370747635,-0.16093193103740372,0.9671962118590595,1.193590295278354,1.208206118416216,-1.0568251340083405,-0.9010770224065903,0.7516111709461446,-1.0912755532454905,1.2845966940056162,0.20880927806058217,-0.46478944290310537,0.41092991823433506,-0.6167379054328537,0.030131760757842234,0.06561888234703273,-0.42792251805859166,13.62,0
171151.36449658035,-2.5875087874361458,-0.4710139657531991,0.7183292263811143,1.108194269965991,-1.8024876111486725,1.103357645847627,0.7417845149646095,-1.6589757272826002,1.7492792929726877,0.23959201553636647,-0.6796703438703406,0.3110902522744661,-0.6317858339976268,-0.39055491345431187,-1.126843750628925,0.018610081024740117,0.749302322552036,0.4029874451075953,-0.005644044477509412,-0.9145118118921621,-0.3699346848877547,0.675675490840517,0.648059609083638,-0.6089418556588608,0.40259187950081393,-0.07212712043184581,-0.1894866632092985,-0.1054444324396827,105.24,0
171576.37305104613,-1.2008968979858277,-0.4233745356343514,-2.7820129465558265,-0.03423206540946922,0.62449586899606,1.1702978402436428,1.2807753978322332,-0.4122500161720778,0.43868740751480767,-1.7266185017451372,-1.4662427606190938,-1.1067184341820573,-0.4101689466174699,1.1742452815063202,1.565515485452242,0.4475040573821681,0.4547837983242622,-0.5583885109596218,0.8295226046780466,0.10766152654921253,-0.8668860257565266,-0.7240963876813018,-0.2710602531873754,0.27721443564968157,-0.30290082169865246,0.08191365561264419,-0.4896669528738211,0.14659673739891968,66.96,0
172210.87235167425,-0.07569141495676995,-0.3989996040551201,-1.8658399470662472,1.7026139549170212,-0.49299818485650837,0.4377521554271514,-1.2552912449348996,1.3789832558956396,0.1802591648427363,-0.3363994517090225,-0.0687538934817062,1.2704136654897,-0.5387649980138641,-1.0003383680811446,-0.12073030462784676,0.47866347322873426,-0.15015901286939426,0.8090523236598991,0.2722936451307919,-2.1626409040648404,-0.36859118515021977,0.19094648255118382,0.27551065762897553,0.29379866088435763,-1.5905547460727019,0.6068361779860995,-0.20255509154717957,0.20880431428315413,50.03,0
172251.89572496494,-0.8436649819695231,-0.10061422864809283,-3.153593844552648,-1.5507003788774234,0.03967112986735953,1.1060798087382187,-0.2808618927000329,1.3971147134810775,0.9210182360298399,0.4301810917394251,-0.3536458343527971,-2.8212024583062867,-0.6347276064448522,-0.11924755382674092,-0.8961059575184503,0.05395962610336144,-0.2894923137864826,-0.1878154475715657,-0.3309653350338426,-0.4502029871658335,0.0928754772362599,0.5038172397722055,-0.1007451109941773,-0.24926730590117496,1.2873418680246664,0.5191062472067819,0.10763003153770824,-0.14104339067124771,142.57,0
172743.2162024571,-1.358796408164885,0.7978721388224845,-0.129303489946414,-4.497774680528237,0.9645756340669713,-0.21469734289638354,-1.1581634788921686,-0.2050497840771002,0.40392056517894187,0.08387324319790422,-0.8616753908956954,-0.09887784143348878,0.17578766190507342,-0.4747101593984692,0.6911350480117995,-0.06184505763591084,-0.18608845157695894,-0.8844413852656335,0.06871508246072898,1.0894253081321092,0.5028445610129705,1.1196491964507695,0.22986268164657053,0.19390832558334792,-0.29491481882112947,-0.5717932690122314,0.17389821190059995,0.9353956850474465,35.1,0
